pdb_id,release_date,title,matches_nanobody_kw,matches_antibody_kw
8W70,2024-09-11,Structure of Gemtuzumab Fab,False,True
8ULF,2024-09-11,Crystal structure of Plasmodium vivax CelTOS in complex with antibody 7g7,False,True
8VVH,2024-09-11,rat GluN1a-2B Fab 003-102 local refinement,False,True
8VUY,2024-09-11,Rat GluN1-2B with Fab 003-102,False,True
8VUV,2024-09-11,Human GluN1-2B with Fab 007-168 Local refinement of ATD,False,True
8VUU,2024-09-11,Human GluN1-2B with Fab 007-168,False,True
8VUQ,2024-09-11,Human GluN1-2A with Fab 008-218 Local refinement of ATD,False,True
8VUN,2024-09-11,Human GluN1-2A With Fab 008-218,False,True
8Y53,2024-09-11,Cryo-EM structure of the MK-5046-bound BRS3-Gq complex,True,False
8VUL,2024-09-11,Human GluN1-2A with Fab 003-102 Local refinement of ATD,False,True
8VUJ,2024-09-11,Human GluN1-2A with Fab 003-102,False,True
8TV5,2024-09-11,Structure of the EphA2 LBDCRD bound to FabS1CE_L1 in a 2:1 (EphA2 to Fab) ratio,False,True
8YSH,2024-09-11,MERS-CoV RBD in complex with nanobody Nb14,True,False
8YSF,2024-09-11,MERS-CoV RBD in complex with nanobody Nb9,True,False
9IMA,2024-09-11,Cryo-EM structure for the GPRC5D complexed with Talquetamab Fab,False,True
9CLP,2024-09-11,Structure of ecarin from the venom of Kenyan saw-scaled viper in complex with the Fab of neutralizing antibody H11,False,True
9JBQ,2024-09-11,Structure of the complex between h1F3 Fab and PcrV fragment,False,True
8TX3,2024-09-11,Fab 3864-6 in complex with influenza HA H3-VIC11,False,True
8TXU,2024-09-11,Fab 3864-10 in complex with influenza HA H3-SING16,False,True
8TYC,2024-09-11,Lassa GPC (strain Josiah) bound to rabbit polyclonal base-targeting antibody Base-1,False,True
8TYE,2024-09-11,Lassa GPC (strain Josiah) bound to rabbit polyclonal fusion-peptide-targeting antibody FP-1,False,True
8YXI,2024-09-11,Crystal structure of SFTSV Gn in complex with a neutralizing antibody 40C10,False,True
9D3G,2024-09-11,Cryo-EM structure of CCR6 bound by SQA1 and OXM1,True,True
8V8K,2024-09-11,Crystal Structure of Nanobody NbE,True,False
9D3E,2024-09-11,Cryo-EM structure of CCR6 bound by SQA1 and OXM2,True,True
8UKH,2024-09-11,Crystal structure of Plasmodium falciparum CelTOS in complex with antibody 4h12,False,True
8WCG,2024-09-18,Crystal structure of SARS-CoV-1 RBD in complex with nanobody aSR29 and aSR347,True,False
8ZL9,2024-09-18,ASFV p72 in complex with Fab G6,False,True
9F34,2024-09-18,Cryo-EM structure of Dopamine 3 receptor:Go complex bound to bitopic FOB02-04A - Conformation B,False,True
8S4K,2024-09-18,Crystal structure of Fab-2B1 in complex with rocuronium,False,True
8VYM,2024-09-18,Soluble ectodomain of human cytomegalovirus (HCMV) glycoprotein B (gB) in the postfusion conformation in complex with 1G2 and 7H3 Fabs,False,True
8S4H,2024-09-18,Crystal structure of scFv-1B6 in complex with rocuronium bromide,False,True
8VS8,2024-09-18,Crystal structure of ADI-19425 Fab in complex with anti-idiotypic 1D3 Fab,False,True
8RTX,2024-09-18,Crystal Structure of an Anti-idiotype Fab Fragment,False,True
8U70,2024-09-18,Crystal structure of malaria transmission-blocking anti-Pfs48/45 antibody RUPA-58.,False,True
9F33,2024-09-18,Cryo-EM structure of Dopamine 3 Receptor:Go complex bound to bitopic FOB02-04A - Conformation A,False,True
8VYN,2024-09-18,"Soluble ectodomain of human cytomegalovirus (HCMV) glycoprotein B (gB) stabilized in a prefusion-like conformation in complex with 1G2 and 7H3, composite map (global and local) and model",False,True
8RTW,2024-09-18,Crystal Structure of the Anti-testosterone Fab in Complex with Testosterone,False,True
8VS7,2024-09-18,Crystal structure of ADI-19425 Fab in complex with anti-idiotypic 2C1 Fab,False,True
8YW4,2024-09-18,Cryo-EM structure of the retatrutide-bound human GIPR-Gs complex,True,False
8YW3,2024-09-18,Cryo-EM structure of the retatrutide-bound human GLP-1R-Gs complex,True,False
8XPY,2024-09-18,Structure of Nipah virus Malaysia string G protein ectodomain monomer bound to single-domain antibody n425 at 3.63 Angstroms overall resolution,False,True
8XQ3,2024-09-18,Structure of Nipah virus Bangladesh string G protein ectodomain tetramer bound to single-domain antibody n425 at 5.87 Angstroms overall resolution,False,True
8XPS,2024-09-18,Structure of Nipah virus Bangladesh string G protein ectodomain monomer bound to single-domain antibody n425 at 3.22 Angstroms overall resolution,False,True
9CK7,2024-09-25,Lineage IV Lassa virus glycoprotein (Josiah) in complex with polyclonal antibody (GPC-A epitope) from rabbit 187,False,True
8R38,2024-09-25,BIIG2 anti-integrin Fab,False,True
9CK8,2024-09-25,Lineage IV Lassa virus glycoprotein (Josiah) in complex with polyclonal antibody (GPC-A epitope) from rabbit 189,False,True
8U9Y,2024-09-25,CryoEM structure of neutralizing antibody HC84.26 in complex with Hepatitis C virus envelope glycoprotein E2_New interface,False,True
9CJ8,2024-09-25,Lineage IV Lassa virus glycoprotein (Josiah) in complex with rabbit polyclonal antibody (LAVA01-like epitope),False,True
9CJ7,2024-09-25,Lineage IV Lassa virus glycoprotein (Josiah) in complex with monoclonal antibody 8.9F,False,True
9DN4,2024-09-25,Crystal structure of a SARS-CoV-2 20-mer RNA in complex with FAB BL3-6S97N,False,True
8ZDW,2024-09-25,The cryoEM structure of H5N1 HA split from symmetric filament in conformation A,False,True
8VCV,2024-09-25,Lineage IV Lassa virus glycoprotein (Josiah) in complex with rabbit polyclonal antibody (GPC-C epitope),False,True
8VE8,2024-09-25,Lineage IV Lassa virus glycoprotein (Josiah) in complex with rabbit polyclonal antibody (GP1-A epitope),False,True
8UY6,2024-09-25,Aquaporin Z with ALFA tag and bound to nanobody,True,False
8QJ2,2024-09-25,Structure of active state MC4R in complex with a potent ligand mimicking nanobody,True,False
8WG4,2024-09-25,mouse TMEM63b in DDM-CHS micelle with YN9303-24 Fab,False,True
8WFM,2024-09-25,Crystal structure of Omicron BA.1 in complex with a neutralizing antibody scFv T11,False,True
8WFH,2024-09-25,Crystal structure of Omicron BA.4/5 in complex with a neutralizing antibody scFv D1,False,True
8WEO,2024-09-25,Bacteroides fragilis toxin in complex with neutralization nanobody,True,False
9GP2,2024-09-25,apoJ22.9 Unliganded structure of an Fab fragment from the therapeutic antibody J22.9-xi,False,True
8VSJ,2024-10-02,Engineered peptide-specific binder in complex with HLA-DR1/CLIP,False,True
8WJX,2024-10-02,ADP-bound purinergic receptor 1 in complex with miniGs/q,True,False
9AXP,2024-10-02,Crystal Structure of HY11-7E1_Hu3 Fab in Complex with Carfentanil,False,True
8VGW,2024-10-02,VRC01 Fab bound to the HIV-1 CH848 DE3 SOSIP,False,True
9G5K,2024-10-02,Cryo-EM structure of apo human SLC19A3 in inward-open state,True,False
8VH1,2024-10-02,CH235.12 Fab bound to the HIV-1 CH505.M5 SOSIP,False,True
8VH2,2024-10-02,CH235.12 Fab bound to the HIV-1 CH505.M5 SOSIP,False,True
8S4U,2024-10-02,Cryo-EM structure of apo human SLC19A3 in outward-open state,True,False
9AXR,2024-10-02,Crystal Structure of HY18-5B1_Ch Fab in Complex with Fentanyl,False,True
8VGV,2024-10-02,DH270.6 Fab bound to the HIV-1 CH848 DE3 SOSIP,False,True
9BHB,2024-10-02,Cryo-EM structure of human monoclonal antibody C74 targeting PFD1235w (CIDRa1.6) PfEMP1,False,True
9FA8,2024-10-02,Streptococcal Protein G antibody-binding domain C2 - variant 3,False,True
9AXN,2024-10-02,Crystal Structure of Anti-Fentanyl Antibody HY11-6B2_Mu Fab in Complex with Fentanyl,False,True
9AXQ,2024-10-02,Crystal Structure of HY11-7E1_Hu3 Fab in the Apo Conformation,False,True
9AXO,2024-10-02,Crystal Structure of Antibody HY11-7E1_Ch2 Fab in Complex with Fentanyl,False,True
8VDG,2024-10-02,Cryo-EM structure of human monoclonal antibody C74 targeting IT4VAR22 CIDRa1.7,False,True
9AXS,2024-10-02,Crystal Structure of HY18-5B1_Ch Fab in the Apo Conformation,False,True
8VDF,2024-10-02,Cryo-EM structure of human monoclonal antibody C7 targeting IT4VAR22 CIDRa1.7 (PfEMP1 A),False,True
8RRT,2024-10-09,Structure of rabbit RyR1 reconstituted into lipid liposomes in open state in complex with FKBP and Nb9657,True,False
8VDL,2024-10-09,HB3VAR03 CIDRa1.4 domain with C7 Fab,False,True
8V5L,2024-10-09,Structure of the Varicella Zoster Virus (VZV) gI binding domain of glycoprotein E (gE) in complex with human Fab 1A2 and 1E12,False,True
8V5P,2024-10-09,Crystal Structure of the C-terminal domain of the VZV gE ectodomain in complex with the Fab of human antibody 5A2,False,True
8RRS,2024-10-09,"Structure of mouse RyR2 solubilised in detergent in open state in complex with Ca2+, ATP, caffeine and Nb9657.",True,False
8WYS,2024-10-09,Local map of human CD5L bound to IgM-Fc/J,False,True
8K19,2024-10-09,Neutralization antibody ZCP3B4 bound with SARS-CoV-2 Omicron BA.5 RBD,False,True
8WYR,2024-10-09,Cryo-EM structure of human CD5L bound to IgM-Fc/J,False,True
8QP6,2024-10-09,Crystal structure of Hepatitis C Virus E1 glycoprotein epitope 314-324 scaffold design 1W4K_08 in complex with neutralizing antibody F(ab) fragment IGH526,False,True
8RS0,2024-10-09,Structure of RyR1 in detergent in primed state in complex with nanobody and FKBP,True,False
8UG2,2024-10-09,Crystal structure of de novo designed metal-controlled heterodimer of mutant B1 immunoglobulin-binding domain of Streptococcal Protein G MCHeT_A + MCHeT_C,False,True
8V5S,2024-10-09,VZV glycoprotein E C-terminal domain (cleaved) in complex with human Fab 5A2,False,True
8UG0,2024-10-09,Crystal structure of de novo designed metal-controlled heterodimer of mutant B1 immunoglobulin-binding domain of Streptococcal Protein G MCHeT_A + MCHeT_B,False,True
8RRX,2024-10-09,"Structure of RyR1 reconstituted into lipid nanodisc in primed state in complex with Ca2+, ATP, caffeine and Nb9657",True,False
8YN2,2024-10-09,Cryo-EM structure of histamine H1 receptor in complex with histamine and miniGq,False,True
8K18,2024-10-09,Neutralization antibody ZCP4C9 bound with SARS-CoV-2 Omicron BA.5 RBD,False,True
8YN3,2024-10-09,Cryo-EM structure of histamine H2 receptor in complex with histamine and miniGs,True,False
8YN5,2024-10-09,Cryo-EM structure of histamine H3 receptor in complex with histamine and Gi,False,True
8YN6,2024-10-09,Cryo-EM structure of histamine H3 receptor in complex with imetit and Gi,False,True
9GYO,2024-10-09,CryoEM structure of Gs-coupled GPBAR with small molecule agonist P395,True,False
8RRW,2024-10-09,Structure of RyR1 in detergent in open state in complex with FKBP and Nb9657.,True,False
8YN9,2024-10-09,Cryo-EM structure of histamine H4 receptor in complex with histamine and Gi,False,True
8YNA,2024-10-09,Cryo-EM structure of histamine H4 receptor in complex with immepip and Gi,False,True
8VQD,2024-10-09,HER2 S310F in complex with TL1 Fab,False,True
8RRU,2024-10-09,Structure of RyR1 reconstituted into lipid liposomes in primed state in complex with FKBP and Nb9657.,True,False
8YN4,2024-10-09,Cryo-EM structure of histamine H2 receptor in complex with histamine and miniGq,False,True
8UDR,2024-10-16,Structure of the P1B7 antibody bound to the Sotorasib-modified KRas G12C peptide presented by the A*03:01 MHC I complex,False,True
8UP2,2024-10-16,Murine Fab JAR 4 bound to meningococcal Factor H binding protein,False,True
9ASD,2024-10-16,VIR-7229 Fab fragment bound the SARS-CoV-2 BA.2.86 spike trimer (local refinement of the BA 2.86 RBD/VIR-7229 VHVL),False,True
8REK,2024-10-16,Plasmodium vivax Apical Membrane Antigen 1/Fab complex,False,True
9AU1,2024-10-16,SARS-CoV-2 XBB.1.5 RBD bound to the VIR-7229 and the S309 Fab fragments,False,True
9AU2,2024-10-16,VIR-7229 Fab fragment bound the BA.2.86 spike trimer (global refinement),False,True
8YN7,2024-10-16,Cryo-EM structure of histamine H3 receptor in complex with immethridine and miniGo,False,True
8YN8,2024-10-16,Cryo-EM structure of histamine H3 receptor in complex with proxyfan and miniGo,False,True
8WPY,2024-10-16,"Cryo-EM structure of SARS-CoV-2 receptor-binding domain (RBD) complexed with CB6 mutant,S309, and S304 antibodies",False,True
8WPW,2024-10-16,"Cryo-EM structure of SARS-CoV-2 XBB.1.5 receptor-binding domain (RBD) complexed with CB6 mutant,S309, and S304 antibodies",False,True
8REL,2024-10-16,Fab of an anti-PvAMA1 monoclonal antibody,False,True
8VLT,2024-10-16,Crystal structure of glycan-targeting antibody 2526 Fab bound to Mannose,False,True
9ATM,2024-10-16,SARS-CoV-2 EG.5 RBD bound to the VIR-7229 and the S2H97 Fab fragments,False,True
8YHZ,2024-10-23,The co-crystal structure of the Fab fragment of Ab-1080 with NaV1.7 VSDII peptide,False,True
9GWZ,2024-10-23,Crystal structure of 23ME-00610 Fab,False,True
9GWT,2024-10-23,crystal structure of 23ME-00610 Fab in complex with human CD200R1,False,True
8S6M,2024-10-23,SARS-CoV-2 BQ.1.1 RBD bound to the S2V29 and the S2H97 Fab fragments,False,True
8VEG,2024-10-30,Crystal structure of an engineered conformationally rigid anti-Tryptase Fab variant E104.v1.4DS.S112F,False,True
8VGQ,2024-10-30,CryoEM structure of GNE-1952-alkylated KRAS G12C in complex with engineered conformationally rigid Fab 2H11.4DS,False,True
8US0,2024-10-30,Human antibody S8V1-157 in complex with the A/American black duck/New Brunswick/00464/2010(H4N6) HA head domain,False,True
8VGM,2024-10-30,CryoEM structure of Nav1.7 in complex with engineered conformationally rigid Fab 7A9.4DS,False,True
8VGL,2024-10-30,CryoEM structure of Nav1.7 in complex with wild type Fab 7A9,False,True
8VGK,2024-10-30,CryoEM structure of tryptase in complex with engineered conformationally rigid anti-tryptase Fab E104.v1.6DS,False,True
8VGJ,2024-10-30,CryoEM structure of tryptase in complex with engineered conformationally rigid anti-tryptase Fab E104.v1.4DS,False,True
8VGI,2024-10-30,CryoEM structure of tryptase in complex with engineered conformationally rigid anti-tryptase Fab E104.v1.2DS,False,True
8VGH,2024-10-30,CryoEM structure of tryptase in complex with wild type anti-tryptase Fab E104.v1,False,True
8VGG,2024-10-30,Crystal structure of an engineered conformationally rigid anti-Tryptase Fab variant E104.v1.6DS,False,True
8VGF,2024-10-30,Crystal structure of an engineered conformationally rigid anti-Tryptase Fab variant E104.v1.5DS,False,True
8VGE,2024-10-30,Crystal structure of an engineered conformationally rigid anti-Tryptase Fab variant E104.v1.4DS.A114F,False,True
8UYQ,2024-10-30,Consensus olfactory receptor consOR4 bound to 2-methylthiazoline and in complex with mini-Gs trimeric protein,True,False
8UY0,2024-10-30,Consensus olfactory receptor consOR2 bound to S-carvone and in complex with mini-Gs trimeric protein,True,False
8UXY,2024-10-30,Consensus olfactory receptor consOR1 bound to L-menthol and in complex with mini-Gs trimeric protein,True,False
8UXV,2024-10-30,Consensus olfactory receptor consOR51 in complex with mini-Gs trimeric protein,True,False
8URO,2024-10-30,Crystal structure of IgG1-Fc fragment (E382S) in complex with Corynebacterial ENGase CU43 (D187A-E189A),False,True
8VGP,2024-10-30,CryoEM structure of Angiopoietin-2 in complex with engineered conformationally rigid Fab 5A12.6DS,False,True
8RRN,2024-10-30,Crystal structure of the SARS-CoV-2 S RBD in complex with pT1616 Fab,False,True
8US8,2024-10-30,Crystal structure of B1E11K malarial antibody in complex with RESA repeat peptide,False,True
9FWW,2024-10-30,Human NKp30 in complex with a VHH variant,True,False
7LZ6,2024-10-30,The Cryo-EM structure of a complex between GAD65 and b96.11 Fab,False,True
9FKD,2024-10-30,Progesterone-bound DB3 Fab in complex with computationally designed DBPro1156_2 protein binder,False,True
9FXF,2024-10-30,VHH variant adression natural cytotoxicity triggering receptor 3,True,False
8R84,2024-11-06,pentameric IgMFc-AIM complex focused refinement,False,True
8ULJ,2024-11-06,Prefusion RSV F bound by neutralizing antibody 2E08,False,True
8ULK,2024-11-06,Prefusion RSV F bound by neutralizing antibody 1G12,False,True
9B8G,2024-11-06,2C9 Fab antibody fragment against the E protein of the Yellow Fever virus,False,True
9FVB,2024-11-06,Crystal structure of VcSiaP in complex with a VHH antibody (VHH_VcP#2),True,True
9FVC,2024-11-06,Crystal structure of VcSiaP in complex with a VHH antibody (VHH_VcP#1),True,True
9FVE,2024-11-06,Crystal structure of VcSiaP W73A mutant in complex with sialic acid and a VHH antibody (VHH_VcP#2),True,True
8VGN,2024-11-06,CryoEM structure of CD20 in complex with wild type Rituximab Fab,False,True
8VGO,2024-11-06,CryoEM structure of CD20 in complex with engineered conformationally rigid Rituximab.4DS Fab,False,True
8R83,2024-11-06,pentameric IgMFc-AIM complex global refinement,False,True
8WZ4,2024-11-06,Cryo-EM structure of prefusion-stabilized RSV F (DS-Cav1 strain: A2) in complex with nAb 5B11 (localized refinement),False,True
8ULH,2024-11-06,Fab of RSV neutralizing antibody 1G12,False,True
9II9,2024-11-06,Crystal structure of SARS-CoV-2 neutralizing antibody K4-66,False,True
9D7Y,2024-11-06,Crystal structure of scFv corresponding to human autoantibody b96.11,False,True
8YWA,2024-11-06,The structure of IgE receptor binding to IgE,False,True
8YWP,2024-11-06,Crystal structure of the Fab fragment of anti-IL-6 antibody I9H,False,True
8YWQ,2024-11-06,Crystal structure of the Fab fragment of the anti-IL-6 antibody I9H in complex with a domain-swapped IL-6 dimer,False,True
8YWR,2024-11-06,Crystal structure of the Fab fragment of the anti-IL-6 antibody 68F2 in complex with a domain-swapped IL-6 dimer,False,True
9CTU,2024-11-06,Cryo-EM structure of SARS-CoV-2 M (short conformation)bound to C1P,False,True
9CTW,2024-11-06,Cryo-EM structure of SARS-CoV-2 M (long conformation) in the presence of C1P,False,True
9ARV,2024-11-06,CryoEM structure of AMETA-A3,False,True
8PXO,2024-11-06,ABCG2 in complex with AZ99 and 5D3 Fab,False,True
8S79,2024-11-06,Lotus japonicus NFR5 intracellular domain in complex with Nanobody 200,True,False
8YVU,2024-11-06,structure of Ige receptor,False,True
8QCM,2024-11-06,ABCG2 in complex with MZ82 and 5D3 Fab,False,True
8PY4,2024-11-06,ABCG2 in complex with ko143 and 5D3 Fab,False,True
8Q7B,2024-11-06,ABCG2 in complex with MZ29 and 5D3 Fab,False,True
9BL9,2024-11-13,KIR3DL1*114 in complex with HLA-A*24:02 presenting the NEF peptide,False,True
8QZ7,2024-11-13,Structure of human ceramide synthase 6 (CerS6) in complex with N-palmitoyl fumonisin B1,True,False
8QZ6,2024-11-13,Structure of human ceramide synthase 6 (CerS6) bound to C16:0,True,False
8WZ3,2024-11-13,Cryo-EM structure of prefusion-stabilized RSV F (DS-Cav1 strain: A2) in complex with nAb 5B11,False,True
9DX6,2024-11-13,Crystal structure of Plasmodium vivax (Palo Alto) PvAMA1 in complex with human Fab 826827,False,True
8XCD,2024-11-13,Macaca fascicularis NTCP in complex with YN69083 Fab,False,True
8WZE,2024-11-13,Cryo-EM structure of prefusion-stabilized RSV F (DS-Cav1 sc9-10 strain: B18537) in complex with humanized nAb 5B11 (localized refinement),False,True
8WZ5,2024-11-13,Cryo-EM structure of prefusion-stabilized RSV F (DS-Cav1 sc9-10 strain: B18537) in complex with humanized nAb 5B11,False,True
8WWN,2024-11-13,"MCH-MCHR1-Gi complex,L1 state",False,True
8WWM,2024-11-13,"MCH-MCHR1-Gi complex, L2 state",False,True
8WWK,2024-11-13,"MCH-MCHR1-Gi complex, T1 state",False,True
9B2C,2024-11-13,Structure of the Porcine deltacoronavirus (PDCoV) receptor-binding domain bound to the PD33 antibody Fab fragment and the Kappa light chain nanobody,True,True
8WWJ,2024-11-13,"MCHR1-Gi complex,S2 state",False,True
8WWI,2024-11-13,"MCHR1-Gi complex,S3 state",False,True
8WWH,2024-11-13,"MCHR1-Gi complex,S1 state",False,True
9BL6,2024-11-13,KIR3DL1*114 in complex with HLA-A*24:02 presenting the TW9 peptide,False,True
9EOT,2024-11-13,Structure of human ceramide synthase 6 (CerS6) bound to C16:0 (nanobody Nb02),True,False
9BL2,2024-11-13,KIR3DL1*001 in complex with HLA-B*57:03 presenting the AW10 peptide,False,True
9BDG,2024-11-13,Influenza A virus Hemagglutinin H3/Darwin/6/2021 in complex with Fab ADI-85647,False,True
9BDF,2024-11-13,Influenza A virus Hemagglutinin H3/Darwin/6/2021 in complex with Fab ADI-85666,False,True
9DF0,2024-11-13,PDCoV S RBD bound to PD41 Fab (local refinement),False,True
8WWL,2024-11-13,"MCH-MCHR1-Gi complex, T2 state",False,True
9BT8,2024-11-13,Structure of Src in complex with beta-arrestin 1 revealing SH3 binding sites,True,True
9BLA,2024-11-13,KIR3DL1*086 in complex with HLA-A*24:02 presenting the NEF peptide,False,True
8ZRR,2024-11-13,Dimer-AB and Fab-hl complex of HBcAg,False,True
9BL3,2024-11-13,KIR3DL1*114 in complex with HLA-B*57:03 presenting the AW10 peptide,False,True
9CX9,2024-11-13,Structure of SH3 domain of Src in complex with beta-arrestin 1,False,True
9IVM,2024-11-13,Cryo-EM structure of the GLP-1(9-36)-bound human GLP-1R-Gs complex in the presence of LSN3318839,True,False
8ZRH,2024-11-13,HBcAg-D4 Fab complex,False,True
9CZ7,2024-11-13,Crystal structure of integrin avb6 headpiece in complex with compound 12,False,True
9CZA,2024-11-13,Crystal structure of integrin avb6 headpiece in complex with compound 18,False,True
8R2P,2024-11-13,YZwIdeal x16 a scaffold for cryo-EM of small proteins of interest crystallizing in space group 19 (P 21 21 21),False,True
9BL4,2024-11-13,KIR3DL1*086 in complex with HLA-B*57:03 presenting the AW10 peptide,False,True
9DEZ,2024-11-13,PDCoV S trimer bound by three copies of PD41 Fab,False,True
9BIO,2024-11-13,Structure of VRC44.01 Fab in complex with 3BNC117-purified C1080.c3 RnS SOSIP.664 HIV-1 Env trimer,False,True
9JA5,2024-11-13,Cryo-EM structure of Tdk1-Bdf1 complex,False,True
9CX3,2024-11-13,Structure of SH3 domain of Src in complex with beta-arrestin 1,True,True
8ZRE,2024-11-13,HBcAg-D4 Fab complex,False,True
9CZD,2024-11-13,Crystal structure of integrin avb6 headpiece in complex with compound 30,False,True
9CZF,2024-11-13,Crystal structure of integrin avb6 headpiece in complex with compound MORF-627,False,True
9BL5,2024-11-13,KIR3DL1*001 in complex with HLA-A*24:02 presenting the TW9 peptide,False,True
9JA6,2024-11-13,Cryo-EM structure of Tdk1 tetramer complex,False,True
9AXL,2024-11-13,Structure of the semi-extended AlphaIIbBeta3 in complex with R21D10 Fab,False,True
9C44,2024-11-20,SARS-CoV-2 S + S2L20,False,True
8P13,2024-11-20,"Cryo-EM structure of Rhodopsin-Gi bound with antibody fragments scFv16 and Fab79, conformation 1",False,True
9IVK,2024-11-20,cryo-EM structure of a tmFAP,False,True
8P15,2024-11-20,"Cryo-EM structure of Rhodopsin-Gi bound with antibody fragments scFv16 and Fab79, conformation 2",False,True
9BIF,2024-11-20,Fab B11-OspCA complex,False,True
9E6K,2024-11-20,Fully human monoclonal antibody targeting the cysteine-rich substrate-interacting region of ADAM17 on cancer cells.,False,True
8RWF,2024-11-20,Domains 1 and 2 of Bacillus anthracis Sap S-layer in complex with Nb692,True,False
8P12,2024-11-20,Cryo-EM structure of Rhodopsin-Gi bound to antibody fragment Fab13,False,True
9C45,2024-11-20,SARS-CoV-2 S + S2L20 (local refinement of NTD and S2L20 Fab variable region),False,True
9BCV,2024-11-27,Cyclase domain of GC-A bound to ANP,False,True
9BU6,2024-11-27,Vaccine elicited Fab C968.180 with influenza H10 JD13 HA trimer,False,True
8RJ7,2024-11-27,The crystal structure of the SARS-CoV-2 receptor binding domain in complex with the neutralizing nanobody 1.29,True,False
9IVG,2024-11-27,Cryo-EM structure of the GLP-1(9-36)-bound human GLP-1R-Gs complex,True,False
9BTU,2024-11-27,Human SCNN1B-SCNN1G ENaC dimers,False,True
9BU8,2024-11-27,Vaccine elicited Fab c115.131 with influenza H10 JD13 HA trimer,False,True
8UZC,2024-11-27,Structure of UT14 Fab in complex with the head domain of H3 (A/Singapore/INFIMH-16-0019/2016),False,True
8XFS,2024-12-04,LGR4-RSPO2-ZNRF3 RING domain (1:2:2),True,False
9DWE,2024-12-04,Cryo-EM structure of hemagglutinin H5 A/Texas/37/2024 in complex with LSTa and antibody CR9114,False,True
9B2W,2024-12-04,PIV3 HN with Fab 13,False,True
8Y2K,2024-12-04,The crystal structure of QX006N-Fab,False,True
8Y31,2024-12-04,The crystal structure of the QX006N-Fab/IFNAR1-SD123 complex,False,True
8TN7,2024-12-04,"The Crystal Structure of a human monoclonal antibody (aAb), termed TG10, complexed with a disaccharide",False,True
9EG6,2024-12-04,Crystal structure of the human Cavin1 HR1 HT/II mutant domain bound to nanobody B7,True,False
9FMB,2024-12-04,Crystal structure of human IgD-Fc,False,True
8TN4,2024-12-04,"The Crystal Structure of a human monoclonal antibody (aAb), termed TG10, used to study poly-N-acetyl-glucosamine broadly expressed in biofilm-forming pathogenclonal antibody",False,True
9B82,2024-12-04,Crystal structure of SARS-CoV-2 receptor binding domain in complex with neutralizing antibody COVA2-15,False,True
9DZQ,2024-12-04,CryoEM structure of the human antibodies PIV3HN-05 and PIV3HN-13 in complex with the parainfluenza virus hemagglutinin-neuraminidase protein,False,True
8XFP,2024-12-04,the pentamerA complex of LGR4-RSPO2-ZNRF3(delta RING),True,False
8TN5,2024-12-04,"The Crystal Structure of a human monoclonal antibody (aAb), termed TG10, complexed with a GlcNH2",False,True
8JKH,2024-12-04,CryoEM structure of sNS1 complexed with Fab 4B8,False,True
8JQS,2024-12-04,CryoEM structure of sNS1 complexed with Fab 14G5,False,True
9DH2,2024-12-04,Structure of Fab in complex with NKG2D extracellular domain,False,True
8K7R,2024-12-04,Human Fc epsilon RI in complex with hIgE Fc (TMD disordered),False,True
9ERW,2024-12-11,Mouse CNPase catalytic domain with nanobody 8C,True,False
8Y4W,2024-12-11,Sialic acid bound form of Tripartite ATP-independent Periplasmic (TRAP) transporter from Fusobacterium nucleatum.,True,False
8RBY,2024-12-11,The crystal structure of the SARS-CoV-2 receptor binding domain in complex with the neutralizing nanobody 1.26,True,False
8ZPU,2024-12-11,Crystal structure of the anti-phosphorylated peptide C7 scFv antibody with peptide bound,False,True
8JKF,2024-12-11,CryoEM structure of sNS1 complexed with Fab 3G2,False,True
8JQN,2024-12-11,CryoEM structure of sNS1 complexed with Fab 2E11,False,True
8V5Q,2024-12-11,Varicella Zoster Virus (VZV) glycoprotein E (gE) gI binding domain in complex with human Fab 1E3,False,True
8ZXW,2024-12-11,Crystal structure of the anti-phosphorylated peptide C7 Fab antibody with peptide bound,False,True
9B2M,2024-12-11,Hemagglutinin H1 New Caledonia 1999 in complex with monoclonal antibody Fab 43_S0008,False,True
8V8F,2024-12-11,Crystal structure of the anti-UTag intrabody in complex with UTag,False,True
9ETJ,2024-12-11,Mouse CNPase catalytic domain with nanobody 10E,True,False
9ETL,2024-12-11,Mouse CNPase catalytic domain with nanobody 8D,True,False
8Y57,2024-12-11,Anti MDMA antibody 1bB11 complex,False,True
8Y4X,2024-12-11,Apo form of Tripartite ATP-independent Periplasmic (TRAP) transporter from Fusobacterium nucleatum.,True,False
8YVJ,2024-12-18,Crystal structure of the C. difficile toxin A CROPs domain fragment 2592-2710 bound to H5.2 nanobody,True,False
8XRQ,2024-12-18,SARS-CoV-2 BA.1 spike RBD in complex bound with VacBB-639,False,True
8JAP,2024-12-18,Cryo-EM structure of SARS-CoV-2 WT RBD in complex with W328-6H2 (local refinement),False,True
8JAG,2024-12-18,Cryo-EM structure of SARS-CoV-1 RBD in complex with W328-6H2 (local refinement),False,True
9AWY,2024-12-18,"Structure of full-length amyloidogenic immunoglobulin light chain H9 in complex with 3-(2-(4-(3-ethyl-3-phenylpyrrolidin-1-yl)-6-methyl-2-oxopyridin-1(2H)-yl)ethyl)-8-(imidazo[1,5-a]pyrazin-8-yl)-1,3,8-triazaspiro[4.5]decan-2-one",False,True
9AX3,2024-12-18,"Structure of full-length amyloidogenic immunoglobulin light chain H9 in complex with 4-(3-ethyl-3-phenylpyrrolidin-1-yl)-1,6-dimethylpyridin-2(1H)-one",False,True
8YNT,2024-12-18,"Cryo-EM structure of SNAP-94847-bound MCHR1, S2 state",False,True
8S6Z,2024-12-18,CD28 in complex with the antibody Fab fragment AI3,False,True
8YVO,2024-12-18,Crystal structure of the C. difficile toxin A CROPs domain fragment 2639-2707 bound to C4.2 nanobody,True,False
8JQM,2024-12-18,CryoEM structure of sNS1 complexed with Fab 4F10,False,True
8VC7,2024-12-18,Crystal Structure of Human BTN2A1 ectodomain in complex with Antagonist 2A1.9 Fab,False,True
8V93,2024-12-18,Cryo-EM structure of E. coli FimH lectin domain bound to Fabs 329-2 and 454-3,False,True
8V5V,2024-12-18,"Structure of a SARS-CoV-2 spike S2 subunit in a pre-fusion, open conformation",False,True
9EKF,2024-12-18,CryoEM structure of H5N1 A/Texas/37/2024 HA bound to Fab 65C6 and an auto glycan occupying the receptor-binding site,False,True
9AX2,2024-12-18,Structure of full-length amyloidogenic immunoglobulin light chain H9 in complex with 2-(1-methyl-3-oxo-5-(2-phenylpropoxy)isoindolin-2-yl)ethyl (3-(1H-imidazol-4-yl)benzyl)carbamate,False,True
9AX1,2024-12-18,Structure of full-length amyloidogenic immunoglobulin light chain H9 in complex with 2-(6-methyl-2-oxo-4-(2-phenylpropoxy)pyridin-1(2H)-yl)ethyl (3-(1H-imidazol-4-yl)benzyl)carbamate,False,True
9AWX,2024-12-18,"Structure of full-length amyloidogenic immunoglobulin light chain H9 in complex with 1-(1-(imidazo[1,5-a]pyrazin-8-yl)azetidin-3-yl)-3-(2-(6-methyl-4-(3-methyl-3-phenylpyrrolidin-1-yl)-2-oxopyridin-1(2H)-yl)ethyl)urea",False,True
9JQT,2024-12-18,Structure of interleukin receptor common gamma chain (IL2Rgamma/CD132) in complex with 2D4,True,True
8YNS,2024-12-18,"Cryo-EM structure of SNAP-94847-bound MCHR1, S1 state",False,True
8TMU,2024-12-18,HLA-B*73:01 bound to a 10mer peptide in complex with KIR2DL2,False,True
9COO,2024-12-25,Nanobody 4 bound to Apolipoprotein B 100,True,True
8XTY,2024-12-25,Structure of human VAChT in complex with vesamicol,False,True
9D3D,2024-12-25,Cryo-EM structure of PGT145 R100aS Fab bound to HIV-1 BG505 DS-SOSIP.664 Env trimer,False,True
8XTX,2024-12-25,Structure of human VAChT in an apo conformation,False,True
8XTW,2024-12-25,Structure of human VAChT in complex with acetylcholine,False,True
8YBM,2024-12-25,Crystal structure of nanobody SEB-Nb6 bound to staphylococcal enterotoxin B (SEB),True,False
8YBN,2024-12-25,Crystal structure of nanobody SEB-Nb8 bound to staphylococcal enterotoxin B (SEB),True,False
8YBO,2024-12-25,Crystal structure of nanobody SEB-Nb11 bound to staphylococcal enterotoxin B (SEB),True,False
8YBP,2024-12-25,Crystal structure of nanobody SEB-Nb20 bound to staphylococcal enterotoxin B (SEB),True,False
9CBN,2024-12-25,HAstV1 spike in complex with neutralizing Fabs 3H4 and 3B4,False,True
8YBL,2024-12-25,Crystal structure of nanobody SEB-Nb3 bound to staphylococcal enterotoxin B (SEB),True,False
9CN2,2024-12-25,Human astrovirus 2 spike bound to neutralizing scFv 4B6,False,True
8ZPP,2024-12-25,Local CryoEM structure of the SARS-CoV-2 BA.5 in complex with ORB10 Fab,False,True
8T6M,2024-12-25,Human leukocyte antigen bound by two alloreactive antibody Fabs,False,True
9D1W,2024-12-25,Cryo-EM structure of PGDM1400 Fab bound to HIV-1 BG505 DS-SOSIP.664 Env trimer,False,True
9ERU,2024-12-25,Mouse CNPase catalytic domain with nanobody 7E,True,False
9C7F,2024-12-25,Human monoclonal antibody MAD24-01 bound to the N-terminus of cleaved circumsporozoite protein,False,True
8T7R,2024-12-25,Crystal structure of human leukocyte antigen A*0101 in complex with the Fab of alloreactive antibody E07,False,True
9C79,2024-12-25,Human monoclonal antibody MAD21-101 bound to the N-terminus of cleaved circumsporozoite protein,False,True
8QGX,2024-12-25,Complex between human neutrophil elastase with nanobody NbE201,True,False
9F01,2024-12-25,Complex between D-SH2 domain of ABL with monobody 'DAM21,True,False
9C7D,2024-12-25,Human monoclonal antibody MAD22-38 bound to the N-terminus of cleaved circumsporozoite protein,False,True
8QGZ,2024-12-25,NbE201 a nanobody binding human neutrophil elastase,True,False
8UME,2024-12-25,Influenza A virus Hemagglutinin H5/Vietnam/1204/2004 in complex with D04 Fab,False,True
9BDT,2024-12-25,Apolipoprotein B 100 bound to LDL receptor and legobody,True,True
9BDE,2024-12-25,Middle Region of Apolipoprotein B 100 bound to Low Density Lipoprotein Receptor,True,True
9IYA,2025-01-01,Cryo-EM structure of GPR55-Fab-Nb-ONO-9710531 complex,True,True
9FQO,2025-01-01,Crystal structure of C0083 Fab targeting the oxidized macrophage migration inhibitory factor (oxMIF),False,True
9H76,2025-01-01,Bacterial LAT transporter BASC in complex with L-Ala and NB53,True,False
9L1S,2025-01-01,Structure of the HER2 (S310F) - pertuzumab (T30S/D31A) complex,False,True
9MML,2025-01-08,RB1 Fab bound to 1A6 anti-idiotype Fab,False,True
9CHT,2025-01-08,Human E3 ligase E6AP in complex with HPV16-E6 and p53,False,True
8ZHQ,2025-01-08,SFTSV Gn in complex with JK-8/12 Fab,False,True
8XX3,2025-01-15,Structure of CXCR2 bound to CXCL3 (CXCR2-CXCL3-Go Full map),False,True
8XX6,2025-01-15,Structure of CXCR2 bound to CXCL8 (CXCR2-CXCL8-Go Full map),False,True
8XXH,2025-01-15,Structure of CXCR2 bound to CXCL2 (CXCR2-CXCL2-Go Full map),False,True
9BNS,2025-01-15,Rhesus macaque ITS114.01 Fab in complex with SIV MPER peptide,False,True
8XS2,2025-01-15,Crystal structure of Fab fragment of anti-osteocalcin C-terminal peptide antibody KTM219 with addition of fluorophore TAMRA,False,True
8XXR,2025-01-15,Structure of CXCR2 bound to CXCL6 (CXCR2-CXCL6-Go Full map),False,True
8JZP,2025-01-15,Structure of mouse C5a-human C5aR1-Go complex,False,True
9BLX,2025-01-15,Rhesus macaque ITS111.01 Fab in complex with SIV MPER peptide,False,True
8XXX,2025-01-15,Structure of CXCR2 bound to CXCL6 (Composite map),False,True
9CQ4,2025-01-15,G115 gamma delta TCR/CD3 complex bound by OKT3 Fab,False,True
9BP1,2025-01-15,Rhesus macaque ITS110.01 Fab in complex with SIV Env MPER peptide,False,True
9CQL,2025-01-15,Dimeric 9C2 gamma delta TCR bound by Fab 3,False,True
9MMV,2025-01-15,RB1 Fab bound to 1D4 anti-idiotype Fab,False,True
8XS1,2025-01-15,Crystal structure of Fab fragment of anti-osteocalcin antibody KTM219 complexed with C-terminal peptide antigen,False,True
9CQ8,2025-01-15,Dimeric 9C2 gamma delta TCR extracellular domain bound by Fab 2,False,True
9HK1,2025-01-15,PD1 signaling receptor bound to FAB Complex,False,True
9CQ7,2025-01-15,G115 TCR extracellular domain bound to Fab 1,False,True
9J7Y,2025-01-15,the complex structure of MPXV M1R and nanobody M1R-01,True,False
9IND,2025-01-22,Integrin alpha-v beta-8 in complex with the Fab of 130H2,False,True
8XWV,2025-01-22,Structure of CXCR2 bound to CXCL1 (CXCR2-CXCL1-Go Full map),False,True
8XWZ,2025-01-22,Non-crystalline proximal tubulopathy and crystalline cast nephropathy-causing Bence-Jones protein PT-CN: An entire immunoglobulin kappa light chain dimer,False,True
8Z74,2025-01-22,Cryo-EM structure of APJR complex with agonistic antibody,False,True
9G95,2025-01-22,Lipid III flippase WzxE with NB10 nanobody in outward-facing conformation at 2.7552 A,True,False
9G9M,2025-01-22,Lipid III flippase WzxE with NB10 and NB7 nanobodies in outward-facing conformation - crystal 1,True,False
8Z4E,2025-01-22,Structure of human 18_14D scFv and 1G01 scFv in complex with influenza virus neuraminidase from A/Yunan/DQ001/2016 (H5N6),False,True
8VQF,2025-01-22,X-ray crystal structure of natural Can f 1 in complex with human IgE 1J11 Fab,False,True
9JS4,2025-01-22,Cryo-EM structure of neutralizing antibody 8G3 in complex with BA.1 RBD,False,True
9DRX,2025-01-22,Human GABAA receptor of beta2-alpha1-beta2-alpha1-gamma2 subtype in complex with GABA plus Lamotrigine,False,True
9DNG,2025-01-22,Structure of rat beta-arrestin 1 by fiducial-assisted cryo-EM,False,True
8Z7J,2025-01-22,Cryo-EM structure of APJR-Gi complex with agonistic antibody,False,True
9G9O,2025-01-22,Lipid III flippase WzxE with NB10 and NB7 nanobodies in outward-facing conformation - crystal 2,True,False
8XQJ,2025-01-22,Cryo-EM structure of human dimeric APJR complex with antagonistic antibody,False,True
9G97,2025-01-22,Lipid III flippase WzxE with NB10 nanobody in outward-facing conformation at 0.9688 A,True,False
9EXA,2025-01-22,SARS-CoV-2 M protein dimer (short form) in complex with Fab-B and CIM-834,False,True
9BHM,2025-01-22,Human proton sensing receptor GPR68 in complex with miniGs,True,False
9G9N,2025-01-22,Lipid III flippase WzxE with NB10 and NB7 nanobodies in inward-facing conformation - crystal 1,True,False
9DNM,2025-01-22,Structure of rat beta-arrestin 1 bound to allosteric inhibitor,False,True
9G9P,2025-01-22,Lipid III flippase WzxE with NB10 and NB7 nanobodies in inward-facing conformation - crystal 2,True,False
8TII,2025-01-22,Human ACKR3 phosphorylated by GRK2 in complex with Arrestin2 in nanodisc,True,True
9BHL,2025-01-22,Human proton sensing receptor GPR65 in complex with miniGs,True,False
9E7W,2025-01-29,Canine parvovirus subtype 2a empty capsid in complex with Fab fragments of Mab 3G6,False,True
9AXD,2025-01-29,HIV BG505.v5.2 (N289/N241) SOSIP Env in Complex with gp120-Interface pAb from Rh.33203,False,True
9AXI,2025-01-29,HIV 16055.v8.3 SOSIP Env in Complex with Base and N625 Epitope pAbs from Rabbit 2463,False,True
9BAO,2025-01-29,The Anti-Mullerian Hormone prodomain in complex with the growth factor and 6E11 Fab in C2 symmetry,False,True
9E80,2025-01-29,Canine parvovirus subtype 2a empty capsid in complex with Fab fragments of Mab 2C5,False,True
9AY6,2025-01-29,HIV BG505.v5.2 (N289/N241) SOSIP Env in Complex with V5 pAb from Rh.33203,False,True
9KT3,2025-01-29,Structure of EG.5.1 S trimer with 2 down-RBDs complex with antibody CYFN1006-2.,False,True
9AXK,2025-01-29,HIV 16055.v8.3 SOSIP Env in Complex with Base and N611 Epitope pAbs from Rabbit 2463,False,True
9E7Z,2025-01-29,Canine parvovirus subtype 2a empty capsid in complex with Fab fragments of Mab 3G6,False,True
8V13,2025-01-29,Crystal structure of Black mamba toxin in complex with Centi-SNX-B03 antibody,False,True
9E7X,2025-01-29,Canine parvovirus subtype 2a empty capsid in complex with Fab fragments of Mab 2C5,False,True
9BAN,2025-01-29,The Anti-Mullerian Hormone prodomain in complex with the growth factor and 6E11 Fab in C1 symmetry,False,True
9E60,2025-01-29,Canine parvovirus subtype 2a empty capsid in complex with Fab fragments of Mab 7C8,False,True
8Y3H,2025-01-29,Cryo-EM structure of dengue virus serotype 2 strain D2Y98P-PP1 N153Q mutant in complex with human antibody 2D22 Fab at 37 deg C,False,True
9E89,2025-01-29,CPV2a capsid complexed with scFv2,False,True
8Y3K,2025-01-29,Cryo-EM structure of dengue virus serotype 2 strain D2Y98P-PP1 in complex with human antibody 2D22 Fab at 37 deg C,False,True
9ATZ,2025-01-29,HIV 16055.v8.3 SOSIP Env in Complex with V2 Epitope and Anti-Immune Complex pAbs from Rabbit 2464,False,True
8Z6R,2025-01-29,Structure of XBB.1.16 S trimer with 3 down-RBDs complex with antibody CYFN1006-1.,False,True
8Y3I,2025-01-29,Cryo-EM structure of dengue virus serotype 2 strain D2Y98P-PP1 N153Q mutant in complex with human antibody C10 Fab at 37 deg C,False,True
8Y3L,2025-01-29,Cryo-EM structure of dengue virus serotype 2 strain D2Y98P-PP1 in complex with human antibody C10 Fab at 37 deg C,False,True
9E8D,2025-01-29,CPV2a capsid complexed with scFv1,False,True
8Z6X,2025-01-29,Structure of EG.5.1 RBD in complex with antibody CYFN1006-2.,False,True
8W2E,2025-01-29,SARS-CoV-2 M protein dimer in complex with JNJ-9676 and Fab-B,False,True
8Z6T,2025-01-29,Structure of XBB.1.16 RBD in complex with antibody CYFN1006-1.,False,True
9C0V,2025-01-29,Crystal structure of chimeric hemagglutinin cH5/1 in complex with broad protective antibody 3E1,False,True
9DQ5,2025-02-05,Crystal structure of Anti-CTLA-4 Fab (9D9) in complex with mouse CTLA-4,False,True
9AWE,2025-02-05,The crystal structure of an engineered Protein GF with Human Kappa Fab,False,True
9DQ3,2025-02-05,Crystal structure of engineered Ipilimumab (mipi.4) Fab in complex with human CTLA-4,False,True
9AVO,2025-02-05,The crystal structure of an engineered Protein GD with Human Kappa Fab,False,True
9JNN,2025-02-05,Structure of native di-heteromeric GluN1-GluN2B NMDA receptor in rat cortex and hippocampus,False,True
8ZNZ,2025-02-05,CD73 bound with HB0045,False,True
8TQ6,2025-02-05,Crystal structure of Fab.B1.23.2 in complex with MHC-I (HLA-B*44:05),False,True
8TQ5,2025-02-05,Crystal structure of Fab DX17 in complex with MHC-I (HLA-B*44:05),False,True
9B9K,2025-02-05,Integrin alpha-5 beta-1 in complex with MINT1526A Fab,False,True
8XKJ,2025-02-05,Ckappa domain of human immunoglobulin,False,True
8XKK,2025-02-05,Ckappa domain of mouse immunoglobulin,False,True
8XLB,2025-02-05,Clamda3 domain of human immunoglobulin,False,True
9D6F,2025-02-05,Cryo-EM structure of E. coli FimH lectin domain bound to Fabs 440-2 and 454-3,False,True
9MJ4,2025-02-05,Yeast V-ATPase Vo proton channel bound to nanobody 2WVA149,True,False
9E76,2025-02-05,Yeast V-ATPase Vo proton channel bound to nanobody 1WVA25,True,False
8XLK,2025-02-05,Structure of native tri-heteromeric GluN1-GluN2A-GluN2B NMDA receptor in rat cortex and hippocampus,False,True
8XLC,2025-02-05,Clamda1 domain of human immunoglobulin,False,True
8TQ4,2025-02-05,Crystal structure of Fab M142 in complex with MHC-I (H2-Dd),False,True
9E7L,2025-02-05,Yeast V-ATPase Vo proton channel bound to nanobody 2WVA7,True,False
9DQ4,2025-02-05,Crystal structure of engineered Ipilimumab (mipi.4) Fab in complex with mouse CTLA-4,False,True
9B9J,2025-02-05,Integrin alpha-5 beta-1 in complex with BIIG2 Fab,False,True
8YOR,2025-02-12,Complex of HARSWHEP and a-HARSWHEP Fab,False,True
8Z95,2025-02-12,Humanized anti-PEG h6.3 Fab in complex with PEG,False,True
9MQI,2025-02-12,"Inactive Mu-Opioid Receptor with Nb6M, NabFab, and isoquinuclidine compound #020_E1",True,False
9MQK,2025-02-12,"Inactive Kappa-Opioid Receptor with Nb6M, NabFab, and isoquinuclidine compound #020_E1",True,False
8Z6W,2025-02-12,Structure of EG.5.1 S trimer with 3 down-RBDs complex with antibody CYFN1006-2.,False,True
8Z6S,2025-02-12,Structure of XBB.1.16 S trimer with 2 down-RBDs complex with antibody CYFN1006-1.,False,True
9MI6,2025-02-12,Crystal structure of human FcRn in complex with nipocalimab Fab fragment,False,True
8YGU,2025-02-12,Cryo-EM structure of simian rotavirus SA11 VP4 in complex with nAb 7H13-I54G mutant (right side),False,True
8TME,2025-02-12,"Cryo-EM structure of CorA in complex with conformation-specific synthetic antibody C18 and 100 uM MgCl2, State MG0.1-1B",False,True
8TMO,2025-02-12,"Cryo-EM structure of magnesium depleted CorA in complex with conformation-specific synthetic antibody C18, State MGD-1C",False,True
8Y9U,2025-02-12,Crystal structure of nanobody MY6323 bound to human serum albumin (HSA),True,False
9G6S,2025-02-12,Fab-IP2 in complex with rocuronium,False,True
8TMI,2025-02-12,"Cryo-EM structure of CorA in complex with conformation-specific synthetic antibody C18 and 100 uM MgCl2, State MG0.1-2C",False,True
8TMJ,2025-02-12,"Cryo-EM structure of CorA in complex with conformation-specific synthetic antibody C18 and 100 uM MgCl2, State MG0.1-2D",False,True
8YGT,2025-02-12,Cryo-EM structure of simian rotavirus SA11 VP4 in complex with nAb 7H13-I54G mutant (left side),False,True
8TMK,2025-02-12,"Cryo-EM structure of magnesium depleted CorA in complex with conformation-specific synthetic antibody C18, State MGD-2C",False,True
9G6R,2025-02-12,Fab-IP8 in complex with rocuronium,False,True
8TMQ,2025-02-12,"Cryo-EM structure of magnesium depleted CorA in complex with conformation-specific synthetic antibody C18, State MGD-1A",False,True
8TMH,2025-02-12,"Cryo-EM structure of CorA in complex with conformation-specific synthetic antibody C18 and 100 uM MgCl2, State MG0.1-2B",False,True
8TML,2025-02-12,"Cryo-EM structure of magnesium depleted CorA in complex with conformation-specific synthetic antibody C18, State MGD-2B",False,True
8TMM,2025-02-12,"Cryo-EM structure of magnesium depleted CorA in complex with conformation-specific synthetic antibody C18, State MGD-2A",False,True
8YP1,2025-02-12,Crystal structure of HARS WHEP domain fused with Fc,False,True
8RWB,2025-02-12,Crystal structure of ULBP6 in complex with a blocking antibody,False,True
8Y01,2025-02-12,Cryo-EM structure of Medium-wave-sensitive opsin 1,False,True
9FY8,2025-02-12,L2A5 Fab in complex with STn-Thr,False,True
8YGS,2025-02-12,Cryo-EM structure of simian rotavirus SA11 VP4 in complex with nAb 7H13,False,True
9FXT,2025-02-12,L2A5 Fab in complex with STn-Ser,False,True
8Y9S,2025-02-12,Crystal structure of nanobody MY6321 bound to human serum albumin (HSA),True,False
9G6Q,2025-02-12,scFv IP11 in complex with rocuronium,False,True
8TMG,2025-02-12,"Cryo-EM structure of CorA in complex with conformation-specific synthetic antibody C18 and 100 uM MgCl2, State MG0.1-2A",False,True
8Y9T,2025-02-12,Crystal structure of nanobody MY6322 bound to human serum albumin (HSA),True,False
9GOY,2025-02-12,Crystal structure of Fab E2-RecA in complex with CD38,False,True
8TMB,2025-02-12,"Cryo-EM structure of CorA in complex with conformation-specific synthetic antibody C12 and 20 mM MgCl2, State MG20-1",False,True
9GOX,2025-02-12,Crystal structure of Fab B6-D9 in complex with CD38,False,True
9LJJ,2025-02-12,cryo-EM structure of a nanobody bound heliorhodopsin,True,False
8TMF,2025-02-12,"Cryo-EM structure of CorA in complex with conformation-specific synthetic antibody C18 and 100 uM MgCl2, State MG0.1-1C",False,True
8TMN,2025-02-12,"Cryo-EM structure of magnesium depleted CorA in complex with conformation-specific synthetic antibody C18, State MGD-1D",False,True
8TMC,2025-02-12,"Cryo-EM structure of CorA in complex with conformation-specific synthetic antibody C12 and 20 mM MgCl2, State MG20-2",False,True
8TMD,2025-02-12,"Cryo-EM structure of CorA in complex with conformation-specific synthetic antibody C18 and 100 uM MgCl2, State MG0.1-1A",False,True
8TMP,2025-02-12,"Cryo-EM structure of magnesium depleted CorA in complex with conformation-specific synthetic antibody C18, State MGD-1B",False,True
9BDI,2025-02-19,Crystal structure of HIV-1 MPER scaffold in complex with antibody Fab Ab45.2,False,True
8YBY,2025-02-19,State - I: Spike 2-up RBD with THSC20.HVTR26 (Fab26) - single Fab masked,False,True
9BDH,2025-02-19,Crystal structure of HIV-1 MPER scaffold in complex with antibody Fab Ab45.1,False,True
8QV5,2025-02-19,Structure of human SPNS2 in LMNG,True,False
8QV6,2025-02-19,Structure of human SPNS2 in DDM,True,False
9DM0,2025-02-19,Cryo-EM structure of the SFV009 3G01 Fab in complex with A/California/04/2009,False,True
9CQD,2025-02-19,Antibody 2B11 bound to the central conserved domain of RSV G,False,True
9CQB,2025-02-19,Antibody 1G8 bound to the central conserved domain of RSV G,False,True
9CQA,2025-02-19,Structure of antibody 1G1 bound to the central conserved region of RSV G,False,True
9ETH,2025-02-26,Complex structure of IL-36R D1-D2 domain with 36R-P192 and BI655130 Fab,False,True
8ZPM,2025-02-26,Cryo-EM strucutre of CXCR4 complexed with antagonist AMD070,True,False
8ZPN,2025-02-26,Cryo-EM strucutre of CXCR4 complexed with antagonist AMD3100,True,False
9ETI,2025-02-26,Complex structure of IL-36R D1-D2 domain with 36R-D481 and BI655130 Fab,False,True
9EGN,2025-02-26,Crystal structure of the human Cavin1 HR1 domain bound to nanobody B7,True,False
9HVW,2025-02-26,Respiratory Syncytial Virus Fusion protein in the postfusion conformation in complex with monoclonal antibody 131-2a Fab,False,True
8XXZ,2025-02-26,Structure of CXCR3 in the apo-state (Full map),False,True
8YEI,2025-02-26,HPV18 L1 pentamer in complex with Fab F5-203,False,True
8Y9Z,2025-02-26,Structure of the SecA-SecY complex with the substrate HmBRI-3TM,True,False
8YEH,2025-02-26,HPV16 L1 pentamer in complex with Fab F5-196,False,True
8YEG,2025-02-26,HPV11 L1 pentamer in complex with Fab F5-187,False,True
8YEF,2025-02-26,HPV6 L1 pentamer in complex with Fab F5-77,False,True
8YA2,2025-02-26,Structure of the SecA-SecY complex with the substrate FtsQ-LacY(+20C),True,False
9J1P,2025-02-26,Cryo-EM structure of the g1:Ox-bound human GLP-1R-Gs complex,True,False
8YA0,2025-02-26,Structure of the SecA-SecY complex with the substrate FtsQ-LacY(+7C),True,False
8ZPL,2025-02-26,Cryo-EM strucutre of CXCR4 complexed with antagonist HF51116,True,False
8Y0N,2025-02-26,Structure of CXCR3 in complex with VUF11418 and Go (Full map),False,True
8XYK,2025-02-26,Structure of CXCR3 in complex with VUF10661 and Go (Full map),False,True
9EIU,2025-02-26,Crystal structure of the human Cavin1 HR1 TS/DD mutant domain bound to nanobody B7,True,False
9MNW,2025-03-05,Cryo-EM structure of human MPC in complex with GW604714,True,False
9LLD,2025-03-05,Post-fusion ectodomain of KSHV gB in complex with 2C4 Fab,False,True
9MNX,2025-03-05,Cryo-EM structure of human MPC in complex with UK5099 in LMNG,True,False
8ZAY,2025-03-05,Crystal structure of Fab from mouse monoclonal antibody 4A9 against Aquifex aeolicus RseP PDZ tandem,False,True
9BJ2,2025-03-05,"Structure of the SARS-CoV-2 S 6P trimer complex with the human neutralizing antibody Fab fragment, C1533 (local refinement of NTD and C1533)",False,True
9EAJ,2025-03-05,Structure of nanobody AT206 in complex with the angiotensin II type I receptor (AT1R),True,True
9EAH,2025-03-05,Structure of nanobody AT209 in complex with the olmesartan-bound angiotensin II type I receptor (AT1R),True,True
9BJ4,2025-03-05,"Structure of the SARS-CoV-2 S 6P trimer complex with the human neutralizing antibody Fab fragment, C952",False,True
9MNY,2025-03-05,Cryo-EM structure of human MPC with pyruvate,True,False
8ROR,2025-03-05,Single-particle cryo-EM of Mycoplasma pneumoniae adhesin P1 complexed with the anti-adhesive Fab fragment.,False,True
9EAI,2025-03-05,Structure of nanobody AT206 in complex with the losartan-bound angiotensin II type I receptor (AT1R),True,True
9BJ3,2025-03-05,"Structure of the SARS-CoV-2 S 6P trimer complex with the human neutralizing antibody Fab fragment, C1596",False,True
9MNZ,2025-03-05,Cryo-EM structure of human MPC in complex with UK5099 in nanodiscs,True,False
9MO0,2025-03-05,Cryo-EM structure of human MPC in complex with AKOS005153046,True,False
9J82,2025-03-05,Cryo-EM structure of wild type Aquifex aeolicus RseP in complex with Fab,False,True
9J83,2025-03-05,Cryo-EM structure of Aquifex aeolicus RseP E18Q mutant in complex with Fab,False,True
9BLL,2025-03-12,Cryo-EM of RBD(EG5.1)/1301B7 Fab Complex,False,True
9BJH,2025-03-12,Crystal structure of neutralizing human monoclonal antibody 75C8 in complex with AMA1 DI-DII,False,True
9BJG,2025-03-12,Crystal structure of broadly neutralizing human monoclonal antibody 75B10 in complex with AMA1,False,True
9DRY,2025-03-12,CHIP U-box dimer bound to Fab 2F1,False,True
9AZR,2025-03-12,Lineage 860 UCA Fab bound to A/Massachusetts/1/1990 hemagglutinin head,False,True
9AZT,2025-03-12,CH67 Fab bound to A/Massachusetts/1/1990 influenza hemagglutinin head with a G189E mutation (1),False,True
8YK4,2025-03-12,Structure of SARS-CoV-2 RBD and antibody NT-108,False,True
9AZV,2025-03-12,CH67 Fab bound to A/Massachusetts/1/1990 influenza hemagglutinin head with a G189E mutation (2),False,True
9CCI,2025-03-12,Dissecting human monoclonal antibody responses from mRNA and protein-based booster vaccinations against XBB1.5 SARS-CoV-2,False,True
8U1P,2025-03-12,Local refinement of Plasmodium falciparum gametocyte surface protein Pfs48/45 Domains 1 and 2 in complex with neutralizing antibodies,False,True
8RMX,2025-03-12,Transglutaminase 3 in complex with DH patient-derived Fab DH63-A02,False,True
9L3Z,2025-03-12,Cryo-EM structure of the inactive chemokine-like receptor 1 (CMKLR1),False,True
9KNX,2025-03-12,Cryo-EM structure of human mitochondrial pyruvate carrier in the occluded conformation at pH 6.8,True,False
9ECT,2025-03-12,Crystal Structure of the Gemella haemolysans Immunoglobulin A1 Protease Trypsin-Like Domain,False,True
8YKG,2025-03-12,Structure of SARS-CoV-2 spike glycoprotein in complex with NT-108 scFv (1-up state),False,True
8YKH,2025-03-12,Structure of SARS-CoV-2 spike RBD in complex with NT-108 scFv,False,True
8YKT,2025-03-12,Fab and SEB complex,False,True
8YW6,2025-03-12,Cryo-EM structure of apo human mitochondrial pyruvate carrier in the IMS-open conformation at pH 8.0,True,False
8YW8,2025-03-12,Cryo-EM structure of human mitochondrial pyruvate carrier in complex with the inhibitor UK5099,True,False
8RMY,2025-03-12,Transglutaminase 3 in complex with inhibitor Z-don and DH patient-derived Fab DH63-A02,False,True
8YW9,2025-03-12,Cryo-EM structure of human mitochondrial pyruvate carrier in the matrix-facing conformation at pH 6.8,True,False
9H4R,2025-03-12,Structure of fertilization-blocking monoclonal antibody IE-3 VHVL bound to the ZP-N1 domain of mouse ZP2 (crystal form I),False,True
9KNY,2025-03-12,Cryo-EM structure of pyruvate-treated human mitochondrial pyruvate carrier in the IMS-open conformation at pH 8.0,True,False
9KNW,2025-03-12,Cryo-EM structure of apo human mitochondrial pyruvate carrier in the IMS-open conformation at pH 6.8,True,False
9GOE,2025-03-12,Cryo-EM structure of the multiple peptide resistance factor (MprF) from Pseudomonas aeruginosa bound to a synthetic nanobody (Sb29),True,False
9H4S,2025-03-12,Structure of fertilization-blocking monoclonal antibody IE-3 VHVL bound to the ZP-N1 domain of mouse ZP2 (crystal form II),False,True
9J66,2025-03-12,Cryo-EM structure of the SARS-CoV-2 S 6P trimer in complex with the human neutralizing antibody Fab fragment CAV-C65 (local refinement),False,True
9IHC,2025-03-12,"CryoEM structure of a synthetic antibody, COP-2, in complex with the C-terminal domain of Clostridium perfringens Enterotoxin",False,True
9CCJ,2025-03-12,Dissecting human monoclonal antibody responses from mRNA and protein-based booster vaccinations against XBB1.5 SARS-CoV-2,False,True
8UHH,2025-03-19,anti-Phosphohistidine Fab hSC44.ck.elbow.20.N32F,False,True
9MYL,2025-03-19,Fertilization IZUMO1 Protein Ectodomain in Complex with Anti-sperm Antibody OBF13,False,True
8UHN,2025-03-19,anti-Phosphohistidine Fab hSC44.ck.20.N32F with 3pHis peptide,False,True
8UHT,2025-03-19,anti-Phosphohistidine Fab hSC44.ck.20.elbow bound to Glu H1,False,True
9MER,2025-03-19,Structure of H1H5:FluA20 Chimeric Influenza HA Complex,False,True
9MEV,2025-03-19,Structure of H1H3:FluA20 Chimeric Antigen Complex,False,True
8UIG,2025-03-19,anti-Phosphohistidine Fab hSC44.ck.20 with 3pHis peptide,False,True
9DPC,2025-03-19,Structure of Fab 297 in complex with influenza H1N1 A/Victoria/4897/2022 neuraminidase,False,True
9FR3,2025-03-19,Structure of the SARS-CoV-2 spike glycoprotein in complex with nanobody 7F,True,False
9FR4,2025-03-19,Structure of the SARS-CoV-2 spike glycoprotein in complex with nanobody 7F (local refinement),True,False
9DRU,2025-03-19,Crystal structure of 04709_4F04 Fab in complex with H1 HA from A/California/04/2009(H1N1),False,True
9J3M,2025-03-19,ADP/Pi bound Arabidopsis ATP/ADP translocator AtNTT1,True,False
9DS1,2025-03-19,Crystal structure of 241_2F04 Fab in complex with H1 HA from A/California/04/2009(H1N1),False,True
9DS2,2025-03-19,Crystal structure of 346-54 Fab in complex with H1 HA from A/California/04/2009(H1N1),False,True
9L6C,2025-03-19,"Cryo-EM structure of Delta RBD complexed with ConD-852, P2C-1F11 and S304 Fabs",False,True
8UIO,2025-03-19,anti-Phosphohistidine Fab hSC44.ck,False,True
9DSC,2025-03-19,Crystal structure of Apo-241_2F04-A95a mutant Fab,False,True
9J3J,2025-03-19,Arabidopsis ATP/ADP translocator AtNTT1,True,False
8UIT,2025-03-19,anti-Phosphohistidine Fab hSC44.ck with 3pHis peptide,False,True
8UHP,2025-03-19,anti-Phosphohistidine Fab hSC44.ck.20.N32F with 3pTZA peptide,False,True
8UHS,2025-03-19,anti-Phosphohistidine Fab hSC44.ck.20.elbow bound to phosphate,False,True
8UIH,2025-03-19,anti-Phosphohistidine Fab hSC44.ck.20 with 3pTza peptide,False,True
8UJI,2025-03-19,anti-Phosphohistidine Fab hSC44.ck with 3pTza peptide,False,True
8VPF,2025-03-19,Structure of SARS-CoV spike in complex with CoV1-65 Fab (NTD-bound),False,True
8VEF,2025-03-19,Cryo-EM structure of antibody T5-1E08 UCA (unmutated common ancestor) in complex with stabilized H1N1 Influenza Hemagglutinin Trimer (A/Kiev/1/57),False,True
8VEE,2025-03-19,Cryo-EM structure of antibody T5-1E08 in complex with H7N9 Influenza Hemagglutinin Trimer (A/Shanghai/2/13),False,True
8UHJ,2025-03-19,anti-Phosphohistidine Fab hSC44.ck.20.N32F,False,True
8VED,2025-03-19,Cryo-EM structure of antibody T5-1E11 in complex with stabilized H1N1 Influenza Hemagglutinin Trimer (A/Kiev/1/57),False,True
9J3L,2025-03-19,ATP bound Arabidopsis ATP/ADP translocator AtNTT1,True,False
8VEB,2025-03-19,Cryo-EM structure of antibody T5-1E08 in complex with stabilized H1N1 Influenza Hemagglutinin Trimer (A/Kiev/1/57),False,True
8UZP,2025-03-19,Crystal Structure of the Computationally Designed Influenza Hemagglutinin Epitope Scaffold stem_mimetic_01 bound by Antibody CR9501,False,True
8ZYF,2025-03-26,Crystal structure of ZW2G10 Fab in complex with omicron RBD,False,True
9B0A,2025-03-26,GA10 nanobody bound to 2C7 peptide mimitope of Neisseria gonorrhoeae lipooligosaccharide,True,False
9EMY,2025-03-26,P. falciparum FIKK13 in complex with ATPgammaS,True,False
8REW,2025-03-26,CryoEM structure of human GARP-lTGFbeta1 in complex with a Fab fragment derived from an activating antibody.,False,True
9AS0,2025-04-02,Global reconstruction of 5-HT2AR bound to 2-bromo-LSD in complex with a mini-Gq protein and scFv16 obtained by cryo-electron microscopy (cryoEM),False,True
9LYO,2025-04-02,Alpha SARS-CoV-2 spike protein in complex with REGN10987 Fab homologue.,False,True
9LDS,2025-04-02,Crystal structure of nanobody H145 bound to SARS-CoV-2 spike stem-helix,True,False
8ZU9,2025-04-02,The complex structure of MPXV M1R and neutralizing antibody A129,False,True
9LBS,2025-04-02,"Cryo-EM structure of Omicron BA.1 RBD complexed with ConBA-998,S309 and S304Fabs",False,True
8ZUA,2025-04-02,The complex structure of MPXV M1R and neutralizing antibody A138,False,True
9ARY,2025-04-02,Global reconstruction 5-HT2AR bound to 5-HT in complex with a mini-Gq protein and scFv16 obtained by cryo-electron microscopy (cryoEM),False,True
9AS4,2025-04-02,Global reconstruction of 5-HT2AR bound to LSD in complex with a mini-Gq protein and scFv16 obtained by cryo-electron microscopy (cryoEM),False,True
9FIK,2025-04-02,Structure of the FAB fragment of the Antibody NTF30037 in complex with NTF3,False,True
9AS6,2025-04-02,Global reconstruction of 5-HT2AR bound to mescaline in complex with a mini-Gq protein and scFv16 obtained by cryo-electron microscopy (cryoEM),False,True
9AS2,2025-04-02,Global reconstruction of 5-HT2AR bound to DMT in complex with a mini-Gq protein and scFv16 obtained by cryo-electron microscopy (cryoEM),False,True
9MFN,2025-04-02,"Crystal Structure of ADI-64596 (human Fab, with substituted IgG1-CH1 (HC-L145Q, K147E, and S181E) and substituted kappa constant domain (LC-T129R, T178R, and T180Q))",False,True
9AS8,2025-04-02,Global reconstruction of 5-HT2AR bound to psilocin in complex with a mini-Gq protein and scFv16 obtained by cryo-electron microscopy (cryoEM),False,True
9LYP,2025-04-02,Alpha SARS-CoV-2 spike protein RBD-down in complex with REGN10987 Fab homologue (local refinement),False,True
9MS8,2025-04-02,PTCH1 in complex with Fab6H3,False,True
8YWE,2025-04-02,Local refinement of SARS-CoV-2 Omicron BA.2.86 S complexed with Abs G7-Fc,False,True
9KPD,2025-04-02,Cryo-EM structure of GPCR16-miniGs complex,True,False
9ASA,2025-04-02,Global reconstruction of 5-HT2AR bound to RS130-180 in complex with a mini-Gq protein and scFv16 obtained by cryo-electron microscopy (cryoEM),False,True
9MI7,2025-04-02,"Crystal Structure of ADI-64597 ((human Fab, with substituted IgG1-CH1 (HC-L128R and K147R) and substituted kappa constant domain (LC-Q124E, V133Q, and T178R))",False,True
9EE9,2025-04-09,Cryo-EM structure of the adenosine A2A receptor intermediate bound to a miniGs heterotrimer,True,False
9EEA,2025-04-09,Cryo-EM structure of the adenosine A2A receptor intermediate bound to a miniGs heterotrimer,True,False
9HML,2025-04-09,KIR2DL1 bound to RIFIN PfKE01_040007400,True,False
9DAO,2025-04-09,AlphaIIbbeta3 in fully-extended conformation in complex with R6H8 Fab,False,True
9UA9,2025-04-09,Nipah virus fusion glycoprotein in complex with a broadly neutralizing antibody 1D6,False,True
9UAA,2025-04-09,Nipah virus fusion glycoprotein in complex with a broadly neutralizing antibody 5C8,False,True
9B88,2025-04-09,Anti-OspC Fab 8C1,False,True
9JG0,2025-04-09,"Cryo-EM structure of neuropeptide FF receptor 2 in the ligand-free state with BRIL fusion, anti-BRIL Fab, and nanobody",True,True
9FJF,2025-04-09,Lysosomal transporting complex of beta-glucocerebrosidase (GCase) and lysosomal integral membrane protein 2 (LIMP-2) with bound Pro-macrobodies (Combined focus map),True,False
9EE8,2025-04-09,Cryo-EM structure of the adenosine A2A receptor intermediate bound to a miniGs heterotrimer,True,False
9LYC,2025-04-09,Cryo-EM structure of GPR3-G protein-dimer complex,True,False
9JFY,2025-04-09,Cryo-EM structure of Neuropeptide FF receptor 2 in complex with hNPSF and Gi,False,True
8YYZ,2025-04-09,Crystal structure of Sonic hedgehog in complex with antibody 5E1 mutant H-R102A in the absence of metals,False,True
9BOF,2025-04-09,16E10 Fab bound to norovirus GI.1 P domain,False,True
9LYB,2025-04-09,Cryo-EM structure of GPR3-G protein-monomer complex,True,False
9BTW,2025-04-16,Human Amylin3 Receptor in complex with Gs and cagrilintide,True,False
9KAS,2025-04-16,Crystal structure of anti-sulfonylurea antibody scFv in complex with chlorpropamide,False,True
9KAT,2025-04-16,Crystal structure of anti-sulfonylurea antibody scFv apo form,False,True
9BLB,2025-04-16,Human Calcitonin Receptor in Complex with Gs and Cagrilintide Backbone (non-acylated) in bypass conformation,True,False
9DHY,2025-04-16,Structure of SARS-CoV-2 spike in complex with antibody Fab COVIC-154,False,True
8ULS,2025-04-16,Cryo-EM structure of the BG505 SOSIPv2 in complex with bNAb 01_D03 Fabs,False,True
8ULR,2025-04-16,Cryo-EM structure of the BG505 SOSIPv2 in complex with bNAb 05_B08 Fabs,False,True
8UKI,2025-04-16,Crystal structure of 04_A06 Fab,False,True
8Z2V,2025-04-16,Crystal structure of Sonic hedgehog in complex with antibody 5E1 mutant H-R102A with metals,False,True
9BDO,2025-04-16,Crystal structure of anti-abTCR NANOBODY VHH,True,False
8ULT,2025-04-16,Cryo-EM structure of the BG505 SOSIPv2 in complex with bNAb 04_A06 Fabs,False,True
9BUE,2025-04-16,Human calcitonin Receptor in complex with Gs and cagrilintide in the CT-like conformation (repeat),True,False
9MR7,2025-04-16,Genetiocally detoxified pertussis toxin in complex with hu1B7 Fab and hu11E6 Fab,False,True
8RTF,2025-04-16,Crystal structure of Trypanosoma congolense pyruvate kinase in complex with a single-domain antibody (TcoPYK-sdAb42),False,True
9EVZ,2025-04-16,HIV-1 envelope glycoprotein (BG505 gp140 SOSIP.664) trimer in complex with ELC07 broadly neutralizing antibody.,False,True
9BLC,2025-04-16,Human Calcitonin Receptor in Complex with Gs and Cagrilintide Backbone (non-acylated) in CT-like conformation,True,False
8Z39,2025-04-16,Crystal structure of Sonic hedgehog in complex with antibody 5E1 mutant L-T56A with metals,False,True
9BLW,2025-04-16,Human amylin1 Receptor in complex with Gs and Cagrilintide backbone (non-acylated),True,False
8Z3A,2025-04-16,Crystal structure of Sonic hedgehog in complex with antibody 5E1 without metals,False,True
8RVR,2025-04-16,Crystal structure of Trypanosoma congolense pyruvate kinase in complex with a single-domain antibody (TcoPYK-sdAb42) in the presence of sulfate,False,True
8ULU,2025-04-16,Cryo-EM structure of the BG505 SOSIPv2 in complex with bNAb 04_A06 and PGDM1400 Fabs,False,True
9JFZ,2025-04-23,Cryo-EM structure of intermediate state GPR4 complexed with miniGs/q in pH7.5,True,False
9JFX,2025-04-23,Cryo-EM structure of GPR4 complexed with miniGs/q in pH7.5,True,False
9DPE,2025-04-23,CryoEM Structure of Human BTN2A1 ectodomain in complex with TCR-blocking 2A1.12 Fab,True,True
9JFU,2025-04-23,Cryo-EM structure of inactive GPR4 with NE52-QQ57,True,True
9LGM,2025-04-23,Cryo-EM structure of GPR4 complexed with Gs in pH8.0,True,False
9KEF,2025-04-23,Crystal strucutre of RABV-G in complex with SOJB-Fab complex,False,True
9KEP,2025-04-23,RABV-G-PHD-FD/NM57-scFv,False,True
9KFB,2025-04-23,RABV-G-ecto/NM57-scFv complex,False,True
9M7V,2025-04-23,Cryo-EM structure of enterovirus A71 mature virion in complex with Fab CT11F9,False,True
9JFW,2025-04-23,Cryo-EM structure of GPR4 complexed with Gs in pH6.8,True,False
9BUD,2025-04-23,Human calcitonin Receptor in complex with Gs and cagrilintide in the CT-like conformation,True,False
9F02,2025-04-23,HIV-1 envelope glycoprotein (BG505 gp140 SOSIP.664) trimer in complex with three copies of ELC07 broadly neutralizing antibody.,False,True
8Z2E,2025-04-23,Crystal structure of nanobody Tnb04-1 with antibody 1F11 fab and SARS-CoV-2 RBD,True,True
9BP3,2025-04-23,Human Amylin1 Receptor in complex with Gs and cagrilintide,True,False
9BUB,2025-04-23,Human calcitonin Receptor in complex with Gs and cagrilintide in the bypass conformation,True,False
9BUC,2025-04-23,Human calcitonin Receptor in complex with Gs and cagrilintide in the bypass conformation (repeat),True,False
8ZCF,2025-04-23,Cryo-EM structure of GPR4 complexed with Gs in pH7.5,True,False
9BQ3,2025-04-23,Human Amylin2 Receptor in Complex with Gs and Cagrilintide,True,False
8Z4C,2025-04-23,The Fab fragment of anti-Fibrin monoclonal antibody 59D8,False,True
8ZCE,2025-04-23,Cryo-EM structure of GPR4 complexed with Gs in pH6.0,True,False
9HY3,2025-04-30,sc-4E (scFv derived from the mAb 4E1 against CD93) crystallized at pH 5.5,False,True
9D8Y,2025-04-30,"Cryo-EM structure of HIV-1 BG505 SOSIP.664 Env bound to 3-sCD4, 3-VRC34.01 Fab with one gp120 rotated, Population 4",False,True
9D90,2025-04-30,"Cryo-EM structure of partially open HIV-1 BG505 SOSIP.664 Env bound to 3-sCD4, 3-17b Fab and 3-VRC34.01 Fab, Population 1",False,True
8ZBB,2025-04-30,Cryo-EM structure of outward state Anhydromuropeptide permease (AmpG) G50W/L269W,True,True
8Z8L,2025-04-30,structure of IL-4Ra in complex with an nanobody 4E9,True,False
9HY2,2025-04-30,sc-4E (scFv derived from the mAb 4E1 against CD93) crystallized at pH 7.5 (monomeric state from gel filtration),False,True
9IXV,2025-04-30,Cryo-EM structure of MERS-CoV S1-NTD bound with KNIH-88 Fab,False,True
9HY5,2025-04-30,sc-4E (scFv derived from the mAb 4E1 against CD93) crystallized at pH 9.0,False,True
9D98,2025-04-30,"Cryo-EM structure of HIV-1 BG505 SOSIP.664 Env bound to 3-sCD4, 3-VRC34.01 Fab with two gp120 protomers rotated, Population 5",False,True
9ECI,2025-04-30,Crystal structure of a humanized 5E5 antibody,False,True
9BEX,2025-04-30,X-ray crystallography structural model of the immunoglobulin G1 (IgG1) Fc D270C K326C variant,False,True
9CB5,2025-04-30,Crystal structure of nucleolin in complex with MYC promoter G-quadruplex,False,True
9HY1,2025-04-30,sc-4E (scFv derived from the mAb 4E1 against CD93) crystallized at pH 7.5 (dimeric state from gel filtration),False,True
8ZYM,2025-04-30,Complex structure of 60 Fab bound to DS2 prefusion F trimer,False,True
9BNK,2025-05-07,Cryo-EM structure of rhesus antibody V031-a.01 in complex with HIV-1 Env BG505 DS-SOSIP,False,True
9GIW,2025-05-07,Structure of the human mitochondrial pyruvate carrier inhibited by zaprinast,True,False
9GIV,2025-05-07,Structure of the human mitochondrial pyruvate carrier inhibited by a UK5099-derivative,True,False
9GIX,2025-05-07,Structure of the human mitochondrial pyruvate carrier in the apo-state,True,False
9BNP,2025-05-07,Cryo-EM structure of rhesus antibody V033-a.01 in complex with HIV-1 Env BG505 DS-SOSIP,False,True
9C0X,2025-05-07,Crystal structure of chimeric hemagglutinin cH11/1 in complex with broad protective antibody 31.b.09,False,True
9BNL,2025-05-07,Cryo-EM structure of rhesus antibody 6070-a.01 in complex with HIV-1 Env trimer Q23.17 MD39,False,True
9BNM,2025-05-07,Cryo-EM structure of rhesus antibody 44715-a.01 in complex with HIV-1 Env BG505 DS-SOSIP,False,True
9B7G,2025-05-07,Cryo-EM structure of antibody TJ5-13 bound to H3 COBRA NG2 hemagglutinin,False,True
8ZCA,2025-05-07,Crystal structure of human CD47 ECD bound to Fab of Hu1C8,False,True
9C0U,2025-05-07,Crystal structure of chimeric hemagglutinin cH5/1 in complex with broad protective antibody 31.b.09,False,True
9C22,2025-05-07,Crystal structure of chimeric hemagglutinin cH11/1 in complex with broad protective antibody 3E1,False,True
9FQ3,2025-05-14,HEV ORF2 protein in complex with Fabs Es1.114 and Es5.127,False,True
9FNT,2025-05-14,Cryo-EM structure of the P domain of the Hepatitis E Virus ORF2 protein in complex with Fab ES4.431,False,True
9C2H,2025-05-14,SARS-CoV-2 Nucleocapsid Dimerization Domain bound to Fab-NP1E9 and Fab-NP3B4,False,True
9FNS,2025-05-14,Cryo-EM structure of the P domain of the Hepatitis E Virus ORF2 protein in complex with Fab ES1.327,False,True
9QUB,2025-05-14,Cryo-EM structure of the human NHA2-Fab complex,False,True
9QUW,2025-05-14,Cryo-EM structure of the human NHA2-Fab complex bound to phloretin,False,True
8ZH7,2025-05-14,Crystal structure of N-terminal domain of N-methyl-D-aspartate receptor subunit NR1 in complex with patient-derived antibody,False,True
9GGP,2025-05-14,Alpha-1-antitrypsin in complex with the Fab fragment of an anti-polymer antibody,False,True
9R2E,2025-05-14,Structure of ARGX-121 Fab fragment in complex with the Fc fragment of IgA1,False,True
8ZWF,2025-05-14,cryoEM structure of JR14a bound C3aR-BRIL-BAG2 complex,False,True
9NOX,2025-05-14,Transmembrane domains of the human TAS1R2 sweet receptor subunit in complex with miniGs/gust25,True,False
9O38,2025-05-14,Transmembrane domains of the human sweet receptor (TAS1R2 + TAS1R3) from Class 3 particles (rigidly fitted from PDB:9NOX and 9NOR),True,False
9CU6,2025-05-21,LJF-034 Fab in complex with HIV Env JRFL NFL TD CC3+ trimer and 35O22 Fab,False,True
9MFG,2025-05-21,Complex of IL23 receptor and VHH,True,False
9F91,2025-05-21,Crystal structure of a designed Respiratory Syncytial Virus immunogen in complex with RSV90 fab,False,True
9GF8,2025-05-21,Human Monocarboxylate Transporter 8,True,False
9CU5,2025-05-21,LJF-085 Fab in complex with HIV Env JRFL NFL TD CC3+ trimer and 35O22 Fab,False,True
9FCM,2025-05-21,Single-domain antibody binding the SARS-COV2 S2,False,True
9MI0,2025-05-21,61-12A01 Fab in complex with HIV-1 GT1.1 v4.1 SOSIP Env trimer and RM20A3 Fab,False,True
9FKN,2025-05-21,Human monocarboxylate transporter 8 bound to thyroxine,True,False
9MIA,2025-05-21,206-3G08 Fab in complex with HIV-1 GT1.1 v4.1 SOSIP Env trimer and RM20A3 Fab,False,True
9MIB,2025-05-21,206-9C09 Fab in complex with HIV-1 GT1.1 v4.1 SOSIP Env trimer and RM20A3 Fab,False,True
9MII,2025-05-21,253-7A03 Fab in complex with HIV-1 BG505 SOSIP Env trimer and RM20A3 Fab,False,True
9MIH,2025-05-21,273-4D01 Fab in complex with HIV-1 BG505 SOSIP Env trimer and RM20A3 Fab,False,True
9EHM,2025-05-21,Structure of HIV-1 BG505 SOSIP.664 Env trimer in complex with IOMAmin5 and 10-1074 Broadly Neutralizing Antibodies - Class II,False,True
9CV7,2025-05-21,LJF-085 Fab in complex with HIV Env ZM233 NFL TD CC3+ trimer,False,True
9BTL,2025-05-21,Cryo-EM structure of rhesus antibody 41328-a.01 in complex with HIV-1 Env BG505 DS-SOSIP,False,True
9FOT,2025-05-21,Human monocarboxylate transporter 8 bound to Silychristin,True,False
9F90,2025-05-21,Crystal structure of a designed three-motif Respiratory Syncytial Virus immunogen in complex with motavizumab fab,False,True
9EHL,2025-05-21,Structure of HIV-1 BG505 SOSIP.664 Env trimer in complex with IOMAmin5 and 10-1074 Broadly Neutralizing Antibodies - Class I,False,True
9MDZ,2025-05-21,anti-IL23R VHH,True,False
8S2T,2025-05-21,Cryo-EM structure of cell-free synthesized Human beta-1 adrenergic receptor cotranslationally inserted into a lipidic nanodiscs,True,False
9MJ6,2025-05-28,Crystal structure of the VRC01-class antibody 7A03 derived from GT1.1 vaccination,False,True
8R4N,2025-05-28,Crystal structure of neutralizing Fab Eq4.Dp46-3A from equine antivenom bound to short chain three finger alpha-neurotoxin from Dendroaspis polylepis.,False,True
9ISF,2025-05-28,Crystal structure of nanobody 14 in complex with HSV-2 gD,True,False
9MJC,2025-05-28,Crystal structure of the VRC01-class antibody 4D01 derived from GT1.1 vaccination,False,True
9E7G,2025-05-28,Crystal structure of HIV-1 RRE SLII G34C mutant in complex with Fab BL3-6,False,True
8ZVZ,2025-05-28,Cryo-EM strcuture of Prostaglandin D2 Receptor DP1 activated by BW245C,True,False
9NK9,2025-05-28,Nano-body peptide complex,True,False
8ZW0,2025-05-28,Cryo-EM strcuture of Prostaglandin D2 Receptor DP1 activated by PGD2,True,False
9C2K,2025-05-28,The crystal structure of HIV-1 Rev Response Element Stem-Loop II in complex with a Fab,False,True
8ZEU,2025-05-28,CryoEM structure of GR2002-F(ab')2: TSLP complex,False,True
8ZNU,2025-05-28,Catalytic antibody T99_C220A_dP95,False,True
9MJ3,2025-05-28,"Crystal structure of the VRC01-class antibody 12A01, derived from GT1.1 vaccination, in complex with eOD-GT8",False,True
9E7E,2025-05-28,Crystal structure of HIV-1 RRE SLII A31CG39C mutant in complex with Fab BL3-6,False,True
8ZNT,2025-05-28,Catalytic antibody T99_C220A,False,True
9MIF,2025-05-28,"Crystal structure of the VRC01-class antibody 9C09, derived from GT1.1 vaccination, in complex with eOD-GT8",False,True
9MSD,2025-05-28,G002-293-0536 Fab in complex with 001428_T278M_L14 SOSIP and RM20A3 Fab,False,True
9E7D,2025-05-28,Crystal structure of HIV-1 RRE SLII A31C mutant in complex with Fab BL3-6,False,True
9MSY,2025-05-28,G002-480-0546 Fab in complex with V703-0537_T278M_L14 SOSIP and BG18 Fab,False,True
9MID,2025-05-28,"Crystal structure of the VRC01-class antibody 3G08, derived from GT1.1 vaccination, in complex with eOD-GT8",False,True
9MIC,2025-05-28,"Crystal structure of the VRC01-class antibody 4D01, derived from GT1.1 vaccination, in complex with eOD-GT8",False,True
9ISH,2025-05-28,Crystal structure of nanobody 32 in complex with HSV-2 gD,True,False
9MJI,2025-05-28,Crystal structure of the VRC01-class antibody 9C09 derived from GT1.1 vaccination,False,True
9C75,2025-05-28,The crystal structure of HIV-1 Rev Response Element Stem-Loop II G34U mutant in complex with a Fab,False,True
8VTE,2025-05-28,Co-structure of the Fab of the anti-TIGIT Vibostolimab antibody with its antigen,False,True
9MK4,2025-05-28,Crystal structure of the VRC01-class antibody 12A01 derived from GT1.1 vaccination,False,True
9MJD,2025-05-28,Crystal structure of the VRC01-class antibody 3G08,False,True
9CB1,2025-05-28,Cryo-EM Structure of the Human Neutralizing Antibody 5-1 in Complex with Prefusion Human Metapneumovirus F Glycoprotein,False,True
9CPH,2025-06-04,Structural basis of BAK sequestration by MCL-1 and consequences for apoptosis initiation,False,True
9IUT,2025-06-04,Crystal structure of cancer-specific anti-HER2 antibody H2Mab-250 in complex with epitope peptide,False,True
9ML6,2025-06-04,Structure of the SARS-CoV-2 Spike 6P in complex with the rabbit M8b-C9 Fab,False,True
9ML4,2025-06-04,Structure of the SARS-CoV-2 Spike 6P in complex with the rabbit M8b-A10 Fab,False,True
9ML8,2025-06-04,Crystal structure of the SARS-CoV-2 RBD in complex with the rabbit M8b-B1 Fab,False,True
9ML9,2025-06-04,Crystal structure of the SARS-CoV-2 RBD in complex with the rabbit M8b-C9 Fab,False,True
9D7I,2025-06-04,Cryo-EM structure of BG505 DS-SOSIP.664 with 2 CH103 KN Fabs bound,False,True
9ML7,2025-06-04,Structure of the SARS-CoV-2 Spike 6P in complex with the rabbit M8b-C10 Fab,False,True
9D7O,2025-06-04,Cryo-EM structure of BG505 DS-SOSIP.664 with 1 CH103 Fab bound,False,True
9D7P,2025-06-04,Cryo-EM structure of BG505 DS-SOSIP.664 with 2 CH103 Fabs bound,False,True
9ML5,2025-06-04,Structure of the SARS-CoV-2 Spike 6P in complex with the rabbit M8b-B8 Fab,False,True
9HAP,2025-06-04,Cryo-EM structure of inactive human arginine-vasopressin (AVP) V2 receptor (V2R) with tolvaptan,True,True
9HB3,2025-06-04,cryo-EM structure of inactive human arginine-vasopressin (AVP) V2 receptor (V2R) with Mambaquaretin1 K39A (MQK39A),True,True
9ENA,2025-06-04,Lysosomal glucocerebrosidase in complex with a stabilizing nanobody,True,False
9D7H,2025-06-04,Cryo-EM structure of BG505 DS-SOSIP.664 with 1 CH103 KN Fab bound,False,True
9B9E,2025-06-04,Prefusion F glycoprotein ectodomain of Nipah virus ectodomain in complex with DS90 nanobody,True,False
9AY1,2025-06-11,Cryo-EM structure of SINV/EEEV in complex with a potently neutralizing human antibody IgG EEEV-373,False,True
9GV4,2025-06-11,TBA G-quadruplex binding nanobody (free form),True,False
8VSV,2025-06-11,Cryo-EM structure of SINV/EEEV in complex with a potently neutralizing intact human antibody EEEV-373,False,True
9ODB,2025-06-11,Clone 2.1 Fab in complex with chicken IgY CH2 domain (local refinement),False,True
9QQN,2025-06-11,Junin virus GP1-GP2 heterodimer in complex with Fab of JUN1,False,True
9CMC,2025-06-11,Crystal structure of the peanut allergen Ara h 2 with two human derived Fab antibodies 22S1 and 23P34,False,True
9BTJ,2025-06-11,Rhesus Fab 6561-a.01 in complex with HIV-1 Ce1176.A3 RnS SOSIP Env,False,True
9QBJ,2025-06-11,Legobody dimer,True,True
8Y02,2025-06-11,Cryo-EM structure of Short-wave-sensitive opsin 1,False,True
9BTI,2025-06-11,Rhesus Fab 40591-a.01 in complex with T250.4 RnS SOSIP Env,False,True
9QU4,2025-06-11,Cryo-EM structure of the inward-open choline-bound state of choline/ethanolamine transporter FLVCR2,False,True
9DBO,2025-06-11,Crystal structure of a synthetic Fab (R3E9) in complex with the FRB domain of mTOR,False,True
9K0X,2025-06-11,Cryo-EM structure of ATP-bound P2Y purinoceptor 2-miniGq-Nb35 complex,True,False
9K25,2025-06-11,Cryo-EM structure of apo-P2Y purinoceptor 2-miniGq-Nb35 complex,True,False
9K20,2025-06-11,Cryo-EM structure of ATP-bound P2Y purinoceptor 2-miniGo-scFv16 complex,False,True
9LUY,2025-06-11,Single-chain Fv antibody of G2 fused with antigen peptide from chicken chromosome 6 C10orf76 homolog,False,True
9GHI,2025-06-11,Machupo virus GP1-GP2 heterodimer in complex with Fab of MAC1,False,True
9BTH,2025-06-11,Rhesus Fab 42056-a.01 in complex with CAP256SU.wk34 RnS SOSIP Env,False,True
9GHJ,2025-06-11,Junin virus GP1-GP2 heterodimer in complex with Fab of JUN1,False,True
9GXH,2025-06-11,Nanobody bound to TBA G-quadruplex,True,False
9LUX,2025-06-11,Single-chain Fv antibody of G2 fused with antigen peptide from chicken prion protein,False,True
9DL0,2025-06-11,Crystal structure of a synthetic Fab (R3H8) in complex with the FRB domain of mTOR,False,True
9LRB,2025-06-11,Cryo-EM structure of the histamine H1 receptor-Gs protein complex,True,False
9K0K,2025-06-11,Cryo-EM structure of UTP-bound P2Y purinoceptor 4-miniGq-Nb35 complex,True,False
9FC2,2025-06-11,The crystal structure of the SARS-CoV-2 receptor binding domain in complex with the neutralizing nanobody 4.,True,False
9JMM,2025-06-18,Cryo-EM structure of the SE-PangolinCoV (MjHKU4r-CoV-1) RBD in complex with human DPP4,False,True
9C7X,2025-06-18,Crystal structure of SARS-CoV-2 antibody 1H06 in complex with a HR2 peptide,False,True
9FMW,2025-06-18,Omicron BA.1 Spike protein with neutralizing NTD specific mAb K501SP6,False,True
9L2K,2025-06-18,The crystal structure of SFTSV Gn and SD22 antibody complex,False,True
9FM0,2025-06-18,Human antibody (Fab) and P. aeruginosa (T3SS) protein PcrV-fragment complex,False,True
9JQ6,2025-06-18,Cryo-EM structure of BTN2A1 in complex with antagonist antibody TH002,False,True
9O6C,2025-06-18,"X-ray structure of a bivalent diabody of 8B6, a murine monoclonal antibody specific for the human serotonin transporter",False,True
9JQP,2025-06-18,Cryo-EM structure of the HMBPP-primed BTN3A1-BTN3A2-BTN2A1 in complex with agonist antibody TH001,False,True
9DMB,2025-06-18,Rhesus RHA10.01 Fab in complex with HIV-1 Env BG505 DS-SOSIP trimer,False,True
8YOT,2025-06-18,Nanobody in complex with LILRB3,True,False
9JMJ,2025-06-18,Cryo-EM structure of the GD-BatCoV (BtCoV/Ii/GD/2014-422) RBD in complex with human DPP4,False,True
9JQU,2025-06-18,The crystal structure of SFTSV Gn and SD4 antibody complex,False,True
9JQV,2025-06-18,The crystal structure of SFTSV Gn and SD12 antibody complex,False,True
8S6V,2025-06-25,Crystal structure of Fab-2D9 chimera complexed to a bis-Tn glycopeptide,False,True
8S6K,2025-06-25,Crystal structure of ScFv-G2D11 complexed to a bis-Tn glycopeptide,False,True
8REX,2025-06-25,CryoEM structure of mouse GARP-lTGFbeta1 in complex with a Fab fragment derived from an activating antibody.,False,True
8S6T,2025-06-25,Crystal structure of Fab-3F1 complexed to a bis-STn glycopeptide,False,True
9BT5,2025-06-25,The crystal structure of the HA1 domain of hemagglutinin from A/Shanghai/02/2013 (H7N9) bound to H7-235 Fab,False,True
8S73,2025-06-25,Crystal structure of Fab-antiCD43 monoclonal antibody complexed to a bis-Tn glycopeptide,False,True
9CPV,2025-06-25,Crystal structure of SARS-CoV-2 receptor binding domain in complex with antibodies C03-0614 and CC12.3,False,True
9CPY,2025-06-25,Crystal structure of SARS-CoV-2 receptor binding domain in complex with antibodies C11-0860 and CC12.3,False,True
9CPW,2025-06-25,Crystal structure of SARS-CoV-2 receptor binding domain in complex with antibodies C11-1036 and CC12.3,False,True
9MJB,2025-06-25,Product-Bound mannosyltransferase PimE in complex with Fab,False,True
9OAS,2025-06-25,Crystal structure of antibody Fab G001-14 from IAVI G001 human trial in complex with a germline-targeting gp120 engineered outer domain eOD-GT8-mingly-N276,False,True
9CPU,2025-06-25,Crystal structure of SARS-CoV-2 receptor binding domain in complex with antibodies C03-0304 and CC12.3,False,True
9CPT,2025-06-25,Crystal structure of SARS-CoV-2 receptor binding domain in complex with antibodies M22-92 and CC12.3,False,True
9CPS,2025-06-25,Crystal structure of SARS-CoV-2 receptor binding domain in complex with antibodies M22-91 and CC12.3,False,True
9CPR,2025-06-25,Crystal structure of SARS-CoV-2 receptor binding domain in complex with antibodies M22-90 and CC12.3,False,True
9CPQ,2025-06-25,Crystal structure of SARS-CoV-2 receptor binding domain in complex with antibodies M22-44 and CC12.3,False,True
9OAR,2025-06-25,Crystal structure of antibody Fab G001-179 from IAVI G001 human trial in complex with a germline-targeting gp120 engineered outer domain eOD-GT8-mingly,False,True
9CPP,2025-06-25,Crystal structure of SARS-CoV-2 receptor binding domain in complex with antibodies M22-17 and CC12.3,False,True
9OAQ,2025-06-25,Crystal structure of antibody Fab G001-59 from IAVI G001 human trial in complex with a germline-targeting gp120 engineered outer domain eOD-GT8-mingly-N276,False,True
9OAO,2025-06-25,Crystal structure of antibody Fab G001-0087 from IAVI G001 human trial in complex with a germline-targeting gp120 engineered outer domain eOD-GT8-mingly,False,True
9O58,2025-06-25,Zymogen ADAM17-iRhom2 complex bound by the MEDI3622 Fab,False,True
9OAP,2025-06-25,Crystal structure of antibody Fab G001-58 from IAVI G001 human trial in complex with a germline-targeting gp120 engineered outer domain eOD-GT8-mingly,False,True
9CPX,2025-06-25,Crystal structure of SARS-CoV-2 receptor binding domain in complex with antibodies C03-0138 and CC12.3,False,True
9O54,2025-06-25,ADAM17 Prodomain-Metalloproteinase Domains bound to MEDI3622 Fab,False,True
9CF6,2025-06-25,Germline-targeting HIV-1 gp120 engineered outer domain eODgt8 in complex with Fab eOD-CL02.1,False,True
9CF7,2025-06-25,Germline-targeting HIV-1 gp120 engineered outer domain eODgt8 in complex with Fab eOD-PL01.1,False,True
9CFA,2025-06-25,Germline-targeting HIV-1 gp120 engineered outer domain eODgt8 in complex with Fab eOD-CL04.1,False,True
8YRY,2025-06-25,HER3 in complex with FAb Hu3f8,False,True
9KMI,2025-07-02,Taurine bound mTAUT,False,True
9BTV,2025-07-02,Cryo-EM structure of rhesus antibody T646-a.01 in complex with HIV-1 Env trimer Q23.17 MD39,False,True
9NR8,2025-07-02,The structure of cerebellar GluA1/A4 ATD,False,True
8YVL,2025-07-02,Neuraminidase of A/California/04/2009 HIN1 in complex with CAV-F34 Fab,False,True
9U9B,2025-07-02,HBsAg in complex with HBC34 Fab,False,True
9KYO,2025-07-02,GES bound mTAUT,False,True
8ZYX,2025-07-02,Neuraminidase of A/Switzerland/9715293/2013 H3N2 in complex with CAV-F6-R54S Fab,False,True
9KMK,2025-07-02,apo mTAUT in inward open II state,False,True
9KML,2025-07-02,apo mTAUT in inward open I state,False,True
9KMM,2025-07-02,IAA bound mTAUT,False,True
9KOD,2025-07-02,Neuraminidase of A/dairy cow/Minnesota/24_016288-003/2024 (dcMN24 N1) in complex with CAV-F6 Fab,False,True
9NR6,2025-07-02,The structure of Noelin 1 with cerebellar GluA1/A4-ATD,False,True
9CCS,2025-07-02,CryoEM Structure of Escherichia coli FimCH in complex with 2H04 Fab,False,True
9LNG,2025-07-02,An antibody target the fusion protein of Nipah virus,False,True
9LMP,2025-07-02,Cryo-EM structure of antagonist-bounded inactive human GPR4,False,True
9CCT,2025-07-02,CryoEM Structure of Escherichia coli FimCH in complex with B7 Fab,False,True
8PET,2025-07-02,"Cryo-EM structure of the full-length human alpha1beta3 GABA(A) receptor (babba arrangement) in complex with nanobody Nb25, expressed with a 5-fold excess of beta3 over alpha1",True,False
9IYY,2025-07-02,Structure of HBsAg in complex with Fab H006,False,True
9CFH,2025-07-02,Cryo-EM Refinement of Antibody 19-77 R71V in complex with SARS-CoV-2 JD.1.1 RBD,False,True
9CFG,2025-07-02,Cryo-EM Refinement of Antibody 19-77 R71V in complex with SARS-CoV-2 HK.3 RBD,False,True
9KMJ,2025-07-02,Taurine bound hTAUT,False,True
8YVK,2025-07-02,Neuraminidase of A/Red knot/Delaware Bay/310/2016 H10N4 in complex with CAV-F6 Fab,False,True
9J8A,2025-07-02,Structure of antibody BA8 in complex with sulfated peptide from CCR5,False,True
8YVM,2025-07-02,Neuraminidase of A/Switzerland/9715293/2013 H3N2 in complex with CAV-F34 Fab,False,True
9CFE,2025-07-02,Cryo-EM Local Refinement of Antibody 19-77 in complex with prefusion SARS-CoV-2 Spike glycoprotein RBD,False,True
9CCW,2025-07-02,CryoEM Structure of Escherichia coli FimCH in complex with 2C07 Fab,False,True
8YVN,2025-07-02,Neuraminidase of A/Switzerland/9715293/2013 H3N2 in complex with CAV-F6 Fab,False,True
8VTD,2025-07-02,Co-structure of the Fab of the anti-TIGIT Vibostolimab antibody with its antigen,False,True
9CCU,2025-07-02,CryoEM Structure of Escherichia coli FimCH in complex with F7 Fab,False,True
8VWE,2025-07-02,HIV-1 neutralizing antibody D5_AR bound to HIV-1 gp41 coiled-coil pocket IQN17,False,True
9CFF,2025-07-02,Cryo-EM Refinement of Antibody 19-77 in complex with SARS-CoV-2 HK.3 RBD,False,True
8Z9P,2025-07-09,Cryo-EM structure of human GPR4-Gi complex,False,True
9CJY,2025-07-09,CryoEM structure of NC99 hemagglutinin trimer in complex with Fab BB798E 3-C07,False,True
9MPW,2025-07-09,SARS-CoV2 Spike S2 Subunit in complex with M15 Antibody Fragment,False,True
9CR9,2025-07-09,Crystal structure of MA6 Fab in complex with PfCSP repeat region peptide NPNA3,False,True
9CJZ,2025-07-09,CryoEM structure of NC99 hemagglutinin trimer in complex with Fab T009 3-E04,False,True
9MX1,2025-07-09,Clostridioides difficile Toxin A with mCDIFA-248-25 Fab,False,True
9FM1,2025-07-09,Cryo-EM structure of Influenza B/Washington/02/2019 virus hemagglutinin in complex with single-domain antibody hVHH-69.,False,True
9JCO,2025-07-09,Cryo-EM structure of the proton-sensing GPCR (GPR4)-Gs protein complex at pH 6.5,True,False
9JCP,2025-07-09,Cryo-EM structure of the proton-sensing GPCR (GPR4)-Gq protein complex at pH 7.4,True,False
9JCQ,2025-07-09,Cryo-EM structure of the proton-sensing GPCR (GPR4)-Gs protein complex at pH 7.4,True,False
9DAZ,2025-07-09,Molecular basis of pathogenicity of the recently emerged FCoV-23 coronavirus. Complex of fAPN with FCoV-23 RBD,False,True
9FM2,2025-07-09,Cryo-EM structure of Influenza B/Washington/02/2019 virus neuraminidase in complex with single-domain antibody hVHH-525.,False,True
9LMO,2025-07-09,Cryo-EM structure of human apo inactive GPR4,True,True
9RM2,2025-07-09,BKPyV VP1 IN COMPLEX WITH 319C07-FAB,False,True
9NRC,2025-07-09,TMPRSS6 in complex with REGN7999 Fab and REGN8023 Fab,False,True
9E69,2025-07-16,Antibody 5E10,False,True
9H39,2025-07-16,Crystal structure of Lotus japonicus CHIP13 extracellular domain in complex with a nanobody,True,False
9HVI,2025-07-16,PSMA in complex with nanobody 8,True,False
9FYT,2025-07-16,mAbs in complex with cobratoxin at pH 4.5,False,True
9EZA,2025-07-16,Interleukin-31 Receptor D1D2 in complex with Nemolizumab derived scFv,False,True
9J9Z,2025-07-16,"Cryo-EM structure of Outward state Anhydromuropeptide permease (AmpG) complex with GlcNAc-1,6-anhMurNAc",True,True
9KHH,2025-07-16,Structure of the complex of LGR4 with Norrin (2:2),False,True
9HVK,2025-07-16,PSMA in complex with nanobody 7 and 8,True,False
9UOK,2025-07-16,Structure of the complex of LGR4_ECD with Norrin,False,True
9UXD,2025-07-16,"SARS-CoV2 Spike protein with Fab fragment antibody KXD355,state1",False,True
9EI9,2025-07-16,Cryo-EM structure of 5E10 Fab in complex with H3 influenza Victoria 2011 HA trimer,False,True
9IQP,2025-07-16,Crystal structure of the Wuhan SARS-CoV-2 Spike RBD (319-541) complexed with 1p1B10 nanobody,True,False
9UXE,2025-07-16,"SARS-CoV2 Spike protein with Fab fragment antibody KXD355,state2",False,True
8Z9O,2025-07-16,Cryo-EM structure of human GPR4-Gs complex,True,False
9NAB,2025-07-23,Cryo-EM structure of the alpha5beta1 integrin headpiece with OS2966 Fab,False,True
9MQV,2025-07-23,Crystal structure of human 1122A11 Fab in complex with influenza virus neuraminidase from A/Singapore/INFIMH-16-0019/2016 (H3N2),False,True
9JIE,2025-07-23,Rat hepatitis E virus capsid protein E2s domain in complex with Fab C6,False,True
9HVL,2025-07-23,PSMA in complex with nanobody 37,True,False
9JIF,2025-07-23,Hepatitis E virus capsid protein E2s domain (genotype I) in complex with Fab C6,False,True
9DMF,2025-07-23,"Crystal structure of LJF-0085 Fab, a non-human primate antibody targets HIV-1 envelope protein",False,True
9O5S,2025-07-23,minibinder-antigen complex BXMart1-3-MART1-HLA*A02,False,True
9JIG,2025-07-23,Hepatitis E virus capsid protein E2s domain (genotype IV) in complex with Fab C6,False,True
9LVB,2025-07-23,IAA-free AUX1,True,False
9JII,2025-07-23,Rat hepatitis E virus capsid protein E2s domain in complex with Fab C158,False,True
9PC6,2025-07-23,Antibody (1B2) Bound Crosslinked Rifamycin Synthetase Module 1 with a C-terminal Type II Thioesterase,False,True
9H6U,2025-07-23,SARS-CoV-2 S protein in complex with pT1679 Fab,False,True
9N0D,2025-07-23,"JUNV GP1, GP2, SSP complex with neutralizing antibody in a pseudotyped virus membrane",False,True
9MEW,2025-07-23,"JUNV GP1, GP2, SSP and CR1-28 Fab complex in a pseudotyped virus membrane",False,True
9O55,2025-07-23,Structure of a synthetic antibody (RM010) in complex with a class I MHC presenting a hapten-peptide conjugate,False,True
9JIO,2025-07-23,Hepatitis E virus capsid protein E2s domain (genotype I) in complex with Fab H4,False,True
9JIN,2025-07-23,Rat hepatitis E virus capsid protein E2s domain in complex with Fab H4,False,True
9JIM,2025-07-23,Rat hepatitis E virus capsid protein E2s domain in complex with Fab C145,False,True
9JIL,2025-07-23,Rat hepatitis E virus capsid protein E2s domain in complex with Fab C131,False,True
9HIZ,2025-07-23,Complex of the Nanofitin Sac7d-C3(C24A) with a human IgG1 Fc fragment,False,True
9PAT,2025-07-23,Antibody (1B2) Bound Rifamycin Synthetase Module 1 in the Transacylation Mode,False,True
9PAV,2025-07-23,Antibody (1B2) Bound Rifamycin Synthetase Module 1 in the Elongation Mode,False,True
9JIJ,2025-07-23,Hepatitis E virus capsid protein E2s domain (genotype I) in complex with Fab C158,False,True
9JIK,2025-07-23,Rat hepatitis E virus capsid protein E2s domain in complex with Fab C127,False,True
9DN2,2025-07-30,TJ5-1 Fab in complex with NG2 COBRA hemagglutinin,False,True
9G4T,2025-07-30,Beta carbonic anhydrase CsoSCA from the Halothiobacillus neapolitanus alpha-carboxysome,False,True
9ORE,2025-07-30,CryoEM structure of 4F11 Fab bound to stabilized MPV-2c HMPV preF,False,True
9NJY,2025-07-30,Terminal two domains of ClfA002 with bound Fab of AZD7745,False,True
9DO2,2025-07-30,#1664 Fab in complex with NG2 COBRA hemagglutinin,False,True
9OGL,2025-07-30,"BG505 MD39.3 SOSIP.664 in complex with 3BC315, BG18 and VRC01 Fabs",False,True
9JD1,2025-07-30,Crystal structure of TMPRSS2 in complex with Fab,False,True
9B8B,2025-07-30,RM038 Fab in complex with Apex-GT 6.2 trimer and RM20A3 Fab,False,True
9E21,2025-07-30,CryoEM structure of a broadly neutralizing anti-SARS-CoV-2 antibody 52,False,True
9JCY,2025-07-30,Crystal structure of the HCoV-HKU1 RBD in complex with Fab,False,True
9JD0,2025-07-30,Crystal structure of TMPRSS2 in complex with nanobody,True,False
9MLK,2025-07-30,Post-fusion HERV-K Envelope Protein in complex with Kenv-4 Fab,False,True
9B8C,2025-07-30,RM018 Fab in complex with Apex GT 6.2 trimer and RM20A3 Fab,False,True
9CU7,2025-07-30,Structure of 16.ND.92 Fab in complex with A/Solomon Islands/3/2006(H1N1) influenza virus Hemagglutinin,False,True
9P3Y,2025-07-30,Andes virus glycoprotein tetramer in complex with ADI-65534 Fab,False,True
9OGM,2025-07-30,"BG505 MD39.3 Env gp151 MPER nanodisc in complex with 10E8, BG18 and VRC01 Fabs (1x 10E8 Fab)",False,True
9IW2,2025-07-30,Chikungunya virus E protein complexed with C37 Fab,False,True
9E7N,2025-07-30,Pfs230 D13D14 in complex with nanobody W2809,True,False
9E7O,2025-07-30,Pfs230 D13D14 in complex with nanobody W2810,True,False
9E7P,2025-07-30,Pfs230 D13D14 in complex with nanobody W2812,True,False
9U8G,2025-07-30,Crystal structure of TMPRSS2 in complex with nanobody77_10,True,False
9MLA,2025-07-30,Pre-fusion HERV-K Envelope Protein Trimer Ectodomain in complex with Kenv-6 Fab,False,True
9MPC,2025-07-30,Crystal structure of the HIV V2-apex-targeting antibody RM018 from macaque,False,True
9MPB,2025-07-30,"Crystal structure of the HIV V2-apex-targeting antibody RM038, derived from macaque ApexGT6 immunization",False,True
9QBF,2025-08-06,HER2/ErbB2 extracellular domain (ECD) in compact conformation in complex with trastuzumab (TZB) antibody,False,True
9BQW,2025-08-06,Fab F945-DbpA complex,False,True
9MQG,2025-08-06,RM017 Fab in complex with Apex-GT6.2 trimer and RM20A3 Fab,False,True
9MGB,2025-08-06,scFv antibody CL33 bound to R-phycoerythrin,False,True
9MIN,2025-08-06,Structure of a designed minibinder to NYESO1-A*02:01,True,False
9EI8,2025-08-06,Cryo-EM structure of 5E10 Fab in complex with H3 influenza Singapore 2016 HA trimer,False,True
9IZ9,2025-08-06,"VLP structure of Chikungunya virus complexed with C37 Fab, 2f block.",False,True
9J05,2025-08-06,Apo state purinergic receptor P2Y14-BRIL/PPTN/1B3 Fab-4/9Glue,False,True
9QBG,2025-08-06,HER2/ErbB2 extracellular domain (ECD) in extended conformation in complex with trastuzumab (TZB) antibody,False,True
9GCN,2025-08-06,Co-crystal VHH (TPL1158_01_C09) - alpha-cobratoxin (Naja kaouthia),True,False
9LFL,2025-08-13,Cryo-EM structure of linker-extended biparatopic antibody BA1-GP4 in complex with TNFR2,False,True
9JFT,2025-08-13,Cryo-EM structure of GPR65 complexed with miniGs in pH6.5,True,False
9MY8,2025-08-13,D7 Herpes Virus Simplex Neutralizing Nanobody Bound to HSV Glycoprotein gD,True,True
9MVU,2025-08-13,C6 Herpes Virus Simplex Neutralizing Nanobody Bound to HSV Glycoprotein gB,True,False
9MQD,2025-08-13,Cryo-EM structure of hemagglutinin H5N1 in complex with Fab 310-12D03,False,True
9MQ9,2025-08-13,Cryo-EM structure of hemagglutinin H5N1 in complex with Fab 326-289.74,False,True
9O4O,2025-08-13,Cryo-EM structure of CR12044 Fab in complex with influenza virus neuraminidase from A/California/07/2009 (H1N1),False,True
9O9V,2025-08-13,"NCS.1.1 Fab in complex with the sNAp of A/California/04/2009 (CA09, H1N1) -- 4 Fabs [C1 Reconstruction]",False,True
9O4Q,2025-08-13,Cryo-EM structure of Z1A11-GL Fab in complex with influenza virus neuraminidase from A/California/07/2009 (H1N1),False,True
9MQ7,2025-08-13,Cryo-EM structure of hemagglutinin H5N1 in complex with Fab 326-366.26,False,True
9EIT,2025-08-13,"NCS.1 Fab in complex with N5 NA of A/shorebird/Delaware Bay/309/2016 (DB16, H10N5) -- 4 Fabs",False,True
9O4N,2025-08-13,Cryo-EM structure of CR12042 Fab in complex with influenza virus neuraminidase from A/California/07/2009 (H1N1),False,True
9MW5,2025-08-13,D1 Herpes Virus Simplex Neutralizing Nanobody Bound to HSV Glycoprotein gB,True,False
9EJF,2025-08-13,"NCS.1.1 Fab in complex with the sNAp of A/California/04/2009 (CA09, H1N1) -- 4 Fabs [C4 Reconstruction]",False,True
9EJE,2025-08-13,"NCS.1 Fab in complex with N5 NA of A/shorebird/Delaware Bay/309/2016 (DB16, H10N5) -- 3 Fabs",False,True
9MQ8,2025-08-13,Cryo-EM structure of hemagglutinin H5N1 in complex with Fab 310-33-1_H02,False,True
9MQA,2025-08-13,Cryo-EM structure of hemagglutinin H5N1 in complex with Fab 310-7D11,False,True
9O4P,2025-08-13,Cryo-EM structure of AF9C-GL Fab in complex with influenza virus neuraminidase from A/California/07/2009 (H1N1),False,True
8YKD,2025-08-13,Cryo-EM structure of ADGRG2-Gs complex with NTF nanobody,True,True
9Q8L,2025-08-13,Crystal Structure of 21A08Ap1-Fab in Complex with Human PD-1 at 1.85 angstrom Resolution,False,True
9EJZ,2025-08-13,"Human M5 muscarinic acetylcholine receptor complex with mini-Gq, agonist acetylcholine and positive allosteric modulator VU6007678",True,False
9CYE,2025-08-13,Cryo-EM structure of DA03E17 Fab in complex with influenza virus neuraminidase from A/California/07/2009 (H1N1),False,True
9CYF,2025-08-13,Cryo-EM structure of DA03E17 Fab in complex with influenza virus neuraminidase from A/Kansas/14/2017 (H3N2),False,True
9CYH,2025-08-13,Cryo-EM structure of DA03E17 Fab in complex with influenza virus neuraminidase from B/Colorado/06/2017,False,True
9ML2,2025-08-20,A7M08 Fab bound to HPV16 L1 pentamer,False,True
9D41,2025-08-20,Crystal structure of N-terminal domain of Borealin (20-88) in complex with synthetic antibody fragment,False,True
9PZI,2025-08-20,Crystal Structure of synthetic antibody COP-2 in complex with the C-terminal domain of Clostridium perfringens enterotoxin,False,True
9GF5,2025-08-20,CRYSTAL STRUCTURE OF COMPLEX OF ASO BINDING FAB FRAGMENT IN COMPLEX WITH ASO980,False,True
9EHS,2025-08-20,Structure of a human adenosine A3 receptor complex bound to the covalent antagonist LUF7602,True,True
9ML3,2025-08-20,B25M05 Fab bound to HPV16 L1 pentamer,False,True
9ECZ,2025-08-20,Cryo-EM structure of SARS-CoV-2 spike protein in complex with human neutralizing antibody WRAIR-2008 (focused refinement of NTD and WRAIR-2008),False,True
9ECX,2025-08-20,Crystal structure of the SARS-CoV-2 NTD-targeted neutralizing antibody WRAIR-2008,False,True
9GFD,2025-08-20,Crystal structure of ASO binding Fab fragment with ASO139,False,True
9GFF,2025-08-20,BCR Fab from the subset 1 chronic lymphocytic leukaemia case P10015,False,True
9GFG,2025-08-20,BCR Fab from the subset 1 chronic lymphocytic leukaemia case P3129,False,True
9EBH,2025-08-20,Human adenosine A3 receptor Gi1 complex bound to adenosine,False,True
9MI3,2025-08-20,Cryo-EM structure of SARS-CoV-2 spike protein in complex with neutralizing human antibody WRAIR-2008,False,True
9ML1,2025-08-20,D24.1M01 Fab bound to HPV16 L1 pentamer,False,True
9ECY,2025-08-20,Crystal structure of the SARS-CoV-2 NTD-targeted neutralizing antibody WRAIR-2039,False,True
9GFH,2025-08-20,BCR Fab from the subset 1 chronic lymphocytic leukaemia case P1173,False,True
9GFJ,2025-08-20,Crystal structure of ASO binding Fab fragment with ASO143,False,True
9GFL,2025-08-20,Crystal structure of ASO binding Fab fragment,False,True
9K07,2025-08-27,Cryo-EM structure of the DSO-5a-bound human BRS3-Gq complex,True,False
9PYF,2025-08-27,uPA Inhibitory Fab AB2 Complex,False,True
9NPH,2025-08-27,X-ray crystal structure of recombinant Can f 1 in complex with human IgE mAb 1J11 Fab,False,True
9NPI,2025-08-27,X-ray crystal structure of recombinant Can f 1 in complex with human IgE 12F3 Fab,False,True
9NAQ,2025-08-27,Cryo-EM structure of 110_C4 Fab in complex with CIDRa1.7 PfEMP1,False,True
9NPG,2025-08-27,X-ray crystal structure of recombinant Can f 1-C100S in complex with human IgE mAb 12F3 Fab,False,True
9C9D,2025-08-27,Protein receptor,False,True
9P0X,2025-08-27,Nanodisc-embedded human TF/FVIIa/XK1 in complex with 10H10 Fab (nanodisc-subtracted),False,True
9GGG,2025-08-27,Cryo-EM structure of Thromboxane A2 receptor-miniGq Protein Complex bound to I-BOP,False,True
9BX5,2025-08-27,Human Fab 8C1 in complex with OspCA peptide P4 (residues 141-144),False,True
9C1S,2025-08-27,Fab F946 in complex with OspC type A,False,True
9C24,2025-08-27,Fab F946 in complex with OspCB,False,True
9C9C,2025-08-27,Protein receptor,False,True
8VXJ,2025-08-27,The crystal structure of human apolipoprotein A-I in complex with Fab 55201,False,True
9BYF,2025-08-27,Fab 212-55 in complex with OspA,False,True
9OGT,2025-08-27,HIV-1 Env BG505 SOSIP.664-His in complex with PGT122 and 3BNC117 Fabs,False,True
9C9K,2025-08-27,Anti-OspA Fab 319-33,False,True
9CFD,2025-08-27,Fab 8C1 in complex with OspCA peptide P15 (residues 132-146),False,True
9AU0,2025-08-27,Cryo-EM structure of the BW245C-bound prostaglandin D2 receptor (DP1)-Gs complex,True,False
9BR5,2025-08-27,IL1RAP-specific Fab,False,True
9OGU,2025-08-27,HIV-1 Env BG505 SOSIP.664-dPG-His in complex with PGT122 and 3BNC117 Fabs,False,True
9BX7,2025-08-27,Fab 8C1 in complex with OspCA peptide P20 (residues 131-150),False,True
9B6U,2025-09-03,Envelope protein ASU of YFV-17D in complex with 2C9 Fab,False,True
9B6W,2025-09-03,Envelope protein ASU of YFV-ES504 with YFV-17D DIII in complex with 2C9 Fab,False,True
9D96,2025-09-03,KIR3DL - HLA complex,False,True
9IJR,2025-09-03,Cryo-EM structure of the orphan GPR52 beta-arrestin 1 complex bound to ligand c17,False,True
9IMX,2025-09-03,Immune complex of HEV E2s and P1-5B nanobody,True,False
9OS5,2025-09-03,Human antibody Fab MPV498 bound to hMPV B2 post-fusion F,False,True
9HNG,2025-09-03,Structure of A16/G9 (G9 mutant - H44Y) of Vaccinia virus in complex with VHH D07,True,False
9PDX,2025-09-03,Human antibody Fab MPV513 bound to hMPV DsCav-ES2,False,True
9JEB,2025-09-03,Crystal structure of SARS-CoV-2 RBD in complex with a neutralizing antibody scFv N1,False,True
9I2I,2025-09-03,"X-ray structure of the B1 domain of streptococcal protein G triple mutant T2Q, N8D, and N37D (GB1-QDD).",False,True
9R0J,2025-09-03,Structure of A16/G9 (vaccinia virus) in complex with VHH D07 at pH 7.2,True,False
9R0B,2025-09-03,Structure of A16/G9 (vaccinia virus) in complex with VHH D07 at pH 6.5,True,False
9U9V,2025-09-03,beta2-adrenergic receptor in complex with methamphetamine,True,False
9EE5,2025-09-03,Cryo-EM structure of the ONO2550289-bound prostaglandin D2 receptor (DP1)-bRIL-Fab complex,True,True
9EKM,2025-09-03,Thomasclavelia ramosa Immunoglobulin A Protease Middle (Protease) Domain with C-terminal Domain #1 (Metal Chelated),False,True
9EKH,2025-09-03,Cryo-EM structure ONO3030297-bound prostaglandin D2 receptor (DP1)-bRIL-Fab complex,True,True
9D97,2025-09-03,KIR3DL - HLA complex,False,True
9JE3,2025-09-03,Structure of #2-911 Fab in complex with MEDI8852 Fab,False,True
9EI5,2025-09-03,Cryo-EM structure of Apo form of prostaglandin D2 receptor (DP1)-bRIL-Fab complex,True,True
9EKK,2025-09-03,Thomasclavelia ramosa Immunoglobulin A Protease Middle (Protease) Domain with C-terminal Domain #1 (Crystallized as Purified),False,True
9S36,2025-09-03,Cryo-EM structure of Candida albicans Vrg4 bound to an inhibitory nanobody and GDP-Mannose.,True,False
9HLS,2025-09-03,"Structure of A16/G9 (vaccinia virus) in complex with VHH D07, VHH B01 and VHH C05",True,False
9JZQ,2025-09-03,The glycoprotein E of Varicella-Zoster Virus in complex with WLL-1/WLL-28 Fab,False,True
9UVI,2025-09-03,Crystal structure of beta 2 microglobulin in complex with antibody BBM.1,False,True
9IJS,2025-09-03,Cryo-EM structure of the orphan GPR52 bound to beta-arrestin 1 in ligand-free state,False,True
9HPA,2025-09-03,Structure of A16/G9 (vaccinia virus) in complex with VHH D07 and VHH E12,True,False
9DBX,2025-09-03,Structure of AG11-2F01 Fab in complex with A/Solomon Islands/3/2006 (H1N1) influenza virus hemagglutinin,False,True
9R09,2025-09-03,Structure of A16/G9 (vaccinia virus) in complex with VHH D07 at pH 5.7,True,False
9E7K,2025-09-03,Crystal structure of the UCH37 RPN13 DEUBAD complex bound to an inhibitory nanobody in the canonical ubiquitin binding site,True,False
9S35,2025-09-03,Cryo-EM structure of Candida albicans Vrg4 bound to an inhibitory nanobody.,True,False
9GJV,2025-09-03,Fab fragment of an antibody that recognises alpha-1 antitrypsin,False,True
9PDY,2025-09-03,Human antibody Fab MPV510 bound to hMPV DsCav-ES2-IPDS F protein,False,True
9EJC,2025-09-03,Cryo-EM Structure of CXCL1-KSHV ORF74-Gi-scFv16 Complex,False,True
9EKN,2025-09-03,Thomasclavelia ramosa Immunoglobulin A Protease Middle (Protease) Domain with C-terminal Domain #1 (Metal Chelated and Zinc Supplemented),False,True
9MSO,2025-09-10,Crystal structure of MPXV A35R in complex with neutralizing antibody EV35-6,False,True
9JCL,2025-09-10,ADP-bound purinergic receptor 1 with L266P mutant in complex with miniGs/q,True,False
9MSP,2025-09-10,Crystal structure of MPXV A35R in complex with neutralizing antibody EV35-7,False,True
8S72,2025-09-10,Crystal structure of neutralizing Fab Eq4.Dp46-3D from equine antivenom bound to a consensus short chain three finger alpha-neurotoxin.,False,True
9PX5,2025-09-10,Crystal structure of Fab 7268 in complex with MBP-TREM2 Ig domain fusion,False,True
9MSN,2025-09-10,Crystal structure of MPXV A35R in complex with neutralizing antibody EV35-2,False,True
9PWN,2025-09-10,Crystal structure of Fabs 7411 in complex with TREM2 peptide,False,True
9DD6,2025-09-10,Cryo-EM structure of neutralizing murine antibody WS.HSV-1.24 in complex with HSV-1 glycoprotein B trimer gB-Ecto.516P.531E,False,True
8ZRD,2025-09-10,The complex structure of SARS-CoV-2 RBD and llama single-domain antibody S4,False,True
9DD7,2025-09-10,Cryo-EM structure of neutralizing human antibody D48 in complex with HSV-1 glycoprotein B trimer gB-Ecto.516P.531E.DS,False,True
9GMU,2025-09-10,Structure ofhuman aM ligand binding domain in complex with the aCR3 nanobody,True,False
9DET,2025-09-10,Human V-ATPase Vo subcomplex (containing subunit isoform a4) bound to nanobody and inhibitor,True,False
9J9B,2025-09-10,Substrate-engaged TIM23 complex from yeast,False,True
9DD9,2025-09-10,Cryo-EM structure of neutralizing human antibody D48 in complex with HSV-1 glycoprotein B trimer gB-Ecto.516P.531E,False,True
9DD8,2025-09-10,Cryo-EM structure of neutralizing human antibody D48 in complex with HSV-1 glycoprotein B trimer gB-Ecto.516P,False,True
9BSB,2025-09-17,Global reconstruction of DRD2 bound to LSD in complex with a mini-GoA and scFv16 obtained by cryo-electron microscopy (cryoEM),False,True
9HEO,2025-09-17,"Open-state RyR1 in 0.05% POPC micelles, in complex with a nanobody and FKBP",True,False
8ZYE,2025-09-17,Crystal structure of CD38 in complex with RP02 antibody,False,True
9HEQ,2025-09-17,"Open-state RyR1 in 0.01% POPC micelles, in complex with a nanobody and FKBP12",True,False
9CCG,2025-09-17,Fusobacterium nucleatum BamA-Fab 9 complex,False,True
9K2S,2025-09-17,Killer cell immunoglobulin-like receptor 2DL2 in complex with HLA-C*1202 and IY10 peptide,False,True
9RCW,2025-09-17,"Primed-state RyR1 in 0.01% POPC micelles, in complex with a nanobody and FKBP12",True,False
9EA9,2025-09-17,Crystal structure of BoNT/A-NTNH-HA70 -VHH_F12-VHH_H7-Fab_NTNH complex,True,True
9HCO,2025-09-17,Outward-open structure of human serotonin transporter bound to vilazodone,False,True
9R8O,2025-09-17,"Primed-state RyR1 in 0.05% POPC micelles, in complex with a nanobody and FKBP",True,False
9R19,2025-09-17,Crystal structure of human ACE2 in complex with VHH B07 and VHH B10,True,False
9P98,2025-09-24,CryoEM structure of the open integrin alphaEbeta7 bound to fab LF61,False,True
9CDS,2025-09-24,Crystal structure of OspA ST1 from B. burgdorferi bound to monoclonal antibody LA-2,False,True
9S8W,2025-09-24,Human heparanase in complex with neutralizing antibody A54 Fab fragment,False,True
9GST,2025-09-24,LN02-ML85 Fab in complex with crosslinked DS-SOSIP HIV-1 Env trimer,False,True
9JMB,2025-09-24,Cryo-EM structure of HSV-2 gB and FAB 16F9 complex,False,True
9JMS,2025-09-24,Cryo-EM structure of VZV gB and FAB 16F9 complex,False,True
9MQR,2025-09-24,A8 Fab in complex with CD97,False,True
9JMR,2025-09-24,Cryo-EM structure of PRV gB and FAB 16f9 complex,False,True
9JEC,2025-09-24,Cryo-EM structure of canine TNF-alpha complexed with nanobody TNF30K,True,False
9MTH,2025-09-24,Structure of porcine Fab 14-8 in complex with influenza H1N1 A/Solomon Island/3/2006 hemagglutinin,False,True
9MTF,2025-09-24,Structure of porcine Fab 14-1 in complex with influenza H1N1 A/Solomon Island/3/2006 hemagglutinin,False,True
9MTG,2025-09-24,Structure of porcine Fab 14-2 in complex with influenza H1N1 A/Hawaii/70/2019 hemagglutinin,False,True
9MTM,2025-09-24,Structure of porcine Fab 24-1G28 in complex with influenza H1N1 A/Hawaii/70/2019 hemagglutinin,False,True
9P97,2025-09-24,CryoEM structure of the closed integrin alphaEbeta7 bound to fab LF61,False,True
9MTI,2025-09-24,Structure of porcine Fab 15-1 in complex with influenza H3N8 A/Mallard/Alberta/362/2017 hemagglutinin,False,True
9MTJ,2025-09-24,Structure of porcine Fab 15-5 in complex with influenza H1N1 A/Solomon Island/3/2006 hemagglutinin,False,True
9JME,2025-09-24,Cryo-EM structure of BV gB and FAB 16F9 complex,False,True
9MTL,2025-09-24,Structure of porcine Fab 24-1G23 in complex with influenza H1N1 A/Hawaii/70/2019 hemagglutinin,False,True
9MTK,2025-09-24,Structure of porcine Fab 24-1G17 in complex with influenza H1N1 A/Hawaii/70/2019 hemagglutinin,False,True
9JS6,2025-10-01,cryoEM of antibody complexed with immature Zika virus,False,True
9DS3,2025-10-01,Crystal structure of Apo-241_2F04 Fab,False,True
9DSS,2025-10-01,Crystal structure of Fab 7088 in complex with NPNA3 peptide from circumsporozoite protein,False,True
9DST,2025-10-01,Crystal structure of Fab MS-1805 in complex with N-terminal junction peptide from circumsporozoite protein,False,True
9DSU,2025-10-01,Crystal structure of Fab 7088 in complex with N-terminal junction peptide from circumsporozoite protein,False,True
9JPV,2025-10-01,A Fab Fragment of IgG,False,True
9DSR,2025-10-01,Crystal structure of Fab MS-1805 in complex with NPNA3 peptide from circumsporozoite protein,False,True
8YUC,2025-10-01,Crystal structure of SARS-CoV-2 ConSp RBD in complex with antibodies PDI222 Fab and COVA1-16 Fab,False,True
9O2R,2025-10-01,BG505-DS SOSIP in complex with 007 bNAb Fabs - Class 1 (1 Fab bound),False,True
8YUB,2025-10-01,Crystal structure of SARS-CoV-2 ConSp RBD in complex with neutralizing antibody CC25.4 Fab,False,True
9O2S,2025-10-01,BG505-DS SOSIP in complex with 007 bNAb Fabs - Class 2 (2 Fabs bound),False,True
9O2T,2025-10-01,BG505-DS SOSIP in complex with 007 bNAb Fabs - Class 3 (3 Fabs bound),False,True
9NN9,2025-10-01,ISG15 complexed with nanobody,True,False
9VHZ,2025-10-01,Structure of MPXV M1R and hmMM1-40 Fab complex,False,True
9OSR,2025-10-01,Structure of Fab HB420 in complex with influenza H3N2 A/Moscow/10/1999 neuraminidase,False,True
9LF8,2025-10-01,Structure of MPXV M1R and mMM1-16 Fab complex,False,True
9MBA,2025-10-01,Cryo-EM structure of complex of transducer-bound GPCR,False,True
9JRS,2025-10-01,Crystal structure of BH1,False,True
9JS7,2025-10-01,cryoEM of antibody complexed with mature Zika virus,False,True
9PKF,2025-10-01,Mur35 Fab with HBV c18I pMHC,False,True
9PEE,2025-10-01,Cryo-EM structure of CCR6 bound by PF-07054894 and OXM2,True,True
9PIX,2025-10-01,Mur14 Fab with HBV c18V pMHC,False,True
9PKC,2025-10-01,Mur35 Fab with HBV c18V pMHC,False,True
9PKV,2025-10-01,HU-38 Fab with PRAME pMHC,True,True
9LUK,2025-10-08,Crystal structure of Switchbody based on anti-osteocalcin antibody KTM219 Fab,False,True
9NFC,2025-10-08,Structure of the cross-HLA supertype antibody R302 bound to a class I MHC presenting a divarasib-modified KRAS-G12C peptide on HLA-A*03,False,True
9GVL,2025-10-08,type-I interferons autoantibody pmab15 in complex with Interferon alpha-2,False,True
9NFB,2025-10-08,Structure of the cross-HLA supertype antibody R302 bound to a class I MHC presenting a divarasib-modified KRAS-G12C peptide on HLA-A*02,False,True
9GVO,2025-10-08,type-I interferons autoantibodies pmab15 and pmab14 in complex with Interferon alpha-2,False,True
9BBN,2025-10-08,Cryo-EM structure of Chikungunya virus asymmetric unit with Fab C9,False,True
9GW5,2025-10-08,"type-I interferon autoantibodies pmab3, pmab19 and pmab14 in complex with Interferon alpha-2",False,True
9N4E,2025-10-08,Structure of AG2-G02 Fab in complex with influenza H3N8 A/Mallard/Alberta/362/2017 Hemagglutinin,False,True
9C6Y,2025-10-08,Crystal structure of SARS-CoV-2 XBB.1.5 RBD bound to COV2-3906 Fab,False,True
9C7S,2025-10-08,Cryo EM structure of SARS-COV-2 (BQ 1.1) RBD in complex with Fab COV2-3891 (local refine),False,True
9N4F,2025-10-08,Structure of 240-14-IgA_2F02 Fab in complex with influenza H3N8 A/Mallard/Alberta/362/2017 Hemagglutinin,False,True
9LRF,2025-10-15,Killer immunoglobulin receptor KIR2DL2 in complex with KIR2DL2_KIR2DL2/3 agonist 61-Fab,False,True
9LRA,2025-10-15,Killer immunoglobulin receptor KIR2DL2 in complex with Pan2D Fab,False,True
9LRH,2025-10-15,Killer immunoglobulin receptor KIR2DL2 in complex with KIR2DL2_KIR2DL2/3 agonist 61-scFv,False,True
9DVB,2025-10-15,Thermus thermophilus MreC-MreD complex with an internal MreD BRIL fusion and an anti-BRIL Fab,False,True
9N6U,2025-10-15,Crystal structure of 18F25 malarial antibody,False,True
9N5H,2025-10-15,"Endogenous Pfs230D1-6 in complex with RUPA-97, LMIV230-01, and 2A2 Fab domains",False,True
9DVC,2025-10-15,Thermus thermophilus MreC-MreD complex with a C-terminal MreD BRIL fusion and an anti-BRIL Fab,False,True
9N5I,2025-10-15,Endogenous Pfs230D13-14 in complex with Pfs48/45 bound to anti-Pfs48/45 Fabs RUPA-71 and RUPA-44,False,True
8YY6,2025-10-15,Structure of a murine monoclonal antibody Fab5 targeting Epstein-Barr virus gB,False,True
9K3T,2025-10-15,Cryo-EM structure of TMPRSS2 in complex with Fab fragments of 752 mAb and 2228 mAb,False,True
9N89,2025-10-15,Crystal structure of 2A2 malarial antibody,False,True
9N7K,2025-10-15,Crystal structure of human anti-Pfs48/45 transmission-blocking antibody RUPA-71,False,True
9I1Q,2025-10-15,HER3 receptor in complex with the Fab fragment of TK-hu A3 monoclonal antibody,False,True
9DVD,2025-10-15,Cryo EM structure of Hendra G ectodomain in complex with Ephrin-B2 and Fab HENV-270,False,True
9UB6,2025-10-22,Crystal structure of SFTSV Gn head with nanobody Nb261,True,False
9L42,2025-10-22,Cryo-EM structure of human histamine receptor H4R in complex with agonist histamine and Gi proteins,False,True
9N8Q,2025-10-22,Crystal structure of Trastuzumab Fab with P151A,False,True
9JY1,2025-10-22,delta epsilon/delta epsilon Fab-TCR tetramer,False,True
9K2Y,2025-10-22,"Human IgG1 Fc fragments, mutant (2CT1.1)",False,True
9K34,2025-10-22,"Human IgG1 Fc fragments, mutant (2CT1.9)",False,True
9JRO,2025-10-22,Structural Insights into Selective Antagonism of PF04418948 and EP2 Prostaglandin Receptor,False,True
9JRT,2025-10-22,Structural Insights into Selective Antagonism of TG6-129 and EP2 Prostaglandin Receptor,False,True
9HH9,2025-10-22,Cryo-EM structure of VSV-Indiana glycoprotein (MUDD-SUMMERS strain) in its pre-fusion conformation in complex with 8G5F11 Fab,False,True
9JQZ,2025-10-22,Structural Insights into Selective Antagonism Grapiprant and EP4 Prostaglandin Receptor,False,True
9JQY,2025-10-22,Structural Insights into Selective Antagonism of TG6-129 and EP4 Prostaglandin Receptor,False,True
9BHH,2025-10-22,Cryo-EM structure of Chikungunya virus asymmetric unit with Fab IM-CKV063,False,True
9JY0,2025-10-22,Fab-CD3-gamma epsilon-TCR complex,False,True
9UAZ,2025-10-29,Cryo-EM structure of the M1 muscarinic acetylcholine receptor bound to atropine and nanobody NbA12,True,False
9UBQ,2025-10-29,HBsAg in complex with H020 Fab,False,True
9UCP,2025-10-29,cryo-EM structure of M1 muscarinic acetylcholine receptor-alpha5 helix of G11 protein complex bound to iperoxo and nanobody Nb1B4,True,False
9SGH,2025-10-29,Bimekizumab Fab in complex with human interleukin-17A,False,True
9UK5,2025-10-29,crystal structure of the complex of interleukin-31 and its antibody,False,True
8Z8A,2025-10-29,Cryo-EM structure of the Lactate-bound human HCAR1-Gi1 complex,False,True
8Z8B,2025-10-29,Cryo-EM structure of human HCAR1-Gi complex without ligand (apo state),False,True
9E2A,2025-10-29,Glucagon Like Peptide Receptor-1 (GLP1R) A316T mutant with GLP-1 peptide. Dominant negative Gs complex.,True,False
9E3H,2025-10-29,Cryo EM structure of pertussis toxin in complex with neutralizing Fab PERT-61,False,True
9MKN,2025-10-29,Structure of the Respiratory Syncytial Virus Fusion Protein Bound to Human Antibodies RSV_2245 and RSV_3301,False,True
9E3K,2025-10-29,Cryo EM structure of pertussis toxin in complex with neutralizing Fab PERT-199,False,True
9E3L,2025-10-29,Cryo EM structure of pertussis toxin in complex with neutralizing Fab PERT-169 and PERT-203,False,True
9EYD,2025-10-29,Structural basis of specific lysine transport by Pseudomonas aeruginosa permease LysP,True,False
9EZE,2025-10-29,Structure of subdomain 3 of the Plasmodium vivx Duffy binding protein (PvDBP) bound to human antibody DB9,False,True
9EZH,2025-10-29,Structure of single-domain antibody VHH_h4 in complex with human Vsig4,False,True
9EZI,2025-10-29,Structure of single-domain antibody VHH_h5 in complex with human Vsig4,False,True
9EZU,2025-10-29,Structure of the single-domain antibody VHH_h1 in complex with human Vsig4,False,True
9EZV,2025-10-29,Structure of the single-domain antibody VHH_h2 in complex with human Vsig4,False,True
9EZW,2025-10-29,Structure of the single-domain antibody VHH_h3 in complex with human Vsig4,False,True
9H1J,2025-10-29,Crystal structure of the p62 UBA domain bound to VHH 6C10,True,False
9HHR,2025-10-29,Cryo-EM structure of VSV-Indiana glycoprotein (MUDD-SUMMERS strain) in its post-fusion conformation in complex with 8G5F11 Fab,False,True
9E3J,2025-10-29,Cryo EM structure of pertussis toxin in complex with neutralizing Fab PERT-171,False,True
9SFX,2025-10-29,Secukinumab Fv in complex with human IL-17A,False,True
9SG2,2025-10-29,Ixekizumab Fab in complex with human IL-17A,False,True
9VP0,2025-10-29,Structural insights into IL-31 signaling inhibition by a neutralization antibody,False,True
9K6Y,2025-10-29,Cryo-EM structure of SARS-CoV-2 prototype spike protein in complex with H4 Fab (local refinement),False,True
9NZ3,2025-10-29,SARS-CoV M protein dimer in complex with JNJ-9676 and FAb B,False,True
9NZ4,2025-10-29,SARS-CoV M protein dimer in complex with FAb B,False,True
9NZ5,2025-10-29,MERSmut-CoV M protein dimer in complex with FAb B,False,True
9R1G,2025-11-05,Cryo-EM structure of human MATE1,False,True
9BOP,2025-11-05,A broadly-neutralizing antibody against Ebolavirus glycoprotein that can potentiate the breadth and neutralization potency of other anti-glycoprotein antibodies,False,True
9OMG,2025-11-05,Cryo-EM structure of rhesus antibody V033-a.I1 in complex with HIV Env trimer Q23.17 MD39,False,True
9MQ3,2025-11-05,Cryo-EM map of H5 HA (A/Jiangsu/NJ210/2023) in complex with monoclonal fab 6G1,False,True
9R1F,2025-11-05,Cryo-EM structure of human MATE1 in complex with metformin,False,True
9MQ2,2025-11-05,Cryo-EM map of H5 HA (A/Jiangsu/NJ210/2023) in complex with monoclonal fab 12G1,False,True
9MQ1,2025-11-05,Cryo-EM map of H5 HA (A/Jiangsu/NJ210/2023) in complex with monoclonal fab 20D10,False,True
9UDT,2025-11-05,Single-chain Fv antibody of C6 complex with NNP-Cap,False,True
9R1E,2025-11-05,Cryo-EM structure of human MATE1 in complex with MPP,False,True
9R10,2025-11-05,Cryo-EM structure of human MATE1 in complex with cimetidine,False,True
9PUO,2025-11-05,Neutralizing monoclonal antibody Fab fragment bound to leptin,False,True
9PUK,2025-11-05,Neutralizing monoclonal antibody Fab fragment for human leptin,False,True
9UDU,2025-11-05,Single-chain Fv antibody of E11 complex with NNP-Cap,False,True
9UDS,2025-11-05,Single-chain Fv antibody of C6,False,True
9H77,2025-11-05,MPP8 chromodomain in complex with nanobody 3A02,True,False
9OOK,2025-11-05,Cryo-EM structure of vaccine-elicited antibody T3_QB_G12 in complex with HIV Env trimer Q23-APEX-GT1,False,True
9QZQ,2025-11-05,CryoEM structure of nanodisc-reconstituted human NTCP in complex with grafted NTCP_Nb1 and NabFab,True,False
9RIU,2025-11-05,Co-crystal of broadly neutralizing VHH in complex with short neurotoxin 1 (P01426) Naja pallida,True,True
9VUZ,2025-11-05,an engineered light chain single-domain antibody targeting at mouse CD16,False,True
9UDO,2025-11-05,Single-chain Fv antibody of F8 complex with NNP-Cap,False,True
9UDP,2025-11-05,Single-chain Fv antibody of B2,False,True
9UDR,2025-11-05,Single-chain Fv antibody of B2 complex with NP-glycine,False,True
9UDN,2025-11-05,Single-chain Fv antibody of F8,False,True
9M6J,2025-11-12,Crystal structure of S. aureus protein A bound to a camelid single-domain antibody,False,True
9M5D,2025-11-12,Crystal structure of S. aureus protein A bound to a human single-domain antibody,False,True
9NQ3,2025-11-12,Crystal structure of SARS-CoV-2 S2 directed Fab 1871,False,True
9N5Z,2025-11-12,Hemagglutinin CA09 homotrimer bound to AMB38310/AMB38599 Fab,False,True
9NH7,2025-11-12,"CryoEM Structure of De Novo VHH, VHH_flu_01, bound to influenza HA, strain A/USA:Iowa/1943 H1N1.",True,False
9H8H,2025-11-12,Structure of DC11 anti tau antibody Fab fragment,False,True
9NFU,2025-11-12,CryoEM Structure of De Novo Antibody Fragment scFv 6 with C. difficile Toxin B (TcdB),False,True
9IYI,2025-11-12,"VLP structure of Chikungunya virus complexed with C34 Fab, 2f block.",False,True
9N5Y,2025-11-12,Hemagglutinin CA09 homotrimer bound to AEL31302/AEL31311 Fab,False,True
9KFW,2025-11-12,NMR structure of an agonistic OX40 nanobody,True,False
9NQZ,2025-11-12,cryo-EM structure of broad betacoronavirus binding antibody 1871 in complex with OC43 S2 subunit,False,True
9I5E,2025-11-12,A Coiled Coil Module Strategy for High-Resolution Cryo-EM Structures of Small Proteins for Drug Discovery,True,False
9MVX,2025-11-12,Crystal structure of knob-in-hole immunoglobulin G1 Fc heterodimer with P374A,False,True
9OOG,2025-11-12,Cryo-EM structure of vaccine-elicited antibody T3_NB_G05 in complex with HIV Env trimer Q23-APEX-GT1.N187S,False,True
9P4C,2025-11-12,Crystal structure of Mesothelin C-terminal peptide-RO4 Fab complex,False,True
9PXU,2025-11-12,Inactive-state naloxone-mu opioid receptor nanobody6 complex,True,True
9M6O,2025-11-12,Crystal structure of S. aureus protein A bound to a camelid single-domain antibody,False,True
9U74,2025-11-12,Respiratory Syncytial Virus pre-F trimer bound by neutralizing antibody PR306007,False,True
9OOM,2025-11-12,Cryo-EM structure of vaccine-elicited antibody T6_P_H03 in complex with HIV Env trimer Q23-APEX-GT1,False,True
9SHD,2025-11-19,Structure of vaccinia virus A26 (residues 1-397) in complex with Fab 10M2146,True,True
9NCF,2025-11-19,Icosahedral capsid assembly of phage JohannRWettstein (Bas63),False,True
9UYN,2025-11-19,Cryo-EM structure of the G protein-coupled receptor 1 (GPR1) bound to beta-arrestin 1 in ligand-free state,True,False
9UYM,2025-11-19,Composite map of the G protein-coupled receptor 1 (GPR1) bound to chemerin and beta-arrestin 2,True,False
9PW4,2025-11-19,Structure of V30V4 in complex with SARS-CoV-2 spike,False,True
9UYL,2025-11-19,Cryo-EM structure of the G protein-coupled receptor 1 (GPR1) bound to chemerin and beta-arrestin 1 (Conformation 4),True,False
9X1H,2025-11-19,Cryo-EM Structure of human complement C1s CUB domain in complex with RAY121,False,True
9P93,2025-11-19,Cryo-EM structure of the PAC1sR-VIP-Gs complex,True,False
9QT3,2025-11-19,Structure of vaccinia virus A26 (residues 1-397) in complex with Fab 8M2110,True,True
9VFT,2025-11-19,Structure of mature CVA6 virus complexed with 3H7 Fab,False,True
9VCA,2025-11-19,Binding site between C-reactive protein and c2cc monoclonal antibody,False,True
9UYI,2025-11-19,Cryo-EM structure of the G protein-coupled receptor 1 (GPR1) bound to chemerin and beta-arrestin 1 (Conformation 2),True,False
9UYH,2025-11-19,Cryo-EM structure of the G protein-coupled receptor 1 (GPR1) bound to chemerin and beta-arrestin 1 (Conformation 1),True,False
9MTE,2025-11-19,CryoEM structure of extracellular domain of human HER2 complexed with two nano-bodies 27A05 and 47D05,True,False
9VFU,2025-11-19,Structure of mature CVA6 virus complexed with 1F4 Fab,False,True
9CF5,2025-11-19,STRUCTURE OF CD4 MIMETIC CJF-III-288 IN COMPLEX WITH BG505 SOSIP.664 HIV-1ENV TRIMER AND 17B FAB,False,True
9VG1,2025-11-19,Structure of CVA6 empty capsid complexed with 3H7 Fab,False,True
9UYJ,2025-11-19,Cryo-EM structure of the G protein-coupled receptor 1 (GPR1) bound to chemerin and beta-arrestin 1 (Conformation 3),True,False
9MTX,2025-11-19,CryoEM structure of extracellular domain of human HER2 complexed with nano-bodies 29E09,True,False
9IXA,2025-11-19,Cryo-EM structure of chikungunya virus glycoprotein E1-E2 with C34 Fab.,False,True
9KKJ,2025-11-19,Structure of Nectin-4 D1 domain in complex with the Fab fragment of 9MW2821 mAb,False,True
9KMC,2025-11-19,Cryo-EM structure of the heterotrimeric interleukin-2 receptor in complex with interleukin-2 and anti-CD25 Fab S417,False,True
9LUE,2025-11-26,Cryo-EM structure of the Nipah G head domain in complex with three Fabs,False,True
9RSJ,2025-11-26,Cryo-EM structure of MATE transporter NorM-VC in complex with doxorubicin,True,True
9I59,2025-11-26,RVFV GnH complexed with RVFV-379 Fab,False,True
9IA4,2025-11-26,Bc8.108 Fab,False,True
9ME4,2025-11-26,Antibody fragments from mAb475 and mAb824 bound to the adhesin protein FimH,False,True
9ME5,2025-11-26,Antibody fragments from mAb824 and mAb926 bound to the adhesin protein FimH,False,True
9ME6,2025-11-26,"Antibody fragments from mAb21, mAb475, and mAb824 bound to the adhesin protein FimH",False,True
9ME7,2025-11-26,Antibody fragments from mAb21 and mAb824 bound to the adhesin protein FimH containing alpha-methyl mannose,False,True
9IAT,2025-11-26,Bc8.121 Fab,False,True
9PTM,2025-11-26,Antibody fragment from mAb824 bound to the adhesin protein FimH.,False,True
9KUG,2025-11-26,Structure of EP67 bound to human C5aR1 in complex with Go,False,True
9KUT,2025-11-26,Structure of JR14a bound to human C3aR in complex with Go,False,True
9LU3,2025-11-26,LN1F9 Fab bound to Nipah Virus attachment (G) glycoprotein head domain,False,True
9KV8,2025-11-26,Structure of human TLQP21 bound to mouse C3aR in complex with Go,False,True
9KWG,2025-11-26,Structure of mouse C5a bound mouse C5aR1 in complex with Go,False,True
9KWX,2025-11-26,Structure of mouse C5a-desArg bound mouse C5aR1 in complex with Go,False,True
9KV6,2025-11-26,Structure of mouse TLQP21 bound to mouse C3aR in complex with Go,False,True
9KX6,2025-11-26,Structure of human C5a-desArg bound mouse C5aR1 in complex with Go,False,True
9KXS,2025-11-26,Structure of EP67 bound mouse C5aR1 in complex with Go,False,True
9MR1,2025-11-26,SARS-CoV-2 S2 monomer in complex with R125-61 Fab,False,True
9KZ2,2025-11-26,Structure of EP67 bound human C3aR in complex with Go,False,True
9KZ8,2025-11-26,Structure of EP67 bound mouse C3aR in complex with Go,False,True
9UMX,2025-11-26,Structure of EP54 bound human C5aR1 in complex with Go,False,True
9UMR,2025-11-26,Structure of C5a-pep bound human C5aR1 in complex with Go,False,True
9UMJ,2025-11-26,Structure of EP54 bound mouse C3aR in complex with Go,False,True
9KZK,2025-11-26,Structure of mouse C3a bound mouse C3aR in complex with Go,False,True
9MR2,2025-11-26,SARS-CoV-2 S2 monomer in complex with NICA01A-1401 Fab,False,True
9L0H,2025-11-26,Structure of JR14a bound mouse C3aR in complex with Go,False,True
9KVP,2025-11-26,Structure of SB290157 bound to human C3aR in complex with Go (Full map),False,True
9HUD,2025-11-26,Alpha-1-antitrypsin in the cleaved conformation in complex with a conformationally nonselective Fab fragment,False,True
9IA3,2025-11-26,Bc8.108 Fab bound to preS2 peptide,False,True
9LOC,2025-11-26,Cryo-EM structure of human FcRL5 bound to IgG-Fc,False,True
9LOD,2025-11-26,Local structure of human FcRL5 bound to IgG-Fc,False,True
9NJL,2025-11-26,MARV GP in complex with MARV16 Fab,False,True
9JY2,2025-11-26,Fab-CD3-delta epsilon-TCR complex,False,True
9YP2,2025-12-03,Structure of HaCV P domain in complex with Nanobody 7,True,False
9OT6,2025-12-03,Cryo-EM structure of the PI4KA complex bound to an EFR3 interfering nanobody (F3IN),True,False
9JG1,2025-12-03,Cryo-EM structure of Adriforant-bound Histamine receptor 4 H4R at inactive state,False,True
9HI4,2025-12-03,Structure of FI6-focused design_03 scaffold in complex with FI6-Fab,False,True
9OUV,2025-12-03,Crystal structure of human IGG1 FC fragment-FC-gamma receptor IIB complex,False,True
9EI0,2025-12-03,Human Kv1.3 mutant - G427H with A0194009G09 nanobodies,True,False
9MCY,2025-12-03,CRYSTAL STRUCTURE OF HUMAN IGG1 FC FRAGMENT-FC-GAMMA RECEPTOR IIA COMPLEX R131 VARIANT,False,True
9MCX,2025-12-03,CRYSTAL STRUCTURE OF HUMAN IGG1 FC FRAGMENT-FC-GAMMA RECEPTOR IIA COMPLEX H131 VARIANT,False,True
9PZ5,2025-12-03,Native anti-NANP Fab,False,True
9OP1,2025-12-03,Cryo-EM structure of Candida albicans fluoride channel FEX in complex with Fab fragment,False,True
9LHO,2025-12-03,CryoEM structure of H7 hemagglutinin in complex with a human neutralizing antibody 6Y13,False,True
9PZ6,2025-12-03,Anti-NANP Fab with G112T light chain mutation,False,True
9HI6,2025-12-03,Structure of scaffold FI6-focused design_04 in complex with FI6-Fab,False,True
9OFQ,2025-12-03,HCoV-229E S2P bound by one DH1533 Fab,False,True
9NRY,2025-12-03,Venezuelan Equine Encephalitis Virus in complex with the single domain antibody V2C3,True,True
9NRZ,2025-12-03,Venezuelan Equine Encephalitis Virus in complex with the single domain antibody V3A8f,True,True
9N5P,2025-12-03,CRYSTAL STRUCTURE OF HUMAN IGG2 FC FRAGMENT-FC-GAMMA RECEPTOR IIA COMPLEX H131 VARIANT,False,True
9NRX,2025-12-03,Venezuelan Equine Encephalitis Virus in complex with the single domain antibody V2B3,True,True
9Q0P,2025-12-03,Human anti-EBV gH/gL Fab (AMMO1) with G111T light chain mutation,False,True
9OFO,2025-12-03,HCoV-229E S2P bound by three DH1533 Fabs,False,True
9OJV,2025-12-10,Crystal structure of monoclonal J2 antibody bound to dsRNA,False,True
9L15,2025-12-10,Structure of SARS-CoV-2 EG.5.1 Variant Spike protein complexed with antibody XGi-203,False,True
9YQ2,2025-12-10,Chlorella virus hyaluronan synthase bound to DDM,True,False
9PV5,2025-12-10,10E8-GT10.2 immunogen in complex with Rhesus macaque Fab W3-05 and mouse Fab W6-03,False,True
9N6E,2025-12-10,L9-targeting immunogen bound to three copies of L9 Fab,False,True
9YDQ,2025-12-10,Human delta opioid receptor complex with mini-Gi and agonist DADLE and allosteric modulator MIPS3614,True,False
9PV4,2025-12-10,MPER-GT12 immunogen in complex with human Fab 10E8 and mouse Fab W6-10,False,True
9KT8,2025-12-10,Cryo-EM structure of HCA2-Gi complex with acifran,False,True
9KT7,2025-12-10,Cryo-EM structure of HCA2-Gi complex with MK6892,False,True
9LAD,2025-12-10,Crystal structure of the complex between Neuronal Pentraxin 2 (NP2 PTX) and antibody fragment VHH N1,True,True
9HIH,2025-12-10,Mouse IL-2 fused to S4B6 Fab fragment,False,True
9U80,2025-12-10,Cryo-EM structure of conivaptan-bound human vasopressin V2 receptor complex with Fab,False,True
9YDP,2025-12-10,Human delta opioid receptor complex with mini-Gi and agonist DADLE,True,False
9L2L,2025-12-10,Structure of SARS-CoV-2 EG.5.1 Variant Spike protein complexed with antibody XGi-198,False,True
9GLZ,2025-12-10,KRas-G12D-GMPPnP in complex with the nanobody KM12-AM,True,False
9YQ5,2025-12-10,Chlorella virus hyaluronan synthase bound to an inserted UDP-GlcA,True,False
9PI9,2025-12-10,Sacituzumab Fab bound to Trop2 Dimer,False,True
9YDR,2025-12-10,Human delta opioid receptor complex with mini-Gi and agonist DADLE and allosteric modulator MIPS3983,True,False
9L07,2025-12-10,The local refined map of SARS-CoV-2 EG.5.1 Variant Spike protein complexed with antibody XGi-203,False,True
9L05,2025-12-10,The local refined map of SARS-CoV-2 EG.5.1 Variant Spike protein complexed with antibody XGi-198,False,True
9KZZ,2025-12-10,Structure of SARS-CoV-2 EG.5.1 Variant Spike protein complexed with antibody XGi-171,False,True
9KZE,2025-12-10,The local refined map of SARS-CoV-2 EG.5.1 Variant Spike protein complexed with antibody XGi-183,False,True
9YQ4,2025-12-10,Chlorella virus hyaluronan synthase bound to a proofreading UDP-GlcA,True,False
9PV3,2025-12-10,10E8-GT12 immunogen in complex with mouse Fabs SA2911 and W6-10,False,True
9U81,2025-12-10,Cryo-EM structure of tolvaptan-bound human vasopressin V2 receptor complex with Fab,False,True
9HJ9,2025-12-10,H1-H3 chimeric hemagglutinin,False,True
9Q0W,2025-12-10,Cryo-EM Structure of HIV-1 BG505DS-SOSIP.664 Env Trimer Bound to DFPH-a.01_10R59P_LC Fab,False,True
9KZD,2025-12-10,The local refined map of SARS-CoV-2 EG.5.1 Variant Spike protein complexed with antibody XGi-171,False,True
9PZV,2025-12-17,"Native GluN1/GluN2A in complex with 5F11 and 3D2 Fabs, local ATD dimer",False,True
9PZT,2025-12-17,"Native GluN1/GluN2A in complex with 5F11 and 3D2 Fabs (class 3), glycine and glutamate-bound state",False,True
9PZW,2025-12-17,"GluN1/GluN2A in complex with 3D2 Fab, glycine and glutamate-bound state",False,True
9PZS,2025-12-17,"Native GluN1/GluN2A/GluN2B in complex with 5F11 and 3D2 Fabs (class 1), glycine and glutamate bound state",False,True
9PZR,2025-12-17,"GluN1/GluN2A in complex with polyclonal autoantibody Fab fragments (class 2), glycine- and glutamate-bound state",False,True
9PZU,2025-12-17,"Native GluN1/GluN2B in complex with 5F11 Fab (class 4), glycine and glutamate-bound state",False,True
9HKQ,2025-12-17,Structure of VHH5 targeting NY-ESO-1(SLLMWITQC)/HLA-A*02:01,False,True
9PZX,2025-12-17,"GluN1/GluN2A in complex with 3D2 Fab, local ATD dimer",False,True
9HLL,2025-12-17,murine aM I-domain in complex with nanobody aCR3,True,False
9YTF,2025-12-17,TCR mimic antibody vAB-30 in complex with MAGE-A3 in HLA-A1,True,True
9PZQ,2025-12-17,"GluN1/GluN2A in complex with polyclonal autoantibody Fab fragments (class 1), glycine- and glutamate-bound state",False,True
9VX2,2025-12-17,Crystal structure of the apo form of HisMab-1 Fab,False,True
9YTD,2025-12-17,Designed antibody vAB66 targeting PAP-HLA A*02:01,True,True
9UO3,2025-12-17,Cryo-EM structure of the human IgM-Fc hexamer,False,True
9DIM,2025-12-17,Q23.MD39 in Complex with Fab from antibody 35O22,False,True
9UO4,2025-12-17,Cryo-EM structure of the chimeric human IgM-Fc hexamer,False,True
9PNU,2025-12-17,Cryo-EM structure of K001-A1 Fab in complex with HIV-1 459C-OPT RnS DS-SOSIP Env trimer,False,True
9PNN,2025-12-17,Cryo-EM structure of J601-A6 Fab in complex with HIV-1 BG505 DS-SOSIP Env trimer,False,True
9UO5,2025-12-17,Cryo-EM structure of the human IgG-Fc hexamer,False,True
9Z5Q,2025-12-17,"HECT domain of NEDD4-2 complex with a targeted nanobody, nb.C11",True,False
9M5B,2025-12-17,A Human Fc Receptor Ectodomain in Complex With a Fab,False,True
9PNI,2025-12-17,Cryo-EM structure of J601-1B2 Fab in complex with HIV-1 BG505 DS-SOSIP Env trimer,False,True
9NWW,2025-12-17,Single-particle cryo-EM structure of the first variant of mobilized colistin resistance (MCR-1) in its ligand-bound state,False,True
9PD2,2025-12-17,Crystal structure of PILRA in complex with Fab portion of antagonist antibody,False,True
9DHW,2025-12-17,Q23.MD39 in Complex with Fabs from antibodies CH01 iGL and 35O22,False,True
9L4H,2025-12-24,Crystal structure of HLA-C*14:03 complexed with KIR2DL2,False,True
9HO4,2025-12-24,Crystal Structure of the Human Frataxin protein in complex with a tailored Camelid Nanobody 6B1,True,False
9X45,2025-12-24,Cryo-EM structure of renal amyloid fibril from an immunoglobulin light chain amyloidosis patient in polymorph A,False,True
9GVG,2025-12-24,P116 from Mycoplasma pneumoniae in complex with mild growth suppressor monoclonal antibody,False,True
9OSX,2025-12-24,PfCyRPA-EM epitope mimic bound to monoclonal antibody Cy.004,False,True
9HO6,2025-12-24,Crystal Structure of the Human Frataxin protein in complex with a tailored Camelid Nanobody 16C10,True,False
9YZZ,2025-12-24,Crystal structure of Trastuzumab Fab conjugated to Linker-Payload,False,True
9L4I,2025-12-24,Crystal structure of HLA-C*14:02 complexed with KIR2DL2,False,True
9OKA,2025-12-24,Cardiac lambda-6 light chain amyloid AL-224L single protofilament,False,True
9P1M,2025-12-24,Cryo-EM structure of CD73 in complex with antibody Sym024,False,True
9V91,2025-12-24,Cryo-EM structure of renal amyloid fibril from an immunoglobulin light chain amyloidosis patient in polymorph B,False,True
9PF9,2025-12-24,X-ray crystal structure of ATX-350-2 Fab bound to Epstein-Barr virus glycoprotein 350,False,True
9MPX,2025-12-24,"Crystal structure of RM014, a macaque-derived HIV V2-apex-targeting antibody from ApexGT6 immunization",False,True
9QPY,2025-12-24,Structure of the Complement classical and lectin pathway C3 convertase,True,False
9QK2,2025-12-24,Structure of the Complement classical and lectin pathway C3 convertase in complex with substrate C3,True,False
9HO5,2025-12-24,Crystal Structure of the Human Frataxin protein in complex with a tailored Camelid Nanobody 4A7,True,False
9OG1,2025-12-24,Globular domain of monkeypox virus OPG153 (A28) bound to antibody 02M12,False,True
9OG2,2025-12-24,Globular domain of monkeypox virus OPG153 (A28) in complex with antibodies 08E11 and 12I12,False,True
9PRU,2025-12-31,Complex of the 3G8 Fab bound to Fc gamma receptor 3a / CD16a F158 allotype,False,True
9UZG,2025-12-31,"Crystal structure of Kasokero virus cap- snatching endonuclease in complex with 2,4-dioxo-4-phenylbutanoic acid (DPBA)",False,True
9UZC,2025-12-31,Crystal structure of Kasokero virus cap- snatching endonuclease in complex with manganese ions,False,True
9VOR,2025-12-31,Cryo-EM Structure of Human GPR158 Bound to Nanobody Nb20,True,False
9UZE,2025-12-31,Crystal structure of Kasokero virus cap- snatching endonuclease (E682A mutant),False,True
9UZA,2025-12-31,Crystal structure of Crimean-Congo hemorrhagic fever virus cap-snatching endonuclease,False,True
9YC3,2025-12-31,Crystal structure of malaria transmission-blocking antigen PfHAP2 domain 3 in complex with nanobody WNb 334,True,False
9V0P,2025-12-31,Cryo-EM structure of RSV pre-F in complex with antibody CNR2053,False,True
9V0T,2025-12-31,Cryo-EM structure of hMPV pre-F in complex with antibody CNR2047,False,True
9YKA,2025-12-31,Cryo-EM structure of post-fusion EBV gB in complex with AMMO2 fab,False,True
9UZD,2025-12-31,Crystal structure of Kasokero virus cap- snatching endonuclease (E668A mutant),False,True
9V0N,2025-12-31,Cryo-EM structure of RSV pre-F in complex with antibody CNR2042,False,True
9UZF,2025-12-31,Crystal structure of Kasokero virus cap- snatching endonuclease (D719A mutant),False,True
9V0Q,2025-12-31,Cryo-EM structure of RSV pre-F in complex with antibody CNR2056,False,True
9UZI,2025-12-31,Crystal structure of Kasokero virus cap- snatching endonuclease in complex with baloxavir acid (BXA),False,True
9P8X,2025-12-31,Crystal structure of GITR in complex with ligand-non-competitive Ab#1 Fab fragment,False,True
9V0S,2025-12-31,Cryo-EM structure of RSV pre-F in complex with antibody CNR2047,False,True
9UZB,2025-12-31,Crystal structure of Kasokero virus cap-snatching endonuclease in apo form,False,True
9UZH,2025-12-31,"Crystal structure of Kasokero virus cap- snatching endonuclease in complex with L-742,001",False,True
9K6J,2026-01-07,Crystal structure of SARS-CoV-2 WT RBD bound with P5-1C8 Fab,False,True
9UA5,2026-01-07,RABV G binding with CTB011 Fab and CTB012 Fab,False,True
9XQB,2026-01-07,Cryo-EM structure of the human A2A adenosine receptor in complex with a Fab antibody fragment,False,True
9VE0,2026-01-07,hA5-6 (W30B/W53) Fab bound to SFTSV glycoprotein Gn,False,True
9VDZ,2026-01-07,hA5-6(W30B/E45) Fab bound to SFTSV glycoprotein Gn,False,True
9LBW,2026-01-07,HBcAg in complex with Fab mAb40,False,True
9VDY,2026-01-07,hA5-6 Fab bound to SFTSV glycoprotein Gn,False,True
9UP9,2026-01-07,Crystal Structure of Shark VNAR Nanobody,True,False
9LJA,2026-01-07,The cryo-EM structure of amyloid fibrils from abdominal fat of a multiple myeloma patient (case 1)- polymorph 1.,False,True
9LJB,2026-01-07,The cryo-EM structure of amyloid fibrils from abdominal fat of a multiple myeloma patient (case 1)- polymorph 2.,False,True
9LJC,2026-01-07,The cryo-EM structure of amyloid fibrils from abdominal fat of a multiple myeloma patient (case 2).,False,True
9UVH,2026-01-07,Crystal Structure of Shark VNAR Nanobody,True,False
9TGW,2026-01-14,Cryo-EM structure of Z22 antibody in complex with left-handed Z-DNA (trimer),False,True
9MNT,2026-01-14,Structure of Hepatitis C virus envelope glycoprotein E2 core from genotype 6a bound to broadly neutralizing antibody RM1-73,False,True
9MNQ,2026-01-14,Structure of Hepatitis C virus envelope glycoprotein E2 core from genotype 6a bound to broadly neutralizing antibody RM10-30,False,True
9LH2,2026-01-14,Crystal structure of SARS-CoV-2 spike receptor-binding domain (Delta) in complex with pH-dependent nanobody MNb-11.,True,False
9TGN,2026-01-14,Cryo-EM structure of Z-DNA binding antibody Z-D11 in complex with left-handed Z-DNA,False,True
9MQO,2026-01-14,Crystal structure of BCMA in complex with CA10v2 Fab,False,True
9WDP,2026-01-14,Cyro-EM structure of prefusion RSV fusion glycoprotein in complex with Ziresovir and motavizumab Fab,False,True
9MSC,2026-01-14,Structure of Hepatitis C Virus Envelope Glycoprotein HCV-1 E2ecto from genotype 1a bound to neutralizing antibody RM5-16,False,True
9MNU,2026-01-14,Structure of Hepatitis C virus envelope glycoprotein E2 core from genotype 6a bound to broadly neutralizing antibody RM11-48,False,True
9MNS,2026-01-14,Structure of Hepatitis C virus envelope glycoprotein E2 core from genotype 6a bound to broadly neutralizing antibody RM1-36,False,True
9L9Z,2026-01-14,Fab of anti-HEV mAb 6H8,False,True
9FTE,2026-01-14,Cryo-EM structure of the adhesion GPCR ADGRV1 in complex with a nanobody,True,False
9HV1,2026-01-14,Crystal structure of tri-specific FMDV mAb-17 Fab,False,True
9HV2,2026-01-14,Crystal structure of tri-specific FMDV mAb-34 Fab,False,True
9HV8,2026-01-14,Crystal structure of tri-specific FMDV mAb-49 Fab,False,True
9R6H,2026-01-14,Crystal Structure of the M18BP1 SANTA domain as a EGFP-SANTA-nanobody fusion,True,False
9MS9,2026-01-14,Structure of HCV neutralizing antibody RM5-16,False,True
9GVN,2026-01-14,DEPEMOKIMAB FAB IN COMPLEX WITH INTERLEUKIN 5,False,True
9CM4,2026-01-14,HCV2 Fab bound to selected RNA loop,False,True
9MRZ,2026-01-14,Structure of HCV broadly neutralizing antibody RM1-73,False,True
9HXS,2026-01-21,CS-ROSETTA Structure of the Z Domain of the IgG-Binding Staphylococcal Protein A,False,True
9MMJ,2026-01-21,Crystal Structure of 19b Fab bound to the third variable (V3) loop peptide from the HIV-1 JR-FL envelope (Env) glycoprotein,False,True
9LJ0,2026-01-21,The cryo-EM structure of amyloid fibrils from abdominal fat of an AL amyloidosis patient (case 3).,False,True
9NSD,2026-01-21,Crystal structure of PvCSS-PvPTRAMP in complex with nanobody D7,True,False
9LM5,2026-01-21,Cryo-EM structure of prefusion-stabilized RSV F (DS-Cav1 strain: A2) in complex with nanobody 1G9,True,False
9OD2,2026-01-21,Cryo-EM structure of modified Zika virus E protein dimer complexed with a neutralizing antibody SMZAb2 Fab,False,True
9OBN,2026-01-21,Crystal structure of malaria transmission-blocking antigen Pfs48/45 C-terminal domain in complex with nanobody B2,True,False
9LME,2026-01-21,Checkpoint regulator protein in complex with a nanobody,True,False
9HBP,2026-01-21,Cryo-EM structure of the canine distemper virus tetrameric attachment H glycoprotein in complex with two different Nanobodies,True,False
9E6J,2026-01-21,DH726-1 Fab bound to hemagglutinin from influenza A/Solomon Islands/3/2006,False,True
9PM6,2026-01-21,Cryo-EM structure of modified Zika virus E protein dimer complexed with a neutralizing antibody OZ-D4 Fab,False,True
9O3D,2026-01-21,Crystal structure of broadly neutralizing antibody HEPC108 in complex with Hepatitis C virus envelope glycoprotein E2 ectodomain,False,True
9J4C,2026-01-21,Cryo-EM structure of aPlexinA1-19-43 Fab in complex with PlexinA1 dimer,False,True
9M42,2026-01-21,Structure-based discovery of potent agonists of the orphan receptor GPR139,True,False
9Z3B,2026-01-21,Structure C-terminal human Mesothelin Peptide bound to MSLNB703 Fab,False,True
9RN6,2026-01-21,Crystal structure of a protein mimic of SARS-CoV-2 spike's HR1 domain in complex with two nanobodies bound to different epitopes,True,False
9LIX,2026-01-21,The cryo-EM structure of amyloid fibrils from abdominal fat of an AL amyloidosis patient (case 2) - polymorph 1.,False,True
9NC8,2026-01-21,AMC008 v4.2 SOSIP Env trimer in complex with one 3BC315 Fab,False,True
9LIY,2026-01-21,The cryo-EM structure of amyloid fibrils from abdominal fat of an AL amyloidosis patient (case 2) - polymorph 2.,False,True
9NC6,2026-01-21,AMC008 v4.2 SOSIP Env trimer in complex with two 3BC315 Fabs,False,True
8U9S,2026-01-21,Cryo-EM structure of NRCAM nucleosome aided by scFv,False,True
9MPZ,2026-01-21,Complex of FMDV Asia1/JS/05 and porcine-derived neutralizing monoclonal antibody PAS12,False,True
9NC3,2026-01-21,AMC008 v4.2 SOSIP Env trimer in complex with b12 and 3BC315 Fabs,False,True
9UV4,2026-01-21,Structure of MHV68 glycoprotein B in complex with Fab5,False,True
9NC0,2026-01-21,AMC008 v4.2 SOSIP Env trimer in complex with b12 Fab,False,True
9Q1L,2026-01-21,Crystal structure of the walnut allergen Jug r 2 bound to the human-derived Fab 6D12,False,True
9MZ6,2026-01-21,Crystal Structure of 19b Fab bound to the third variable (V3) loop peptide from the HIV-1 5768-p27 envelope (Env) glycoprotein,False,True
9MZ7,2026-01-21,Crystal Structure of 19b Fab bound to the third variable (V3) loop peptide from the HIV-1 92BR020 envelope (Env) glycoprotein,False,True
9MZ8,2026-01-21,Crystal Structure of 19b Fab bound to the third variable (V3) loop peptide from the HIV-1 5768x-p27 envelope (Env) glycoprotein,False,True
9MZ9,2026-01-21,Crystal Structure of 19b Fab,False,True
9NBT,2026-01-21,AMC008 v4.2 SOSIP Env trimer in complex with VRC01 and 35O22 Fabs,False,True
9NBY,2026-01-21,"AMC008 v4.2 SOSIP Env trimer in complex with PGT121, VRC01 and 3BC315 Fabs",False,True
8UBJ,2026-01-21,Cryo-EM structure of NRCAM nucleosome aided by scFv (3D Flex map),False,True
8UBI,2026-01-21,Cryo-EM structure of NRCAM nucleosome aided by scFv (Class_A),False,True
9LIV,2026-01-21,The cryo-EM structure of amyloid fibrils from abdominal fat of an AL amyloidosis patient (case 1) - polymorph 1.,False,True
8UBL,2026-01-21,Cryo-EM structure of Ascl1/E12a in complex with NRCAM nucleosome (3D Flex map),False,True
9YQO,2026-01-21,AMC008 v4.2 SOSIP Env trimer in complex with PGT121 and VRC01 Fabs,False,True
8UBK,2026-01-21,Cryo-EM structure of Ascl1/E12a in complex with NRCAM nucleosome,False,True
9LM6,2026-01-21,Cryo-EM structure of prefusion-stabilized RSV F (DS-Cav1 strain: A2) in complex with nanobody 1D8,True,False
9UP7,2026-01-21,anti-HPV18 E7 monoclonal antibody,False,True
9LIW,2026-01-21,The cryo-EM structure of amyloid fibrils from heart of an AL amyloidosis patient (case 1) - polymorph 1.,False,True
9MQ0,2026-01-21,Complex of FMDV Asia1/JS/05 and porcine-derived neutralizing monoclonal antibody PAS5,False,True
9IVJ,2026-01-28,Cryo-EM structure of EBV gH/gL/gp42 in complex with fab 4G12,False,True
9CIN,2026-01-28,Fab fragment of Antibody with NiV glycoprotein F,False,True
9VNP,2026-01-28,The complexes of IFN-gamma and A01BM-03 Fab,False,True
9CON,2026-01-28,Human Kv1.3-H451V with A0194009G09 nanobodies conformation 1,True,False
9LOY,2026-01-28,Cryo-EM structure of SARS-CoV-2 JN.1 spike glycoprotein in complex with F61R2-780 Fab,False,True
9CTY,2026-01-28,Human Kv1.3-H451V with A0194009G09 nanobodies conformation 2,True,False
9LP1,2026-01-28,Cryo-EM structure of SARS-CoV-2 KP.3.1.1 RBD in complex with F61R2-780 Fab,False,True
9T9M,2026-01-28,Tilvestamab Fab bound to the anti-Fab nanobody,True,True
9LP0,2026-01-28,Cryo-EM structure of SARS-CoV-2 KP.3.1.1 spike glycoprotein in complex with F61R2-780 Fab,False,True
9LOZ,2026-01-28,Cryo-EM structure of SARS-CoV-2 JN.1 RBD in complex with F61R2-780 Fab,False,True
9WPM,2026-01-28,Cryo-EM structure of the apo-ConsOR5-Gs complex,True,False
9VQ6,2026-01-28,Strcture of Nanobody (NB) specific to Interleukin-6,True,False
9VJJ,2026-02-04,Crystal Structure of human Latent TGF-beta1 in complex with SOF10,False,True
9YIO,2026-02-04,Crystal structure of 5B3 Fab in complex with PvRipr EGF7-8,False,True
9OI3,2026-02-04,Structure of human Fab 604 in complex with influenza H1N1 A/Solomon Island/3/2006 hemagglutinin,False,True
9OI2,2026-02-04,Structure of human Fab 245 in complex with influenza H1N1 A/Solomon Island/3/2006 hemagglutinin,False,True
9I45,2026-02-04,Structure of anti-EV71 human monoclonal antibody 16-3-10B Fab,False,True
22PS,2026-02-04,Structure of ozureprubart Fab in complex with human IgE-Fc,False,True
9XQC,2026-02-04,A composite Cryo-EM structure of GPR75,False,True
9XQN,2026-02-04,Cryo-EM structure of apo form of GPR75-bRIL-Fab complex,False,True
9O8S,2026-02-04,Cryo-EM structure of NI04359_d30_240 Fab in complex with influenza virus hemagglutinin from A/Hong Kong/485197/2014 (H3N2),False,True
9N38,2026-02-04,Cryo EM structure of LukAB (LukGH) toxin from Staphylococcus aureus in complex with neutralizing Fab STAU-15,False,True
9I4C,2026-02-04,Structure of anti-EV71 human monoclonal antibody 17-1-12A Fab,False,True
9NF8,2026-02-04,"Cryo-EM structure of Ro60/La/truncated misfolded human pre-5S rRNA complex with Fab, composite map",False,True
9O8T,2026-02-04,Cryo-EM structure of NI04359_d30_240 Fab in complex with influenza virus hemagglutinin from A/Michigan/45/2015 (H1N1),False,True
9O8R,2026-02-04,Cryo-EM structure of NI06063_d30_103 Fab in complex with influenza virus hemagglutinin from A/Michigan/45/2015 (H1N1),False,True
9O8Q,2026-02-04,Cryo-EM structure of NI06063_d30_103 Fab in complex with influenza virus hemagglutinin from A/Hong Kong/485197/2014 (H3N2),False,True
9N2V,2026-02-04,Designed anti-OSM Fab,False,True
9O8M,2026-02-04,Ab1983 in complex with HIV-1 Env variant WIN332,False,True
9LR3,2026-02-04,Cryo-EM structure of the AMG986-bound APLNR monomer-Gi complex,False,True
9YC5,2026-02-04,Human uPAR bound to the Fab fragment of targeted cancer therapeutic antibody FL1,False,True
9YC6,2026-02-04,Mutant human uPAR bound to the Fab fragment of the targeted cancer therapeutic antibody FL1,False,True
9LR2,2026-02-04,Cryo-EM structure of the JN241-9-bound APLNR dimer-Gi complex,False,True
9LR1,2026-02-04,Cryo-EM structure of the JN241-9-bound APLNR monomer-Gi complex,False,True
9NFA,2026-02-04,"Cryo-EM structure of Ro60/La/minimal misfolded pre-5S rRNA complex with Fab, composite map",False,True
9I4B,2026-02-04,Structure of anti-EV71 human monoclonal antibody 17-2-12A Fab,False,True
9N8J,2026-02-04,Stabilized tandem antigen chimera of Pfs230 and Pfs48/45 bound by potent mAbs,False,True
9ZWE,2026-02-04,Soluble ectodomain of Herpes simplex virus 2 (HSV-2) glycoprotein B (gB) in the prefusion conformation in complex with 2c and D48 Fabs,False,True
9N8I,2026-02-04,Pfs230 domain 1 bound by RUPA-39 Fab,True,True
9I4E,2026-02-04,Structure of anti-EV71 human monoclonal antibody 34-1-6D Fab,False,True
9I4D,2026-02-04,Structure of anti-EV71 human monoclonal antibody 17-2-2B Fab,False,True
9I43,2026-02-04,Structure of anti-EV71 human monoclonal antibody 16-2-9D Fab,False,True
9I42,2026-02-04,Structure of anti-EV71 human monoclonal antibody 16-2-2D Fab,False,True
9I41,2026-02-04,Structure of anti-EV71 human monoclonal antibody 16-3-3C Fab,False,True
9I40,2026-02-04,Structure of anti-EV71 human monoclonal antibody 16-3-4D Fab,False,True
9I3Z,2026-02-04,Structure of anti-EV71 human monoclonal antibody 16-2-12D Fab,False,True
9I3X,2026-02-04,Structure of anti-EV71 human monoclonal antibody 16-2-11B Fab,False,True
9I3W,2026-02-04,Structure of anti-EV71 human monoclonal antibody 16-2-8C Fab,False,True
9D72,2026-02-04,CryoEM structure of anti-MHC-I Fab M1/42 complex with H2-Dd,False,True
9UCL,2026-02-11,CryoEM structure of IgV domain of human Nectin-4 with Trimbody,True,False
9D74,2026-02-11,CryoEM structure of anti-MHC-I Fab B1.23.2 complex with HLA-B44:05,False,True
9TH6,2026-02-11,nsp14 of SARS-CoV-2 in complex with a camelid nanobody,True,False
9N7M,2026-02-11,Designed anti-OSM Fab,False,True
9Y0E,2026-02-11,Crystal structure of Bet v 1.0101 in complex with human IgE Fab 2H22,False,True
9Y0D,2026-02-11,Crystal structure of human IgE Fab 2H22,False,True
9XOU,2026-02-11,CryoEM structure of LacY with Trimbody,True,False
9GJG,2026-02-11,Entamoeba histolytica Gal/GalNAc lectin bound to monoclonal antibody CP33-H/L-LA22,False,True
9GJF,2026-02-11,"Entamoeba histolytica Gal/GalNAc lectin in presence of monoclonal antibody CP33-H/L-LA22, mode 3",False,True
9YY0,2026-02-11,IGHV4-34 germline-reverted antibody pre166,False,True
9VWZ,2026-02-11,Local refinement region of HPV45 in complex with antibody A16E6,False,True
9Y0A,2026-02-11,Crystal structure of Bet v 1.0101 in complex with human IgE Fab 2H22,False,True
9VZ8,2026-02-11,Local refinement region of HPV45 in complex with antibody 10G2,False,True
9N7O,2026-02-11,Designed anti-OSM Fab,False,True
9GJD,2026-02-11,"Entamoeba histolytica Gal/GalNAc lectin in presence of monoclonal antibody CP33-H/L-LA22, mode I",False,True
9GJE,2026-02-11,"Entamoeba histolytica Gal/GalNAc lectin in presence of monoclonal antibody CP33-H/L-LA22, mode 2",False,True
9GEI,2026-02-11,Entamoeba histolytica Gal/GalNAc lectin heavy chain residues 808-992 in the presence of monoclonal antibody CP33-H/L-LA22,False,True
9UBR,2026-02-11,CryoEM structure of human Galectin-10 with iTrimbody,True,False
9OED,2026-02-11,Ab1999 in complex with HIV-1 Env RC1,False,True
9QRV,2026-02-11,Crystal Structure of an anti-VWF CK Domain Fab in Complex with the C-Terminal CK Domain of Cynomolgus Monkey von Willebrand Factor.,False,True
9UAQ,2026-02-11,CryoEM structure of GFP-like protein from Aequorea coerulescens with Trimbody,True,False
9PQS,2026-02-11,Crystal structure of the scFv-1E8b in complex with the synthetic glycoamino acid Pse-Ser,False,True
9QTN,2026-02-18,Human alpha7 nicotinic receptor in complex with the F1 nanobody,True,False
9SSM,2026-02-18,Crystal structure of 084-7D Fab bound to SARS-CoV-2 Beta RBD,False,True
9WRN,2026-02-18,Crystal structure of chimeric anti-Z-DNA Fab cZ22-Fab,False,True
9OUQ,2026-02-18,"Native GABA-A receptor from rat cerebella, beta1-alpha1-beta2-alpha1-gamma2 subtype, in complex with GABA",False,True
9QTO,2026-02-18,Human alpha7 nicotinic receptor in complex with the E6 nanobody,True,False
9N7T,2026-02-18,H5 hemagglutinin (A/Jiangsu/NJ210/2023) in complex with central stem-targeting Fab ST14,False,True
9N8F,2026-02-18,Cryo-EM structure of SUDV glycoprotein with modified HR1c (L579P) and HR2 stalk bound to CA45 Fab,False,True
9N7S,2026-02-18,H1 hemagglutinin (A/California/04/2009) with E47K mutation in HA2 in complex with central stem-targeting Fab ST10,False,True
9N7Q,2026-02-18,H1 hemagglutinin (A/Michigan/45/2015) in complex with anchor-targeting Fab ST15,False,True
9I6Q,2026-02-18,Structure of Fab-Fragment GB11 agains tumour associated carbohydrate antigens.,False,True
9L8Z,2026-02-18,The complex structure of antibody CF22 bound to the hemagglutinin of influenza B virus,False,True
9NLN,2026-02-18,Crystal Structure of Coxsackievirus B3 IRES Domain V in Complex with a Fab,False,True
9N7V,2026-02-18,H1 hemagglutinin (A/Michigan/45/2015) in complex with anchor-targeting Fab ST4,False,True
9NCD,2026-02-18,Crystal structure of the peanut allergen Ara h 9 with bound Fab IGX-3103 and antiFab nanobody,True,True
9L9O,2026-02-18,"Cryo-EM structure of apo GPR50 with BRIL fusion, anti-BRIL Fab, and anti-Fab Nb complex",False,True
9JNO,2026-02-18,The complex structure of antibody CH76 bound to the hemagglutinin of influenza B virus,False,True
9OUM,2026-02-18,"Native GABA-A receptor from rat cerebella, beta2-alpha1-beta1-alpha6-gamma2 subtype, in complex with GABA and PZ-II-029",False,True
9J5L,2026-02-18,Complex structure of influenza hemagglutinin HA stem with CR9114 Fab and FISW84 Fab,False,True
9I9H,2026-02-18,Structure of FAB-fragment GB11 in complex with Sialyl Lewis A,False,True
9OUP,2026-02-18,"Native GABA-A receptor from rat cerebella, beta2-alpha1-beta1-alpha6-gamma2 subtype, in complex with GABA",False,True
9WU2,2026-02-18,Crystal structure of cZ22-Fab in complex with left-handed dC(GC)3 DNA,False,True
9LSZ,2026-02-18,Inward-open Structure of human B0AT1,False,True
9LSY,2026-02-18,Structure of the gdTCR-Fab complex,False,True
9XSX,2026-02-18,the complex structure of antibody CF22 bound to the hemagglutinin of influenza B virus (HA_B/Guangdong-Yuexiu/120/2022).,False,True
9LW5,2026-02-18,Cryo-EM structure of dopamine bound mut-beta2-Adrenergic Receptor beta2R-M16-miniGs-Gbeta1gamma2-Nb35-scFv16 complex,True,True
9OUO,2026-02-18,"Native GABA-A receptor from rat cerebella, beta1-alpha1-beta1-alpha1-gamma2 subtype, in complex with GABA and PZ-II-029",False,True
9LWC,2026-02-18,Cryo-EM structure of epinephrine bound dopamine receptor 1 D1R-M74-miniGs-Gbeta1gamma2-Nb35 complex,True,False
9ZZ6,2026-02-18,The ER membrane protein complex acts as a chaperone to promote voltage-gated calcium channel assembly,True,False
9XTH,2026-02-18,The complex structure of antibody CAV-CH76 bound to the hemagglutinin of influenza B virus (HA_B/Guangdong-Yuexiu/120/2022),False,True
9OV4,2026-02-18,"Native GABA-A receptor from rat cerebella, beta1-alpha1-beta2-alpha1-gamma2 subtype, in complex with GABA and PZ-II-029",False,True
9WS0,2026-02-18,Crystal structure of cZ22-Fab in complex with left-handed d(CG)6 DNA,False,True
9OUR,2026-02-18,"Native GABA-A receptor from rat cerebella, beta2-alpha1-beta2-alpha1-gamma2 subtype, in complex with GABA",False,True
9UGO,2026-02-18,Cryo-EM structure of the HBsAg dimer and Complex with Fab,False,True
9OUN,2026-02-18,"Native GABA-A receptor from rat cerebella, beta2-alpha1-beta2-alpha1-gamma2 subtype, in complex with GABA and PZ-II-029",False,True
9I5N,2026-02-25,Single particle cryo electron microscopy of a Fab fragment bound to recombinant human CD40 ligand,False,True
9PSO,2026-02-25,Crystal structure of SARS-CoV-2 receptor binding domain in complex with antibodies BoWLB-622 and CC12.3,False,True
9NVG,2026-02-25,Structure of SARS-CoV-2 BA.1 spike RBD bound to COV2-3835 Fab,False,True
9DZ4,2026-02-25,Cryo-EM Structure of Receptor Tyrosine Kinase ROS1 in Complex with Fab-CT4,False,True
9PSP,2026-02-25,Crystal structure of SARS-CoV-2 receptor binding domain in complex with antibodies BoWLB-1173 and CC12.3,False,True
10GH,2026-02-25,Cryo-EM structure of Receptor Tyrosine Kinase ROS1 in complex with Fab-RX5,False,True
9PSN,2026-02-25,Crystal structure of SARS-CoV-2 receptor binding domain in complex with antibodies BoWLB-105 and CC12.3,False,True
9ZEN,2026-03-04,Competition for different elements of the nucleosome acidic patch yields distinct functional outcomes. VHH 1B2,True,True
9ZEO,2026-03-04,Competition for different elements of the nucleosome acidic patch yields distinct functional outcomes. VHH 1G1,True,True
9T8Z,2026-03-04,"Room temperature X-ray structure of the B1 domain of streptococcal protein G triple mutant T2Q, N8D, and N37D (GB1-QDD).",False,True
9WAI,2026-03-04,Yeast-expressed polio type 1 stablized virus-like particles with 3G10 Fab,False,True
9OWF,2026-03-04,X-ray crystal structure of Zika virus envelope glycoprotein in complex with Fab of F25.S02,False,True
9LY5,2026-03-04,antibody 20G5 Fab in complex with human B7-H3 (IgC),False,True
9OWE,2026-03-04,CryoEM structure of stabilized dengue 3 virus envelope glycoprotein in complex with Fab of F25.S02,False,True
9LY6,2026-03-04,antibody 20G5 (Fab')2 in complex with human B7-H3,False,True
9PNS,2026-03-04,Structure of human serotonin transporter bound to small molecule zPZd in lipid nanodisc and NaCl,False,True
9W45,2026-03-04,The structure of odorant-bound mouse class II odorant receptor-miniGs complex,True,False
9NKY,2026-03-04,Crystal structure of unliganded Fab MAM01,False,True
9NL1,2026-03-04,Crystal structure of Fab MAM01 in complex with junctional region peptide from circumsporozoite protein,False,True
9IAS,2026-03-04,Sulfate transporter SLC26A11 in nanodiscs with nanobody Nb4,True,False
9IB2,2026-03-04,Cryo-EM consensus map of prefusion SARS-CoV-2 spike (RBDs: 2 up & 1 down) bound to RBD-targeting MO176-117 antibody,False,True
9IB1,2026-03-04,Cryo-EM focus map of prefusion SARS-CoV-2 spike (RBDs: 1 up & 2 down) bound to RBD-targeting MO176-117 antibody,False,True
9IAR,2026-03-04,Sulfate transporter SLC26A11 in nanodiscs with nanobody Nb11,True,False
9J93,2026-03-04,Native GluA1/GluA4 ATD dimer binding with 1D8 and 11B8,False,True
9IB3,2026-03-04,Cryo-EM focus map of prefusion SARS-CoV-2 spike (RBDs: 2 up & 1 down) bound to RBD-targeting MO176-117 antibody,False,True
9NKZ,2026-03-04,Crystal structure of Fab MAM01 in complex with NANP6 peptide from circumsporozoite protein,False,True
9GFR,2026-03-04,Crystal structure of anti-collagen type II antibody Fab (PC12) complexed with collagen triple helical peptide (THP59),False,True
9IB0,2026-03-04,Cryo-EM consensus map of prefusion SARS-CoV-2 spike (RBDs: 1 up & 2 down) bound to RBD-targeting MO176-117 antibody,False,True
9NL0,2026-03-04,Crystal structure of Fab MAM01 in complex with NPNA3 peptide from circumsporozoite protein,False,True
9M0J,2026-03-04,Cryo-EM structure of Bombesin receptor type-3 bound to oridonin,True,False
9T3S,2026-03-11,Structure of human HER2 in complex with EPS226 Fab,False,True
9ZT5,2026-03-11,SARS-CoV-2 S2 in complex with polyclonal Fab-B_Donor3,False,True
10MU,2026-03-11,SARS-CoV-2 S2 in complex with polyclonal Fab_Donor2,False,True
9Z80,2026-03-11,SARS-CoV-2 S2 in complex with polyclonal Fab_Donor1,False,True
9YXD,2026-03-11,Crystal structure of recombinant human follicle stimulating hormone in complex with an anti-FSH alpha Fab,False,True
9ZT7,2026-03-11,SARS-CoV-2 S2 in complex with COV2-2509,False,True
9NJ2,2026-03-11,N1 neuraminidase of influenza A/Vietnam/1203/2004 H5N1 in complex with four FNI9 Fab molecules,False,True
9NJ3,2026-03-11,Computationally optimized broadly reactive influenza B hemagglutinin BC2 bound by antibodies #46 and #3978,False,True
9NJ6,2026-03-11,Computationally optimized broadly reactive influenza B hemagglutinin BC2 bound by antibody #3978,False,True
9NJ9,2026-03-11,Computationally optimized broadly reactive influenza B hemagglutinin BC2 bound by antibodies #46 and #3978,False,True
9NJA,2026-03-11,Computationally optimized broadly reactive influenza B hemagglutinin BC2 bound by antibody #46,False,True
9ZT6,2026-03-11,SARS-CoV-2 S2 in complex with polyclonal Fab-B_Donor8,False,True
9T3R,2026-03-11,Structure of human HER2 in complex with EPS232 Fab,False,True
9S6S,2026-03-18,"Ternary cryo-EM structure of human ALG9 with Dol25-PP-GlcNAc2Man6, Dol25-P-Man and Fab",False,True
9S6R,2026-03-18,"Ternary cryo-EM structure of yeast ALG3 with Dol25-PP-GlcNAc2Man5, Dol25-P-Man, and Fab",False,True
9SBB,2026-03-18,Monoclonal Antibodies from COVID-19 Convalescent Patients Target Cryptic Epitopes for Universal SARS-CoV-2 Neutralization,False,True
9SAT,2026-03-18,Monoclonal Antibodies from COVID-19 Convalescent Patients Target Cryptic Epitopes for Universal SARS-CoV-2 Neutralization,False,True
9YPB,2026-03-18,"Fab-14/SARS-CoV-2 D614G spike complex, Mode IV, subgroup II conformation",False,True
9S6U,2026-03-18,"Ternary cryo-EM structure of human ALG9 with Dol25-PP-GlcNAc2Man8, Dol25-P-Man and Fab",False,True
9M72,2026-03-18,ASFV p15 in complex with Fab 4E2,False,True
9CXL,2026-03-18,Crystal structure of IgG1 FC WT at pH 5.5,False,True
9MA7,2026-03-18,Cryo-EM structure of EBV gp350 D123 in complex with neutralizing antibody 1A12 and 1H5 and non-neutralizing antibody 2E9,False,True
9NOB,2026-03-18,Crystal Structutre of unliganded Fab 224,False,True
8FPA,2026-03-18,Structure of a chimeric antibody (Fab) fragment bound to de-N-acetyl polysialic acid (dPSA),False,True
9MA0,2026-03-18,Cryo-EM structure of EBV gp350 D123 in complex with neutralizing antibody 4A11,False,True
9KVU,2026-03-18,Structure of B1 domain in the bifunctional enzyme CelAly,False,True
9CY6,2026-03-18,Crystal structure of IgG1 FC M252H at pH 7.5,False,True
9D06,2026-03-18,Crystal structure of IgG1 FC M252R at pH 5.6,False,True
9CRT,2026-03-18,Crystal structure of IgG1 FC at natural pH,False,True
9D09,2026-03-18,Crystal structure of IgG1 FC M252H at pH 5.6,False,True
9S6T,2026-03-18,"Ternary cryo-EM structure of chicken ALG12 with Dol25-PP-GlcNAc2Man7, Dol25-P-Man, and Fab",False,True
9D9Q,2026-03-18,Crystal structure of IgG1 FC M252R at pH 8.0,False,True
8VZW,2026-03-18,Structure of humanized MS-Hu6 Fab fragment,False,True
9WWH,2026-03-18,Crystal structure of IL-33 and antibody Tozorakimab fab binary complex,False,True
9YNR,2026-03-18,"Local refinement of Fab-14/SARS-CoV-2 D614G spike complex, Mode I",False,True
9YNX,2026-03-18,"Local refinement of Fab-14/SARS-CoV-2 D614G spike complex, Mode IV, Subgroup I conformation",False,True
9YOK,2026-03-18,"Fab-14/SARS-CoV-2 D614G spike complex, Mode I conformation",False,True
9X05,2026-03-18,IL-33 and Itepekimab fab and Tozorakimab fab ternary complex structure,False,True
9NOA,2026-03-18,Crystal structure of unliganded Fab MS-1805,False,True
9YPR,2026-03-18,"Fab-14/SARS-CoV-2 D614G spike complex, Mode IV, subgroup I conformation",False,True
9X0J,2026-03-18,IL-33 and Etokimab fab and Tozorakimab fab ternary complex structure,False,True
9D3J,2026-03-18,Structure of L9 Fab in complex with CSP_Res5-Y_mC2 Scaffold,False,True
9EC7,2026-03-18,Cryo-EM structure of avian tetrameric IgA-Fc/J chain,False,True
9NW9,2026-03-25,CA117v2v8 Fab bound to HLA-E-RL9HIV,False,True
9TMP,2026-03-25,Crystal Structure of Native Cytochrome b562 in complex with the synthetic anti-BRIL antibody BAG2.,False,True
9X58,2026-03-25,The GluA4-ATD in Complex with the 1D8-Fab,False,True
9WB3,2026-03-25,HRV14 3C in complex with single chain antibody YDF and cloverleafRNA-conformation1-composite-1,False,True
9U5Q,2026-03-25,HRV14 3C in complex with single chain antibody YDF and cloverleafRNA-conformation1,False,True
9U5R,2026-03-25,HRV14 3C in complex with single chain antibody YDF and cloverleafRNA-conformation 2,False,True
10ZO,2026-03-25,Crystal structure of Mengla virus nucleoprotein bound by a cross-reactive anti-Marburg virus nanobody,True,True
9ULP,2026-03-25,Crystal structure of FtsB from Streptococcus pyogenes in complex with Nb1 nanobody,True,False
9AXW,2026-03-25,Nanobody NbJRI bound to yeast Pdc1,True,False
9T3Y,2026-03-25,Cryo-EM structure of alphaM/beta2:C3d-anti-CR3-Nb headpiece complex (HPO2 3D class reconstruction),True,False
9T5Z,2026-03-25,Cryo-EM structure of alphaM/beta2:MEM148-Fab headpiece complex (without alphaM I-domain),False,True
9U5P,2026-03-25,HRV14 3C in complex with single chain antibody YDF and cloverleafRNA-dimer conformation,False,True
9WB4,2026-03-25,HRV14 3C in complex with single chain antibody YDF and cloverleafRNA-conformation1-composite-2,False,True
9NW4,2026-03-25,Structure of CISV1 antibody bound to PvCSP repeat peptide,False,True
9NW8,2026-03-25,CA117v2v8 Fab bound to HLA-E-Mtb44,False,True
9YFU,2026-03-25,Structure of GPR61 bound to inverse agonist compound 15,True,False
9ZQB,2026-03-25,"Nucleosome with an SSB at SHL -2.8 in complex with human PARP2 and HPF1, Class 1",False,True
9NW7,2026-03-25,CA117v2v8 Fab bound to HLA-E-VL9,False,True
9NW6,2026-03-25,CA147v24 Fab bound to HLA-E-VL9,False,True
9ZQA,2026-03-25,"Nucleosome with an SSB at SHL -2.8 in complex with the WGR domain of human PARP2, Class 2",False,True
9NW5,2026-03-25,3H4v31 anti-HLA-E-VL9 Fab,False,True
9ZQC,2026-03-25,"Nucleosome with an SSB at SHL -2.8 in complex with human PARP2 and HPF1, Class 2",False,True
9JKR,2026-03-25,"human GM-CSF with Fabs from autoantibodies, F1 and C.",False,True
11TL,2026-04-01,Structure of human CCR4 in complex with GSK2239633A,False,True
9NW1,2026-04-01,Cryo-EM structure of rhesus antibody CH42-Apex2.01 in complex with HIV Env trimer Q23-APEX-GT2,False,True
11TD,2026-04-01,Structure of human CCR4 in apo state,False,True
9NVZ,2026-04-01,Cryo-EM structure of rhesus antibody CH70-Apex1.01 in complex with HIV Env trimer Q23-APEX-GT2,False,True
9NVY,2026-04-01,Cryo-EM structure of rhesus antibody CH70-Apex2.01 in complex with HIV Env trimer Q23-APEX-GT2,False,True
9Q7Y,2026-04-01,Zymogen ADAM17- iRhom1 Cytoplasmic Deletion (365) Complex Bound by the MEDI3622 Fab,False,True
9NVX,2026-04-01,Cryo-EM structure of rhesus antibody CI91-Apex1.01 in complex with HIV Env trimer Q23-APEX-GT2,False,True
9NVW,2026-04-01,Cryo-EM structure of rhesus antibody CH35-Apex1.08 in complex with HIV Env trimer Q23-APEX-GT2,False,True
9NP0,2026-04-01,Structure of human annexin A1 in complex with 2C1 Fab,False,True
9NW0,2026-04-01,Cryo-EM structure of rhesus antibody CH42-Apex1.01 in complex with HIV Env trimer Q23-APEX-GT2,False,True
11TF,2026-04-01,Structure of human CCR4 in complex with PRT193,False,True
9MB0,2026-04-01,Cryo-EM structure of Dengue virus serotype2 THSTI/TRC/01 strain bound with J9 fab,False,True
9MAZ,2026-04-01,Helical Reconstruction of DENV2 US/BID-V594/2006 tubular particles bound with J9 fab,False,True
11TH,2026-04-01,Structure of human CCR4 in complex with FLX475,False,True
9MB1,2026-04-01,Helical Reconstruction of DENV2 THSTI/TRC/01 tubular particles bound with J9 fab,False,True
11TK,2026-04-01,Structure of human CCR4 in complex with AZD2098,False,True
9MAV,2026-04-01,Cryo-EM structure of Dengue virus serotype2 US/BID-V594/2006 strain bound with J9 fab.,False,True
9XY4,2026-04-01,Zymogen ADAM17- iRhom1 Cytoplasmic Deletion (370) Complex Bound by the MEDI3622 Fab,False,True
9SQH,2026-04-08,Cryo-EM structure of the Arabidopsis thaliana CAT4 transporter in the outward-open apo state (without synthetic nanobody),True,False
9V3E,2026-04-08,A broad-spectrum neutralizing antibody targeting the F protein of NiV and HeV,False,True
9V3F,2026-04-08,A neutralizing antibody targeting the F protein of NiV,False,True
9DSH,2026-04-08,Crystal structure of the cow antibody P7,False,True
9DSI,2026-04-08,Crystal structure of the cow antibody 99,False,True
9DSG,2026-04-08,Crystal structure of the SARS-CoV-2 RBD in complex with the cow antibody P2,False,True
9DSJ,2026-04-08,Crystal structure of the cow antibody 105,False,True
9DSK,2026-04-08,Crystal structure of the cow antibody 115,False,True
9DSL,2026-04-08,Structure of the SARS-CoV-2 S 6P trimer in complex with the cow antibody 99 Fab,False,True
9Z2H,2026-04-08,Crystal structure of A10 Fab in complex with the EGFR peptide,False,True
11OL,2026-04-08,SARS-CoV-2 Omicron BA.4 RBD in complex with Omi32 Fab and LC-Kappa VHH,True,True
9U35,2026-04-08,Helical Reconstruction of DENV2 THSTI/TRC/01 tubular particles bound with D14.F25.S02 fab,False,True
11OR,2026-04-08,Omi32 Fab in complex with LC-Kappa VHH,True,True
9UCG,2026-04-08,A Fab structure with a covalent bond,False,True
9UB1,2026-04-08,The structure of Myanmar_N2 and M6B12_Fab complex,False,True
9RYE,2026-04-08,Heterodimeric ABC exporter TmrAB (EQ mutant) in ATP-bound outward-facing occluded conformation in the absence of Mg2+,True,False
9RYF,2026-04-08,Heterodimeric ABC exporter TmrAB (wild type) in ATP-bound outward-facing occluded conformation in the absence of Mg2+,True,False
9NZF,2026-04-08,Crystal structure of Fab MAM01 in complex with minor repeat region peptide from circumsporozoite protein,False,True
9UAX,2026-04-08,The structure of Myanmar_N2 and AS4C_Fab complex,False,True
11OU,2026-04-08,Omi32 germline Fab in complex with LC-Kappa VHH,True,True
11OQ,2026-04-08,SARS-CoV-2 Omicron BA.1 RBD in complex with Omi32 germline Fab and LC-Kappa VHH,True,True
11OO,2026-04-08,SARS-CoV-2 Omicron BA.4 RBD in complex with Omi32 germline Fab and LC-Kappa VHH,True,True
11SZ,2026-04-15,Antibody (1B2) Bound Rifamycin Synthetase Module 2,False,True
9JY3,2026-04-15,delta epsilon/gamma epsilon Fab-TCR tetramer,False,True
22GI,2026-04-15,3D1 Fab in complex with pepAVVNQN,False,True
9NWH,2026-04-15,Long-wavelength SAD Crystal Structure of the Third Immunoglobulin-Like Domain of Human Muscle-Specific Kinase (MuSK),False,True
9NWG,2026-04-15,Crystal Structure of the Third Immunoglobulin-Like Domain of Human Muscle-Specific Kinase,False,True
9UDQ,2026-04-15,Crystal structure of MPXV A35R in complex with a neutralizing antibody MA42,False,True
9Q71,2026-04-15,Structure of the Measles Virus Fusion Glycoprotein Ectodomain in Postfusion Conformation Bound to Neutralizing Antibody H8,False,True
9Q5M,2026-04-15,Structure of the Measles virus Fusion glycoprotein ectodomain in complex with neutralizing antibody Y10F,False,True
9JY4,2026-04-15,gamma epsilon/gamma epsilon Fab-TCR tetramer,False,True
9XYB,2026-04-15,Crystal structure of a ZIKV E glycoprotein DI-DIII vaccine candidate in complex with human neutralizing antibody MZ4,False,True
9QQE,2026-04-15,Cryo-EM structure of the SN230G6 Fab - HLA-A*02:01 human alloantibody-HLA complex,False,True
9Q7B,2026-04-15,Structure of the Measles Virus Fusion Glycoprotein Ectodomain in Prefusion Conformation Bound to Neutralizing Antibody H8,False,True
9QQF,2026-04-15,Cryo-EM structure of the WIM8E5 Fab - HLA-A*11:01 human alloantibody-HLA complex,False,True
9XHH,2026-04-22,Structure of the CCL19-CCR7-Gi-scFv16 complex,False,True
9M5H,2026-04-22,D14.F25.S02 Fab complexed to DENV2-US/BID/V594/2006 virus (5f-3f map),False,True
9LDJ,2026-04-22,Cryo-EM structure of SARS-CoV-2 wide-type S trimer in the early fusion intermediate conformation (E-FIC) complexed with ACE2 and 76E1-Fab,False,True
9LD2,2026-04-22,Cryo-EM structure of SARS-CoV-2 wide-type S trimer in the early fusion intermediate conformation (E-FIC) complexed with ACE2 and 76E1-Fab (focused refinement of the S2-76E1),False,True
9UE0,2026-04-22,Crystal structure of MPXV A35R in complex with a neutralizing antibody MA49,False,True
9MNB,2026-04-22,Beta1-tryptase monomer bound to inhibitory Fabs E82.AS and E104.v2,True,True
29ON,2026-04-22,Crystal structure of the staphylococcal efflux pump QacA in the inward open state in complex with nanobody 89,True,False
9U38,2026-04-22,D14.F25.S02 Fab complexed to DENV2-US/BID/V594/2006 virus-3f-2f Fab map,False,True
9U37,2026-04-22,D14.F25.S02 IgG complexed to DENV2-US/BID/V594/2006 virus,False,True
9XHI,2026-04-22,Structure of the CCL21-CCR7-Gi-scFv16 complex,False,True
9UE8,2026-04-22,Crystal structure of MPXV A35R in complex with a neutralizing antibody BA345,False,True
9ULN,2026-04-22,Mogamulizumab Fab fragment,True,True
9VLS,2026-04-22,Cryo-EM structure of SARS-CoV-2 XBB.1.5 S trimer in the early fusion intermediate conformation (E-FIC) complexed with ACE2 and 76E1-Fab (focused refinement of the S2-76E1),False,True
9ULM,2026-04-22,Mogamulizumab in complex with CCR4 N-terminus peptide (N2-C29),True,False
9ZDU,2026-04-22,Crystal structure of SARS-CoV-2 RBD in complex with human Ab401 Fab,False,True
9N05,2026-04-22,Cryo-EM structure of GLP-1R-Gs complex with SRB103Q,True,False
9N1P,2026-04-22,cryo-EM structure of GLP-1R-Gs complex with SRB103H,True,False
9Z9L,2026-04-22,Q23.MD39 in Complex with Fabs from antibodies CH01 and 35O22,False,True
9WPH,2026-04-22,Complex of FMDV O/18074 and porcine-derived neutralizing monoclonal antibody pO18-10,False,True
9VLT,2026-04-22,Cryo-EM structure of SARS-CoV-2 XBB.1.5 S trimer in the early fusion intermediate conformation (E-FIC) complexed with ACE2 and 76E1-Fab,False,True
9UOC,2026-04-29,Crystal structure of nanobody Tnb150 with MERS-CoV RBD,True,False
9RIO,2026-04-29,EV-A71 (genotype B5) in complex with 17-2-2B Fab,False,True
9UOI,2026-04-29,Crystal structure of nanobody Tnb316 with nanobody B9 and MERS-CoV RBD,True,False
9P6E,2026-04-29,N49P7-FR Fab in complex with BG505 MD39 SOSIP and RM20A3 Fab,False,True
9P6G,2026-04-29,eN49P7-FRv1-23 Fab in complex with BG505 MD39 SOSIP and RM20A3 Fab,False,True
9RIR,2026-04-29,EV-A71 (genotype C4) in complex with 16-3-10B Fab,False,True
9RIQ,2026-04-29,EV-A71 (genotype C4) in complex with 16-2-11B Fab,False,True
9RIP,2026-04-29,EV-A71 (genotype B5) in complex with 17-2-12A Fab,False,True
9RIN,2026-04-29,EV-A71 (genotype B5) in complex with 17-1-12A Fab,False,True
9RIM,2026-04-29,EV-A71 (genotype B5) in complex with 16-3-4D Fab,False,True
9RIK,2026-04-29,EV-A71 (genotype B5) in complex with 16-2-2D Fab,False,True
9RII,2026-04-29,EV-A71 (genotype B2) in complex with 34-1-6D Fab,False,True
9A9U,2026-04-29,Streptococcal Protein G antibody-binding domain C2 - variant C2Ca EP7-G35E,False,True
9A9T,2026-04-29,Streptococcal Protein G antibody-binding domain C2 - variant C2Ca E35G,False,True
9RIL,2026-04-29,EV-A71 (genotype B5) in complex with 16-3-3C Fab,False,True
9UO0,2026-04-29,Crystal structure of nanobody Tnb165 with MERS-CoV RBD,True,False
9T6Z,2026-04-29,EV-A71 (genotype B5) empty particle in complex with 16-3-3C Fab,False,True
9RIJ,2026-04-29,EV-A71 (genotype B5) in complex with 16-2-8C Fab,False,True
9RIH,2026-04-29,EV-A71 (genotype B2) in complex with 16-2-12D Fab,False,True
9RIG,2026-04-29,EV-A71 (genotype B2) in complex with 16-2-9D Fab,False,True
9U34,2026-04-29,Helical Reconstruction of DENV2 US/BID-V594/2006 tubular particles bound with D14.F25.S02 fab,False,True
9U36,2026-04-29,Cryo-EM structure of Dengue virus serotype2 THSTI/TRC/01 strain bound with D14.F25.SO2 fab,False,True
9XF9,2026-05-06,Crystal structure of Kasokero virus cap- snatching endonuclease in complex with WXS,False,True
9W3K,2026-05-06,GPR151-Legobody complex,False,True
9UVV,2026-05-06,Cryo-EM structure of Vasopressin receptor 2 (V2R)-BRIL/anti BRIL SRP2070 Fab antibody complex with tolvaptan,False,True
9UVW,2026-05-06,"Cryo-EM structure of Vasopressin receptor 2 (V2R)-BRIL/anti BRIL SRP2070 Fab antibody complex with tolvaptan, focused on receptor",False,True
9Y41,2026-05-06,Crystal structure of hemagglutinin head domain from H1N1 Influenza A virus A/Victoria/2570/2019 bound to the 49_C09 antibody,False,True
9Y40,2026-05-06,Crystal structure of hemagglutinin head domain from H3N2 Influenza A virus A/New York/631/1996 bound to the 49_C09 antibody,False,True
9Y3Z,2026-05-06,Crystal structure of hemagglutinin head domain from H3N2 Influenza A virus A/New York/631/1996 bound to the 3_H2 antibody,False,True
9UPR,2026-05-06,Cryo-EM structure of the N-terminal domain of Omicron BA.1 in complex with nanobody N103 and S2L20 Fab,True,True
9Y3Y,2026-05-06,Crystal structure of hemagglutinin from H1N1 Influenza A virus A/California/04/2009 bound to the 49_C09 antibody,False,True
9UTF,2026-05-06,Crystal Structure of SARS-CoV-2 S receptor-binding domain (RBD) in complex XG83 Fab,False,True
9Y3X,2026-05-06,Crystal structure of hemagglutinin from H1N1 Influenza A virus A/California/04/2009 bound to the 3_H2 antibody,False,True
9UVT,2026-05-06,Cryo-EM structure of bradykinin B2 receptor (B2R)-BRIL/anti BRIL SRP2070 Fab antibody complex with icatibant,False,True
9UVX,2026-05-06,"Cryo-EM structure of Vasopressin receptor 2 (V2R)-BRIL/anti BRIL SRP2070 Fab antibody complex with OPC51803, focused on receptor",False,True
9UVU,2026-05-06,"Cryo-EM structure of bradykinin B2 receptor (B2R)-BRIL/anti BRIL SRP2070 Fab antibody complex with icatibant, focused on receptor",False,True
9URM,2026-05-06,HRV14 3C in complex with single chain antibody YDF and cloverleafRNA-conformation1 splitRNA,False,True
10DV,2026-05-06,Room Temperature X-Ray Structure of SARS CoV-2 Main Protease Intermediate Precursor with Ensitrelvir (ESV),False,True
9PMT,2026-05-06,Structure of an anti-VHH fab fragment bound to nanobody Nb33,True,True
9OFR,2026-05-06,CRYSTAL STRUCTURE OF THE HUMAN IGA1 FC FRAGMENT-FC-ALPHA RECEPTOR (CD89) COMPLEX,False,True
9OHH,2026-05-06,Crystal structure of the therapeutic anti-netrin-1 antibody NP137,False,True
9O7I,2026-05-13,CHIP E3 ligase CC domain dimer-Fab 2D2 epitope focused refinement,False,True
11ZV,2026-05-13,"Structure of the Porcine deltacoronavirus (PDCoV) receptor-binding domain bound to the RBD minibinder 11, the PD3 Fab, and the Kappa light chain nanobody (local refinement)",True,True
9O7G,2026-05-13,CHIP E3 ligase U-box-Fab H1 epitope focused refinement,False,True
9O7H,2026-05-13,CHIP E3 ligase dimer bound to 1 Fab 2D2,False,True
11HW,2026-05-13,SARS-CoV-2 spike S2 trimer stabilized in the early fusion intermediate conformation (E-FICs-v3) bound to C77G12 (Fab local refinement),False,True
9OFS,2026-05-13,Crystal structure of the human IGA2m2 FC fragment-FC-alpha receptor (CD89) complex,False,True
11ZW,2026-05-13,"Structure of the Porcine deltacoronavirus (PDCoV) receptor-binding domain bound to the RBD minibinder 11, the PD3 Fab, and the Kappa light chain nanobody",True,True
9PYY,2026-05-13,Crystal structure of HIV Apex Fab Q10M_055,False,True
9PZ2,2026-05-13,Crystal structure of HIV Apex neutralizing Fab Q12QBM-007,False,True
9PZ3,2026-05-13,Crystal structure of HIV Apex targeting neutralizing antibody Q12BBM-069,False,True
9O7D,2026-05-13,CHIP E3 ligase dimer in Asymmetric state bound to 1 Fab H1,False,True
9PYN,2026-05-13,Crystal structure of HIV Apex fab Q9M-023,False,True
9OPR,2026-05-13,TMPRSS2 S441A in complex with the H1H7 Fab and anti-kappa light chain nanobody,True,True
11HL,2026-05-13,SARS-CoV-2 spike S2 trimer stabilized in the early fusion intermediate conformation (E-FICs-v3) bound to the VN01H1 Fab (S2 local refinement),False,True
9T46,2026-05-13,Crystal structure of the Fab 40G5c in complex with a CD3 epsilon peptide,False,True
9O7F,2026-05-13,CHIP E3 ligase dimer in Symmetric state bound to 2 Fab H1,False,True
9Z3J,2026-05-13,HCoV-NL63 S2' peptide bound to TMPRSS2 S441A (complexed with the H1H7 Fab and an anti-kappa-nanobody),True,True
11HK,2026-05-13,SARS-CoV-2 spike S2 trimer stabilized in the early fusion intermediate conformation (E-FICs-v3) bound to the VN01H1 Fab (Fab local refinement),False,True
9OJ4,2026-05-13,Mouse LRRC15 extracellular domain in complex with disulfide constrained peptide ML-YSD-07 and Fab-E1,False,True
9O7E,2026-05-13,CHIP E3 ligase dimer in intermediate state bound to 2 Fab H1,False,True
9EBC,2026-05-13,H5N1 HA in complex with HC-5 Fab,False,True
12PB,2026-05-13,Single particle cryo-EM structure of human MTCH2 (hyperactive mutant K25E Y235A V238D),True,False
9YYU,2026-05-13,SARS-CoV-2 spike trimer in the early fusion intermediate conformation bound to the VN01H1 Fab (Fab local refinement),False,True
12OZ,2026-05-13,Single particle cryo-EM structure of human MTCH2 (hyperactive mutant F285N F286N),True,False
9YYV,2026-05-13,SARS-CoV-2 spike trimer in the early fusion intermediate conformation bound to the VN01H1 Fab (S2 local refinement),False,True
12OY,2026-05-13,Single particle cryo-EM structure of human MTCH2,True,False
9TAY,2026-05-20,Structure of the human inner kinetochore CCAN bound to a di-CENP-A nucleosome,False,True
9YHT,2026-05-27,AM12-347 Fab in complex with HIV-1 Env 5MUT-3fill SOSIP,False,True
9V32,2026-05-27,Human claudin 18.2 in complex with the Fab fragment of Zolbetuximab,False,True
9OQD,2026-05-27,Chlamydia muridarum major outer membrane protein bound to Mus musculus MAB-18B Fab,False,True
9ZFZ,2026-05-27,7118 Fab in complex with Plasmodium falciparum rsCSP,False,True
9TPP,2026-05-27,Antibody-antigen complex,False,True
9UXS,2026-05-27,The local refine of 3D reconstruction of the complex formed by SARS-CoV2 BA.1 spike glycoprotein and a single-domain antibody,False,True
9LFD,2026-05-27,Cryo-EM structure of human bradykinin receptor B2R bound to antagonist Win64338,True,False
9TQ6,2026-05-27,Antibody-antigen complex,False,True
9UUF,2026-05-27,Crystal structure of nanobody Tnb438 with MERS-CoV RBD,True,False
9V31,2026-05-27,Human claudin 18.2 (dimer form) in complex with the Fab fragment of Osemitamab (TST001),False,True
10DP,2026-05-27,Human adenovirus hexon and polyclonal antibody complex,False,True
9LFA,2026-05-27,Cryo-EM structure of human bradykinin receptor B1R bound to antagonist ELN441958,True,False
9V2U,2026-05-27,Human claudin 18.2 in complex with the Fab fragment of Osemitamab (TST001),False,True
9ZVL,2026-05-27,CryoEM structure of H5N1 A/Texas/37/2024 HA bound to Fab H83,False,True
35UH,2026-05-27,Crystal structure of TFPI K2 domain in complex with TFPI-23 Fab fragment,False,True
35UJ,2026-05-27,Crystal structure of TFPI K2 domain in complex with 4D8 Fab fragment,False,True
11LT,2026-05-27,Cryo-EM structure of EV-D68 B3 VLP bound by neutralizing antibody 1E11,False,True
35UI,2026-05-27,Crystal structure of TFPI K2 domain in complex with TFPI-24 Fab fragment,False,True
9N97,2026-05-27,Crystal structure of the cysteine-free anti-UTag intrabody,False,True
9ZV0,2026-05-27,CryoEM structure of H5N1 A/Texas/37/2024 HA bound to Fab H70,False,True
9ZV1,2026-05-27,CryoEM structure of H5N1 A/Texas/37/2024 HA bound to Fab H51,False,True
9V11,2026-05-27,"The Fab fragment of Osemitamab (TST001), a therapeutic antibody targeting claudin 18.2",False,True
9V0O,2026-05-27,Crystal structure of nanobody Tnb494 with MERS-CoV RBD,True,False
11OV,2026-05-27,Cryo-EM structure of EV-D68 B3 VLP bound by neutralizing antibody 5H03,False,True
9LFC,2026-05-27,Cryo-EM structure of human bradykinin receptor B1R bound to antagonist R715,True,False
9ZMC,2026-05-27,Crystal structure of Fab 7118 in complex with major repeat region (NANP6) from circumsporozoite protein,False,True
9ZV9,2026-05-27,CryoEM structure of H5N1 A/Texas/37/2024 HA bound to Fab H77,False,True
9Q09,2026-05-27,Cryo-EM structure of PGT121 Fab and Rhesus macaque Ab76 Fab in complex with HIV-1 Env trimer BG505 SOSIP.664,False,True
9Y9V,2026-05-27,THE CRYOEM STRUCTURE OF RHESUS MACAQUE 1A8 AND PGT121 FABS IN COMPLEX WITH BG505 SOSIP.664.,False,True
12FE,2026-05-27,Crystal structure of unliganded Fab 399,False,True
9QSH,2026-05-27,Cryo-EM structure of the MMM ubiquitin ligase complex with nanobody 992 (Composite map),True,False
9YAX,2026-05-27,Localized reconstruction of the asymmetric unit of the low pH treated back neutralized SINV/EEEV in complex with Fab fragment of the antibody EEEV-179,False,True
9YAZ,2026-05-27,Localized reconstruction of the asymmetric unit of SINV/EEEV in complex with Fab EEEV-179 at 40C sample.,False,True
9YHO,2026-05-27,AJ09-21 Fab in complex with HIV-1 Env 5MUT-3fill SOSIP,False,True
9YHQ,2026-05-27,AJ09-83 Fab in complex with HIV-1 Env 5MUT-3fill SOSIP,False,True
9QS6,2026-05-27,Cryo-EM structure of the helix-stabilized MMM ubiquitin ligase complex with nanobody 270 (Composite map),True,False
9YHR,2026-05-27,AJ09-110 Fab in complex with HIV-1 Env 5MUT-3fill SOSIP,False,True
9ZVH,2026-05-27,CryoEM structure of H5N1 A/Texas/37/2024 HA bound to Fab H33,False,True
9YIE,2026-05-27,NN39-25 Fab in complex with HIV-1 Env 5MUT-3fill SOSIP,False,True
9YIF,2026-05-27,NN39-171 Fab in complex with HIV-1 Env 5MUT-3fill SOSIP,False,True
9YIG,2026-05-27,V634-136 Fab in complex with HIV-1 Env 5MUT-3fill SOSIP,False,True
9YIH,2026-05-27,V634-136 UCA Fab in complex with HIV-1 Env del4-3fill SOSIP,False,True
9YII,2026-05-27,V645-158 Fab in complex with HIV-1 Env 5MUT-3fill SOSIP,False,True
9VXL,2026-05-27,CD38 in complex with 028 Fab,False,True
9YID,2026-05-27,AM12-352 Fab in complex with HIV-1 Env 5MUT-3fill SOSIP,False,True
9ZMB,2026-05-27,Crystal structure of Fab 7118 in complex with minor repeat region from circumsporozoite protein,False,True
9YAW,2026-05-27,Localized reconstruction of the asymmetric unit of SINV/EEEV in complex with Fab EEEV-33 at arm 4 at pH 5.6.,False,True
11HB,2026-05-27,Crystal structure of a GII.4 norovirus capsid P domain in complex with neutralizing antibody 17A5,False,True
25PV,2026-05-27,Structure of the anthrax protective antigen in complex with a potent neutralizing antibody,False,True
9OM5,2026-05-27,Composite map of six VRC35 Fabs and three MEDI8852 Fabs bound to influenza H3N2 Victoria 2011 hemagglutinin,False,True
9YIB,2026-05-27,AM12-351 Fab in complex with HIV-1 Env 5MUT-3fill SOSIP,False,True
9ZM9,2026-05-27,Crystal structure of Fab 7160 in complex with short major repeat region (NPNA3) from circumsporozoite protein,False,True
9ZM8,2026-05-27,Crystal structure of 7160 in complex with minor repeat region from circumsporozoite protein,False,True
9ZM7,2026-05-27,Crystal structure of Fab 7160 in complex with junctional region from circumsporozoite protein,False,True
9Q3S,2026-05-27,Cryo-EM structure of PGT121 Fab and Rhesus macaque Ab4 Fab in complex with HIV-1 Env trimer BG505 SOSIP.664,False,True
11HA,2026-05-27,Crystal structure of a GII.4 norovirus capsid P domain in complex with neutralizing antibody 24C10,False,True
9Q3X,2026-05-27,The CryoEM structure of Rhesus macaque 1G3 and PGT121 Fabs in complex with BG505 SOSIP.664,False,True
12FC,2026-05-27,Crystal structure of unliganded Fab 7118,False,True
9QQS,2026-05-27,Structure of the MEGF8-MOSMO complex with nanobody 270 (Focused refinement),True,False
9VL2,2026-05-27,Structure of CD33 complexed with its mAb-10C8,False,True
9QTY,2026-05-27,Cryo-EM structure of the binary MEGF8-MOSMO complex with nanobody 270,True,False
12FD,2026-05-27,Crystal structure of unliganded Fab 7160,False,True
9QRU,2026-05-27,Cryo-EM structure of the MMM ubiquitin ligase complex with nanobody 270 (Composite map),True,False
9ZFY,2026-05-27,7160 Fab in complex with Plasmodium falciparum rsCSP,False,True
9ZMA,2026-05-27,Crystal structure of Fab 7160 in complex with major repeat region (NANP6)from circumsporozoite protein,False,True
9WLA,2026-06-03,Local refinement region of SARS-CoV-2 spike RBD in complex with antibodies CT1-5.,False,True
9WLB,2026-06-03,Local refinement region of SARS-CoV-2 spike RBD in complex with antibodies S309 and CT1-1.,False,True
9V5O,2026-06-03,Crystal Structure of anti-HIV scFv against MPER region of the envelope protein,False,True
9NZ2,2026-06-03,Cryo-EM structure of antibody 22F5 in complex with pre-fusion stabilized LayV-F,False,True
9X3J,2026-06-03,Glycoprotein of Mengla Virus with MR191 Fab bound,False,True
9ZG5,2026-06-03,Structure of superfolder GFP bound to nanobody 15,True,False
9Z79,2026-06-03,Cryo-EM structure of Enterotoxigenic Escherichia coli autotransporter A (EatA) complexed with the fragment antigen binding domain of monoclonal antibody 40,False,True
9Z78,2026-06-03,Cryo-EM structure of Enterotoxigenic Escherichia coli autotransporter A (EatA) complexed with the fragment antigen binding domain of monoclonal antibody 15,False,True
9Z77,2026-06-03,Cryo-EM structure of Enterotoxigenic Escherichia coli autotransporter A (EatA) complexed with the fragment antigen binding domain of monoclonal antibody G12,False,True
25NV,2026-06-03,A complex of PTH1R/Gs bound to a PTHrP analogue with five beta-amino acids,True,False
9Z7B,2026-06-03,Cryo-EM structure of Protein involved in colonization (Pic) from Enteroaggregative Escherichia coli complexed with the fragment antigen binding domain of monoclonal antibody 40,False,True
9Z76,2026-06-03,Cryo-EM structure of Enterotoxigenic Escherichia coli autotransporter A (EatA) complexed with the fragment antigen binding domain of monoclonal antibody 25,False,True
9ZRX,2026-06-03,Cryo-EM structure of SHIV-elicited CE79-1571 Fab in complex with HIV Env trimer Q23-SCT27,False,True
9ZRY,2026-06-03,Cryo-EM structure of SHIV-elicited CN81-2029 Fab in complex with HIV Env trimer Q23-SCT27,False,True
9ZRZ,2026-06-03,Cryo-EM structure of SHIV-elicited CI93-1365 Fab in complex with HIV Env trimer Q23-SCT27,False,True
9V5N,2026-06-03,Crystal structure of anti HIV scFv against MPER region,False,True
12QJ,2026-06-03,Pneumococcal choline binding CbpE surface protein bounds to 5992-2 Fab,False,True
13FL,2026-06-03,Structure of FabS1CE2_P2a in complex with the N-terminal domain of PD-L1,False,True
9Z7A,2026-06-03,Cryo-EM structure of Secreted extracellular protein A (SepA) from Shigella flexneri complexed with the fragment antigen binding domain of monoclonal antibody 40,False,True
9VMD,2026-06-10,HRV14 3C in complex with single chain antibody YDF and cloverleafRNA-conformation2 splitRNA,False,True
9YHS,2026-06-10,AM12-340 Fab in complex with HIV-1 Env 5MUT-3fill SOSIP,False,True
9ELS,2026-06-10,Light chain amyloidosis amyloid fibril - IGLV6-57,False,True
24KR,2026-06-10,Structural basis of influenza A virus neutralization by broadly active single-domain antibody G2.3 recognizing glycosylated epitope within hemagglutinin stem,False,True
24XY,2026-06-10,P2Y13R-Gq complex bound to ADP,True,False
9TD2,2026-06-10,Integrin AlphaIIbBeta3 bound to Fab of the anti-HPA-1a antibody 26.4,False,True
9U00,2026-06-10,"Crystal structure of NbH10, a nanobody against the PWWP domains of LEDGF and HRP-2",True,False
9ZR7,2026-06-10,Cryo-EM structure of NRAS(Q61K)-BRIL fusion in complex with Fab(BAG2) and Monobody(Mb24),False,True
9ZV4,2026-06-10,CryoEM structure of H5N1 A/Texas/37/2024 HA bound to Fab H20,False,True
10BT,2026-06-10,X-ray Crystal Structure of A High-Affinity Monoclonal Antibody Sequesters Xylazine,False,True
9MBZ,2026-06-10,Cryo-EM structure of human FcRL4 bound to IgA-Fc/J,False,True
9TZZ,2026-06-10,"Crystal structure of NbC03, a nanobody against the PWWP domains of LEDGF and HRP-2",True,False
9YTS,2026-06-10,Cryo-EM structure of the parainfluenza virus hemagglutinin-neuraminidase protein in complex with the human antibodies 5217-2 and PIV3HN-09,False,True
9YQ6,2026-06-10,Cryo-EM structure of the parainfluenza virus hemagglutinin-neuraminidase protein in complex with the human antibodies PIV3HN-09 and PIV3HN-13,False,True
9W3F,2026-06-10,Cryo-EM structure of the human beta2-adrenergic receptor in complex with a novel antagonist,True,False
9OST,2026-06-17,Structure of human Fab HB34 in complex with influenza H1N1 A/Solomon Island/3/2006 hemagglutinin,False,True
9OSS,2026-06-17,Structure of human Fab HB31 in complex with influenza H1N1 A/Solomon Island/3/2006 hemagglutinin,False,True
9P1V,2026-06-17,Structure of MAb PhtD3 in complex with PhtD,False,True
9OSU,2026-06-17,Structure of human Fab HB315 in complex with influenza H1N1 A/Solomon Island/3/2006 hemagglutinin,False,True
9ZZO,2026-06-17,MP1104-bound Kappa Opioid Receptor in complex with beta-arrestin1,True,False
9W6S,2026-06-17,hCA450-21.1 Fab and GD2 complex,False,True
9PYK,2026-06-17,Q12BBM-069 Fab in complex with HIV-1 Env BG505 NFL TD CC3+,False,True
9T0E,2026-06-17,Structure of Crimean Congo hemorrhagic fever virus (CCHFV) L protein bound to 5' vRNA and nanobody 20096.,True,False
9W2I,2026-06-17,Cryo-EM structure of Peptide 336 (P336)-bound neurokinin 2 receptor (NK2R) in complex with miniGs/q70,True,False
9WG4,2026-06-17,Cryo-EM structure of pocket engineered OR52cs in its active state,True,False
9W2H,2026-06-17,Cryo-EM structure of EB1002-bound neurokinin 2 receptor (NK2R) in complex with miniGs/q70,True,False
9PYH,2026-06-17,Q9M-023 Fab in complex with HIV-1 Env BG505 NFL TD CC3+,False,True
9W1J,2026-06-17,Cryo-EM structure of neurokinin A (NKA)-bound neurokinin 2 receptor (NK2R) in complex with miniGs/q70,True,False
9PY5,2026-06-17,Q10M-055 Fab in complex with HIV-1 Env Q23 NFL TD CC3+,False,True
9NZ0,2026-06-17,Cryo-EM structure of vaccine elicited antibody 22F5 bound to the post-fusion conformation of the LayV-F glycoprotein,False,True
9PYD,2026-06-17,Q12QBM-007 Fab in complex with HIV-1 Env BG505 NFL TD CC3+,False,True
9PJ1,2026-06-17,"Crystal structure of a synthetic Fab (4R) in complex with the ternary assembly of FKBP12, Rapamycin, and the FRB domain of mTOR",False,True
9PIW,2026-06-17,Crystal structure of a synthetic Fab (1A) in complex with the FRB domain of mTOR,False,True
9W2G,2026-06-17,Cryo-EM structure of EB1001-bound neurokinin 2 receptor (NK2R) in complex with miniGs/q70,True,False
21EO,2026-06-17,Cryo-EM structure of monomeric Cu/Zn-superoxide dismutase from dog (Canis familiaris) complexed with 19A9 triabody in the open conformation,False,True
9PIU,2026-06-17,Crystal structure of a synthetic Fab (2C) in complex with the FRB domain of mTOR,False,True
21EN,2026-06-17,Cryo-EM structure of monomeric Cu/Zn-superoxide dismutase from dog (Canis familiaris) complexed with 19A9 triabody in the closed conformation,False,True
13FJ,2026-06-17,TGFB1 IN COMPLEX WITH NIS793 FAB,False,True
9W2J,2026-06-17,Cryo-EM structure of Peptide 383 (P383)-bound neurokinin 2 receptor (NK2R) in complex with miniGs/q70,True,False
9IBW,2026-06-24,Dark-state structure of human short-wave-sensitive opsin (OPN1SW),False,True
9I3T,2026-06-24,Dark-state structure of human medium-wave-sensitive cone opsin (OPN1MW),False,True
9RTG,2026-06-24,Crystal structure of Ara h 2 immunocomplex with IgE Fab fragment,False,True
9PI7,2026-06-24,EV-D68 in complex with G12 VHH,True,False
9OV2,2026-06-24,Crystal structure of human IGA2M1 FC fragment-FC-alpha receptor (CD89) complex,False,True
9E6G,2026-06-24,Locally Refined Cryo-EM map of 2G12 IgG BCR receptor lacking Fab region view,False,True
9QP4,2026-06-24,Pre-active dark-state structure of human short-wave-sensitive opsin (OPN1SW),False,True
9MKG,2026-06-24,Cryo-EM structure of human CD33 bound to 15G15.3 Fab,False,True
9YRQ,2026-06-24,Factor XIa in complex with Fab fragment of REGN9933-A2,False,True
12QB,2026-06-24,Crystal structure of CM11.1 Fab in complex with an orthomarburgvirus GP2 peptide,False,True
12PY,2026-06-24,Crystal structure of unbound CM11.1 Fab,False,True
12QD,2026-06-24,Crystal structure of CM12.1 Fab in complex with an orthomarburgvirus GP2 peptide,False,True
9VH5,2026-06-24,Cryo EM structure of hemagglutinin from Puerto Rico/8/1934-New York/55/2004 (H3N2) in complex with a single domain antibody,True,True
12QA,2026-06-24,Crystal structure of CM10 Fab in complex with an orthomarburgvirus GP2 peptide,False,True
9VJK,2026-06-24,Crystal Structure of an Antigen-Binding Fragment of Monoclonal Antibody 10E6 against Sulfonamides,False,True
9VH4,2026-06-24,Cryo EM structure of hemagglutinin from Puerto Rico/8/1934 (H1N1) in complex with a single domain antibody,True,True
9WJ6,2026-06-24,"An integrated in silico-in vitro workflow for discovering high-affinity, selective antibodies to the KRAS(G12D)-MHC I complex",False,True
9YRB,2026-06-24,Factor XIa in complex with Fab fragment of REGN7508-Cat,False,True
12QC,2026-06-24,Crystal structure of 30G4 Fab in complex with an orthomarburgvirus GP2 peptide,False,True
9P9Q,2026-07-01,KL-H15-3G11 Fab in complex with soluble A/wedge-tailed shearwater/Western Australia/2576/1979 H15 hemagglutinin trimer,False,True
9YGR,2026-07-01,HCoV-HKU1 C S 2P in complex with H501-022 Fab (local cryoEM),False,True
9YGN,2026-07-01,"HuCoV-HKU1 C S 2P in complex with H501-018 Fab (State 1, global cryoEM)",False,True
27XK,2026-07-01,A cryo-EM structure of GLP1-Y11-GLP1R-Gs complex,True,False
9Q1Z,2026-07-01,Structure of the Measles virus Hemagglutinin ectodomain in complex with neutralizing antibody 1C02,False,True
9P9R,2026-07-01,KL-H15-6H4 Fab in complex with soluble A/wedge-tailed shearwater/Western Australia/2576/1979 H15 hemagglutinin trimer,False,True
9P9S,2026-07-01,KL-H15-6G8 Fab in complex with soluble A/wedge-tailed shearwater/Western Australia/2576/1979 H15 hemagglutinin trimer,False,True
9P9T,2026-07-01,07-5G01 Fab in complex with soluble A/wedge-tailed shearwater/Western Australia/2576/1979 H15 hemagglutinin trimer,False,True
9PZC,2026-07-01,"HCMV trimer in complex with G1L (II), G1L (A), B5L, C4K, B1K, A7K, A12K, and C5K Fabs",False,True
9PFJ,2026-07-01,Cryo-EM structure of VX77 Fab in complex with GII.4 Norovirus P domain,False,True
9Q24,2026-07-01,Structure of the Measles virus Hemagglutinin ectodomain in complex with two neutralizing antibodies 1C08 and 4D08,False,True
9Z5U,2026-07-01,Cryo-EM structure of a soluble HCV E1E2 antigen in complex with AT1211 fab,False,True
9Q26,2026-07-01,Structure of the Measles virus Fusion glycoprotein ectodomain in complex with two neutralizing antibodies 4F09 and 3A12,False,True
9Q20,2026-07-01,Structure of the Measles virus Hemagglutinin ectodomain in complex with neutralizing antibody 1C08,False,True
9PFK,2026-07-01,Cryo-EM structure of VX93 Fab in complex with GII.4 Norovirus P domain,False,True
9YGO,2026-07-01,"HuCoV-HKU1 C S 2P in complex with H501-018 Fab (State 2, global cryoEM)",False,True
9W43,2026-07-01,Structure of the complex of human PD-1 and a PD-1-directed antibody,False,True
9YJS,2026-07-01,Crystal structure of anti-HCV human broad neutralizing antibody B098,False,True
9YXW,2026-07-01,Crystal structure of HCoV-HKU1 RBD bound by H501-008 Fab,False,True
9NEY,2026-07-01,The structure of BoNT/A in complex with a neutralizing antibody 2G11,False,True
9YK6,2026-07-01,Crystal structure of anti-HCV human neutralizing antibody B107,False,True
9YGP,2026-07-01,HCoV-HKU1 C S 2P in complex with H501-018 Fab (local cryoEM),False,True
31IC,2026-07-01,Structure of human excitatory amino acid transporter 3 (EAAT3) in complex with B11 nanobody,True,False
31MR,2026-07-01,CryoEM structure of a catalytically inactive CXC Chemokine-degrading protease SpyCEP from Streptococcus pyogenes complexed with an anti-PA-domain monoclonal antibody,False,True
9P6V,2026-07-01,"Cryo-EM structure of chimeric immunoglobulin M comprising bony fish and human sequences, hFcm-tFcm-chi4",False,True
9P6U,2026-07-01,"Cryo-EM structure of chimeric immunoglobulin M comprising bony fish and human sequences, hFcm-tFcm-chi3",False,True
10FJ,2026-07-01,FcgRIIa in complex with IV.3 Fab,False,True
9MSK,2026-07-01,Structure of hepatitis C virus envelope glycoprotein E2 core from isolate H77 bound to neutralizing antibody RM3-26,False,True
9YGQ,2026-07-01,HCoV-HKU1 C S 2P in complex with H501-022 Fab (global cryoEM),False,True
9PZB,2026-07-01,"HCMV trimer in complex with E4K, E11K, A9K, E9L, E8K, B1K, E7K, F12L and E10L Fabs",False,True
9WMQ,2026-07-01,The cryo-electron microscopy complex structure of PCV3 VLPs and antibody 2B5,False,True
9TUY,2026-07-08,PfRIPR EGF6 and 7 bound to monoclonal antibody MAD8-739,False,True
9ZGB,2026-07-08,Crystal structure of VRC42.01 Fab in complex with HIV-1 gp41 MPER peptide and phosphatidic acid (06:0 PA),False,True
9S6Q,2026-07-08,CryoEM structure of WIV1 spike monomer in complex with neutralizing antibody V1WT_41,False,True
9S6Y,2026-07-08,CryoEM structure of WIV1 spike monomer in complex with neutralizing antibody V1WT_06,False,True
9PU2,2026-07-08,Crystal structure of EEEV-179 Fab (Crystal Kappa),False,True
9TUX,2026-07-08,PfRIPR bound to monoclonal antibody MAD8-66,False,True
9TUW,2026-07-08,PfRIPR EGF6 and 7 bound to monoclonal antibody RP.012,False,True
9VT4,2026-07-08,EBOV GP/BA2-VHH complex,True,False
9VTS,2026-07-08,EBOV GP/1A10-VHH complex,True,False
9TUZ,2026-07-08,PfRIPR bound to monoclonal antibody MAD8-2,False,True
9ZG9,2026-07-08,Crystal structure of DH511.12P Fab in complex with HIV-1 gp41 MPER peptide and phosphatidic acid (06:0 PA); single-lipid form,False,True
9YMK,2026-07-08,RVz20_wk72_08 Fab in complex with BG505 MD39 SOSIP and RM20A3 Fab,False,True
9VPN,2026-07-08,AMG986-bound APLNR dimer in active state 2b in complex with Gi-protein,False,True
9ZGA,2026-07-08,Crystal structure of DH511.12P Fab in complex with HIV-1 gp41 MPER peptide and phosphatidic acid (06:0 PA); double-lipid form,False,True
9ZGD,2026-07-08,Crystal structure of VRC42.01 Fab in the presence of HIV-1 gp41 MPER peptide and phosphatidic acid (06:0 PA); unliganded form,False,True
9YMJ,2026-07-08,RQd20_wk56_28 Fab in complex with V703-0537_L14 SOSIP and 3BNC117 Fab,False,True
29TJ,2026-07-08,Structure of the Porcine Reproductive and Respiratory Syndrome virus-2 glycoprotein GP4 antigenic region 59-69 bound to the neutralizing scFv#18,False,True
9S67,2026-07-08,CryoEM structure of WIV1 spike monomer in complex with neutralizing antibody VA14_26,False,True
9YML,2026-07-08,RRr20_wk72_07 Fab in complex with BG505 MD39 SOSIP and RM20A3 Fab,False,True
9N3B,2026-07-08,CryoEM structure of WNV (Kunjin strain) with the Fab of WNV-86 antibody,False,True
9OEG,2026-07-08,Structure of the human astrovirus VA1 capsid spike bound to antibody 2A2,False,True
9OEF,2026-07-08,Structure of the human astrovirus VA1 capsid spike bound to antibody 7C8,False,True
9RMK,2026-07-08,Structure of the O-oligosaccharyl transferase PglL from Neisseria meningitidis in complex with a nanobody,True,False
9Z12,2026-07-08,SARS-CoV-2 spike S2 in complex with antibody B3-1,False,True
9ZG7,2026-07-08,Crystal structure of DH511.1 Fab in complex with HIV-1 gp41 MPER peptide and phosphatidic acid (06:0 PA),False,True
9VPM,2026-07-08,AMG986-bound APLNR dimer in active state 2a in complex with Gi-protein,False,True
9ZG8,2026-07-08,Crystal structure of DH511.1 Fab crystallized in the presence of HIV-1 gp41 MPER peptide and phosphatidic acid (06:0 PA); unbound form,False,True
9Z18,2026-07-08,SARS-CoV-2 spike S2 in complex with antibody N6-2,False,True
9YJJ,2026-07-15,Crystal structure of MERS-CoV spike stem helix peptide in complex with monoclonal antibody CC65.1,False,True
13BF,2026-07-15,Cryo-EM structure of COL6A3-Fab complex,False,True
9RUH,2026-07-15,Cryo-EM structure of the LB_DQB0602_B Fab - HLA-DQB1*06:02/DQA1*01:02 human alloantibody-HLA complex,False,True
9RUF,2026-07-15,Cryo-EM structure of the LB_DQB0301_A Fab - HLA-DQB1*03:01/DQA1*05:02 human alloantibody-HLA complex,False,True
13BR,2026-07-15,Cryo-EM structure of AZGP1-Fab complex,False,True
13BS,2026-07-15,CryoEM structure of IL36RA-Fab complex,False,True
9YJI,2026-07-15,Crystal structure of SARS-CoV-2 spike stem helix peptide in complex with monoclonal antibody CC65.1,False,True
9RUG,2026-07-15,Cryo-EM structure of the LB_DQB0303_A Fab - HLA-DQB1*03:03/DQA1*02:01 human alloantibody-HLA complex,False,True
9TVT,2026-07-15,CRYSTAL STRUCTURE OF SARS-COV-2 RECEPTOR BINDING DOMAIN (RBD-beta variant) in complex with 3D2 Fab and 1D1 Fab,False,True
9N29,2026-07-15,hM4Di(GRANPA) in complex with mGsI and diphenhydramine,True,False
9LE9,2026-07-15,Complex structure of THC-4447 Fab bound to SARS-CoV-2 XBB.1.5 RBD,False,True
9LF4,2026-07-15,Complex structure of THC-2027 and THC-4555 Fab bound to SARS-CoV-2 XBB.1.5 RBD,False,True
9LF5,2026-07-15,Complex structure of THC-4677 and THC-4881 Fab bound to SARS-CoV-2 WT RBD,False,True
9VV6,2026-07-15,The structure of ITN bound OXGR1,False,True
9LFO,2026-07-15,Complex structure of THC-2199 Fab bound to SARS-CoV-2 XBB.1.5 RBD,False,True
9VSO,2026-07-15,Crystal structure of Fab bound to the WT1-derived RMF peptide presented by HLA-A*02:01,False,True
9VUP,2026-07-15,SFTSV-Gn/N2D2 complex,True,False
9VUD,2026-07-15,SFTSV-Gn/N4E8 complex,True,False
9LFP,2026-07-15,Complex structure of THC-2030 Fab and S309 bound to SARS-CoV-2 WT RBD,False,True
9YJK,2026-07-15,Crystal structure of MERS-CoV spike stem helix peptide in complex with monoclonal antibody eCC65.1-12,False,True
12LO,2026-07-22,X-ray crystal structure of Protein GB1 mutant K13A,False,True
9UHH,2026-07-22,WT RBD in complex with antibody BA5-12-GR,False,True
9PMS,2026-07-22,Epitope editing of CD90 protects hematopoietic stem cells from immunotherapy and enables targeted enrichment for gene therapy,False,True
9VXH,2026-07-22,SFTSV-Gn/N2C1 complex,True,False
9PLP,2026-07-22,Crystal structure of netrin-1 in complex with anti-netrin-1 Fab (NP137 Fab),False,True
9UHQ,2026-07-22,Local refinement of JN.1 spike in complex with antibody BA5-39,False,True
35TL,2026-07-22,PD-L1 complexed with Germinal-designed anti-PD-L1 scFv H5,False,True
9UHF,2026-07-22,JN.1 RBD in complex with antibody BA5-12,False,True
9RXK,2026-07-22,Crystal structure of the Ustilago maydis virulence factor Pit2,False,True
9YBH,2026-07-22,Anti HPA-1a Fab M-204 and integrin beta 3 complex,False,True
9Q5H,2026-07-22,anti-HPA-1a Fab B2G1 CONFORMATION 1,False,True
9Q5T,2026-07-22,anti-HPA-1a Fab SZ21 and integrin beta 3 complex,False,True
26WC,2026-07-22,Local refinement of the mpox virus A35R protein in complexed with 17H1 Fab,False,True
9VWF,2026-07-22,Cryo-EM structure of RSV pre-F (strain A2) in complex with Fab 3G12,False,True
9VOS,2026-07-22,Cryo-EM Structure of GPR158 in Complex with RGS7-Gbeta5 and Nanobody Nb20,True,False
9Q4L,2026-07-22,anti-HPA-1a Fab 26.4,False,True
9Q5I,2026-07-22,anti-HPA-1a Fab B2G1 CONFORMATION 2,False,True
9Q68,2026-07-22,Anti-HPA-1a Fab D204 and integrin beta 3 complex,False,True
9VWQ,2026-07-22,Crystal structure of Nanobody Nb3.30,True,False
9XTU,2026-07-22,PEDV S1B domain in complex with porcine antibodies C62 and N34,False,True
9UHG,2026-07-22,JN.1 RBD in complex with antibody BA5-12-CDR1,False,True
9RWI,2026-07-22,crystal structure of a human leukocyte antigen-A (HLA-G) blocking antibody,False,True
9P4F,2026-07-22,Cryo-EM structure of Nectin-2 complex with Fab F1,False,True
11EX,2026-07-29,Crystal structure of hIgG1-Fc in complex with FcRL5,False,True
9ZRM,2026-07-29,Potently Neutralizing W010 antibody Fab fragment in complex with West Nile Virus EDIII,False,True
9ZXD,2026-07-29,"Structure of AT118-R nanobody in complex with the angiotensin II type I receptor bound to L-162,313",True,True
9ZRN,2026-07-29,Neutralizing W014 Fab antibody fragment in complex with West Nile Virus EDIII,False,True
9ZRP,2026-07-29,Neutralizing W049 antibody Fab fragment in complex with West Nile Virus EDIII,False,True
9YSG,2026-07-29,Cryo-EM structure of SARS-CoV-2 Omicron neutralizing antibody AB2-122 with BA.5 RBD and SP1-77 Fab complex,False,True
9YTA,2026-07-29,Cryo-EM structure of SARS-CoV-2 Omicron neutralizing antibody L52 with BA.5 RBD and SP1-77 Fab complex,False,True
9W1D,2026-07-29,Structure of nanobody sm8 against fenitrothion,True,True
9ZXC,2026-07-29,Structure of AT118-R nanobody in complex with the angiotensin II type I receptor bound to losartan,True,True
9ZRO,2026-07-29,Neutralizing W037 Fab antibody fragment in complex with West Nile Virus EDIII,False,True
9YTC,2026-07-29,Cryo-EM structure of SARS-CoV-2 Omicron neutralizing antibody S212 with BA.5 RBD and SP1-77 Fab complex,False,True
9YEO,2026-08-05,Cryo-EM structure of double-bound FDG antibody VRC49.01 in complex with HIV-1 Env BG505 DS-SOSIP trimer,False,True
9PUM,2026-08-05,Human respirovirus 3 hemagglutinin-neuraminidase dimer in complex with VHH A2R3-60,True,False
9YEM,2026-08-05,Cryo-EM structure of triple-bound FDG antibody VRC49.01 in complex with HIV-1 Env BG505 DS-SOSIP trimer,False,True
9Y90,2026-08-05,Cryo-EM structure of Broadly neutralizing antibody VRC48.02 in complex with HIV-1 Env BG505 DS-SOSIP trimer,False,True
22HP,2026-08-05,SARS-CoV-2 BA.3.2.2(RE.2.2) RBD in complex with monoclonal antibodies S2K146 and L4.65,False,True
9Q7P,2026-08-05,Solution Structure of the Beta Domain of Human MT1A Bound to 6 Cu(I) Ions,False,True
9XO2,2026-08-05,PEDV HNXX spike trimer with one D0 Down in complex with one N19 Fab,False,True
9XAW,2026-08-05,Structure of the SARS-CoV-2 Spike N-terminal domain(NTD) in complex with the BLN8 Fab,False,True
9YDW,2026-08-05,Cryo-EM structure of single-bound FDG antibody VRC49.01 in complex with HIV-1 Env BG505 DS-SOSIP trimer,False,True
9TY2,2026-08-05,"Crystal structure of a Picomolar Nanobody in complex with Maltose Binding Protein, MBP, and maltose",True,True
9XAR,2026-08-05,Structure of the SARS-CoV-2 Spike N-terminal domain(NTD) in complex with the C1624 Fab,False,True
27UH,2026-08-05,Crystal structure of a de novo-designed VHH targeting S100A4,True,False
9SLQ,2026-08-05,Trypanosome brucei enolase in complex with a camelid single-domain antibody,False,True
9XA4,2026-08-05,Structure of the Omicron BA.4/5 Spike N-terminal domain(NTD) in complex with the AC2 Fab,False,True
9XA0,2026-08-05,Structure of the Omicron KP.3.1.1 variant Spike N-terminal domain(NTD)in complex with the C1717 Fab and S2L20 Fab,False,True
9X9Z,2026-08-05,"Structure of the Omicron BA.2.86 variant Spike N-terminal domain(NTD)in complex with the antibody Fab fragment, C1717",False,True
9XA5,2026-08-05,Structure of the Omicron BA.4/5 Spike N-terminal domain(NTD) in complex with the AC8 Fab,False,True
43YY,2026-08-05,Cryo-EM structure of N19 Fab : D0D-S1A,False,True
9XNY,2026-08-05,Focus refinement of PEDV HNXX spike monomer with D0 down in complex with N19 Fab,False,True
9PUR,2026-08-05,Human respirovirus 1 hemagglutinin-neuraminidase dimer in complex with VHH A2R3-60,True,False
26AP,2026-08-05,Complex between N-lobe Arc mutant F267/F5Phe and nanobody H11,True,False
9PUP,2026-08-05,Human respirovirus 3 hemagglutinin-neuraminidase dimer in complex with VHH A2R3-59,True,False
9W6U,2026-08-05,Structure of the PT NTD-C1554-C1540 complex,False,True
9LQI,2026-08-05,Structure of Nanobody-161 in complex of Tumor necrosis factor receptor 2 (TNFR2),True,False
9YZ8,2026-08-12,Crystal Structure of VHH MOD203 in complex with SARS-CoV-2 KP.3 RBD,True,False
9YZ7,2026-08-12,Crystal Structure of VHH MOD225 in complex with SARS-CoV-2 KP.3 RBD,True,False
9S6K,2026-08-12,Structure of C. tepidum Rel in an open state in complex with Nb898,True,False
9YZ9,2026-08-12,Crystal Structure of VHH MOD239 in complex with SARS-CoV-2 KP.3 RBD,True,False
12ER,2026-08-12,Cryo-EM structure of BCMA in complex with the BCMA-targeted Fab arm of teclistamab and the Fab fragment of an anti-lambda light chain antibody REGN15499,False,True
9XI7,2026-08-12,SARS-CoV-2 Omicron BA.4/5 spike trimer in complex with BD56-597 Fab and ACE2 (3 RBD up),False,True
22HG,2026-08-12,SARS-CoV-2 BA.3.2.2(RE.2.2) RBD in complex with human ACE2 and monoclonal antibody S2H97,False,True
9XI8,2026-08-12,Sarbecovirus GX2013 Spike S1 in complex with C092 Fab,False,True
9XI0,2026-08-12,SARS-CoV-2 Omicron BA.4/5 spike trimer in complex with C092 Fab and ACE2 (3 RBD up),False,True
9XI1,2026-08-12,SARS-CoV-2 Omicron BA.4/5 spike RBD in complex with C092 Fab and ACE2,False,True
9XI2,2026-08-12,SARS-CoV-2 Omicron BA.4/5 spike RBD in complex with C807 Fab and ACE2,False,True
9XI3,2026-08-12,SARS-CoV-2 Omicron BA.4/5 spike trimer in complex with C807 Fab and ACE2 (3 RBD up),False,True
9XI4,2026-08-12,SARS-CoV-2 Omicron BA.4/5 spike RBD in complex with BD56-104 Fab and ACE2,False,True
9XI5,2026-08-12,SARS-CoV-2 Omicron BA.4/5 spike trimer in complex with BD56-104 Fab and ACE2 (3 RBD up),False,True
9XI6,2026-08-12,SARS-CoV-2 Omicron BA.4/5 spike RBD in complex with BD56-597 Fab and ACE2,False,True
9XI9,2026-08-12,"SARS-CoV-2 Omicron LP.8.1 spike trimer (S-6P) in complex with 3 ZL58 Fabs and 3 ZL525 Fabs, focused refinement of RBD and Fab region",False,True
12ES,2026-08-12,Cryo-EM structure of BCMA in complex with the BCMA-targeted Fab arm of linvoseltamab and the Fab fragment of an anti-kappa light chain antibody REGN654,False,True
9XHZ,2026-08-12,SARS-CoV-2 Omicron BA.4/5 spike trimer in complex with C092 Fab and ACE2 (2 RBD up),False,True
9XHY,2026-08-12,SARS-CoV-2 Omicron BA.4/5 spike RBD in complex with C092 Fab and ACE2,False,True
9XWM,2026-08-12,MO1 RBD in complex with Fab BD23-0027 and Fab BD23-0087,False,True
9XWN,2026-08-12,RU15-1 RBD in complex with Fab BD23-0177 and Fab BD23-0152,False,True
26PF,2026-08-12,Structure of a human monoclonal neutralizing antibody S54 targeting Epstein-Barr virus major glycoprotein gp350,False,True
32NZ,2026-08-12,An activating H90 ScFv bound to the hyaluronan-binding domain of human CD44,False,True
11LR,2026-08-19,Human monoclonal antibody 8C5 in complex with rabies virus glycoprotein,False,True
11LS,2026-08-19,Human Monoclonal Antibody RVC68 in complex with rabies virus glycoprotein,False,True
11LP,2026-08-19,Mouse monoclonal antibody A11 in complex with rabies virus glycoprotein,False,True
9NPM,2026-08-19,Composite map of three pairs of dimeric VRC36 Fabs bound to HIV-1 BG505.T332N DS-SOSIP.664 Env trimer,False,True
11WR,2026-08-19,Cryo-EM structure of Candida albicans fluoride channel FEX in complex with Fab fragment in LiCl,False,True
11LQ,2026-08-19,Human monoclonal antibodies 4C12 and 4H3 in complex with rabies virus glycoprotein,False,True
9ZTJ,2026-08-19,CryoEM structure of H5N1 A/Texas/37/2024 HA bound to Fab H91,False,True
11IW,2026-08-19,Mouse monoclonal antibody A2 in complex with rabies virus glycoprotein,False,True
9ZBX,2026-08-26,Crystal structure of SARS-CoV-2 receptor binding domain in complex with antibodies HB148-M4 and LY-CoV1404,False,True
12IE,2026-08-26,Cryo-EM structure of B/Lee/1940 hemagglutinin trimer in complex with three KL-BHA-4C2 Fab fragments,False,True
32JG,2026-08-26,Nanobody Nb3 against SOG1 NAC domain,True,False
32JH,2026-08-26,Nanobody Nb7 against SOG1 NAC domain,True,False
9QJR,2026-08-26,GABA-A receptor a2b3 (1:4) + a2NB29(near-silent) + b3Mb125 + GABA,True,False
21NX,2026-08-26,Cryo-EM structure of mouse IgG2b-Fc in complex with FcgammaRIV,False,True
33CG,2026-08-26,Cryo-EM structure of MAGE-A4 (230-239)-bound HLA-A*02:01 in complex with Fab VR-6,False,True
9PZZ,2026-08-26,"Genetically encoded fluorescent nanobody H11 with 4-(7-nitro-2,1,3-benzoxadiazolyl)-alanine (NBDO) at the W37 position complexed with Arc-NL",True,False
28JD,2026-08-26,BKPyV VP1 IN COMPLEX WITH scFv 319C07,False,True
33CH,2026-08-26,Cryo-EM structure of MAGE-A4 (230-239)-bound HLA-A*02:01 in complex with Fab VR-4,False,True
9NHP,2026-08-26,GB-0669 Fab: S2 stem helix peptide,False,True
9Q00,2026-08-26,"Genetically encoded fluorescent nanobody H11 with 4-(7-nitro-2,1,3-benzoselenadiazolyl)-alanine (NBDSe) at the W37 position complexed with Arc-NL",True,False
9ZBY,2026-08-26,Crystal structure of SARS-CoV-2 Omicron BA.1 receptor binding domain in complex with antibodies HB148-M4 and LY-CoV1404,False,True
9NFT,2026-08-26,PRO-37587 bound to SARS-CoV-2 Spike protein,False,True
12IF,2026-08-26,Cryo-EM structure of B/Phuket/3037/2013 hemagglutinin trimer in complex with two KL-BHA-3D7 Fab fragments,False,True
9WFX,2026-08-26,Crystal structure of MPXV A35R in complex with a neutralizing antibody 347,False,True
25SB,2026-08-26,CyroEM structure of the complex between Shiga toxin Stx1a B subunit and neutralising Fab fragment of RDS059,False,True
33CI,2026-08-26,Cryo-EM structure of MAGE-A4 (230-239)-bound HLA-A*02:01 in complex with Fab VR-58,False,True
21NY,2026-08-26,Cryo-EM structure of the rat IgE-Fc in complex with FcgammaRIIB,False,True
9Q0F,2026-08-26,Structure of angiotensin II type 1 receptor bound to a b-arrestin biased allosteric modulator stabilized by a synthetic nanobody,True,False
23VF,2026-08-26,Crystal structure of CEACAM1 in complex with MG1124 antibody,False,True
21NZ,2026-08-26,Cryo-EM structure of the rat IgE-Fc in complex with FcgammaRIV,False,True
9ZBW,2026-08-26,Crystal structure of SARS-CoV-2 receptor binding domain in complex with antibodies HB148 and LY-CoV1404,False,True
9IBF,2026-08-26,Crystal structure of hFcgammaRI-FAb complex,False,True
32JE,2026-08-26,Nanobody Nb1 against SOG1 NAC domain,True,False
12ID,2026-08-26,Cryo-EM structure of B/Lee/1940 hemagglutinin trimer in complex with three KL-BHA-3F4 Fab fragments,False,True
9S9E,2026-09-02,Co-crystal of broadly neutralizing biparatopic monomeric VHH in complex with cardiotoxin (P01468) naja pallida,True,True
44AB,2026-09-02,PC-Int1 + 13H11-Fab + 2C12-Fab + 7I13-Fab,False,True
9X9T,2026-09-02,Local refinement of SARS-CoV-2 KP.3.1.1 RBD with BD57-2704 and AB2-122 Fab,False,True
25RG,2026-09-02,CyroEM structure of the complex between Shiga toxin Stx1a B subunit and neutralising Fab fragment of RDS045,False,True
29IN,2026-09-02,Structural basis of autoantibody binding in IgLON5 disease,False,True
30AC,2026-09-02,Complex between IgE-Fc and anti-IgE Fab aeFab67,False,True
30AD,2026-09-02,Complex between IgE-Fc and anti-IgE Fab aeFab81,False,True
30AE,2026-09-02,Complex between IgE-Fc and anti-IgE Fab aeFab92,False,True
29CP,2026-09-02,Structural basis of autoantibody binding in IgLON5 disease,False,True
9XJK,2026-09-02,Structure of neutralizing antibody B9 with MPXV M1R,False,True
9SF4,2026-09-02,Prefusion-stabilized Hendra virus fusion protein in complex with inhibitory nanobody F130,True,False
9T5Q,2026-09-02,LRR domain Structure of LRRC8A in complex with synthetic nanobody Sb4,True,False
9T5O,2026-09-02,"Structure of heteromeric mouse LRRC8A/D Volume-Regulated Anion Channel in complex with synthetic nanobody Sb1, Conformation 2",True,False
9T5N,2026-09-02,"Structure of heteromeric mouse LRRC8A/D Volume-Regulated Anion Channel in complex with synthetic nanobody Sb1, Conformation 1",True,False
9SLM,2026-09-02,GABA-A a4b3d receptor in complex with GABA and Nb24,True,False
9SLD,2026-09-02,"GABA-A a4b3d receptor in complex with DS2-Me, GABA, Nb24 and Mb30",True,False
9SL1,2026-09-02,"GABA-A a4b3d receptor in complex with GABA, Nb24 and Mb30",True,False
9SF5,2026-09-02,KP.3 SARS-CoV2 with fab JN-1.6 local refinement,False,True
9T5P,2026-09-02,Structure of heteromeric mouse LRRC8A/D Volume-Regulated Anion Channel in complex with synthetic nanobody Sb4,True,False
9XL8,2026-09-02,Crystal structure of the VHH and Trastuzumab-Fab complex,True,True
30AF,2026-09-02,Complex between IgE-Fc and anti-IgE Fab aeFab98,False,True
22LL,2026-09-02,Structure of neutralizing antibody G4 with MPXV M1R,False,True
9YBY,2026-09-02,Structure of Measles virus fusion protein in pre-fusion in complex with neutralizing Fabs MeV-15 and MeV-104,False,True
9MUY,2026-09-09,anti-IL6 designed Fab,False,True
9WLC,2026-09-09,Crystal structure of Mus musculus monoclonal antibody for 1.4 angstrom,False,True
9NDM,2026-09-09,Fab1525 in complex with the C-terminal alpha-TSR domain of the P. falciparum circumsporozoite protein,False,True
9NIW,2026-09-09,Fab1550 in complex with the C-terminal alpha-TSR domain of the P. falciparum circumsporozoite protein,False,True
9NIY,2026-09-09,Fab1393 in complex with the C-terminal alpha-TSR domain of the P. falciparum circumsporozoite protein,False,True
11YB,2026-09-09,Structure of AlphaIIbBeta3-R21C11 Fab in the near-bent conformation,False,True
9VWM,2026-09-09,Cryo-EM structure of zika virus complexed with Fab 1C11,False,True
9MZC,2026-09-09,anti-IL6 designed Fab,False,True
30XO,2026-09-09,CRYSTAL STRUCTURE OF THE SCFV FRAGMENT OF THE NEUTRALIZING HUMAN ANTIBODY MIB22 IN COMPLEX WITH GN HEAD DOMAIN OF ANDES VIRUS,False,True
9MVJ,2026-09-09,anti-EGFR designed Fab,False,True
9MUZ,2026-09-09,anti-IL6 designed Fab,False,True
9MU1,2026-09-09,anti-EGFR Fab seed for design,False,True
9MSW,2026-09-09,anti-EGFR DyAb designed FAB,False,True
9Y1Q,2026-09-09,"Alternative NBD1-binding geometry in channel-formed, ATP-bound, VX809-bound, T2a-nanobody-bound wild-type human CFTR (Composite map from PHENIX)",True,False
9Y3I,2026-09-09,Crystal Structure of PA14 Cif Bound to Nanobodies VHH108 and VHH219,True,False
9WMG,2026-09-09,Structurally oriented stability promotion of anti-hapten nanobody: A unique strategy from mutagenesis of distal framework region.,True,False
9T8D,2026-09-09,Cryo-EM structure of EA-RK-110-bound D3 dopamine receptor,False,True
9SHW,2026-09-09,Prefusion-stabilized Nipah virus fusion protein in complex with inhibitory nanobody F112,True,False
9Y3J,2026-09-09,Crystal Structure of Nanobody VHH108 with the L102A Mutation Bound to Its Antigen PA14 Cif,True,False
9MZV,2026-09-09,anti-IL6 designed Fab,False,True
9WNG,2026-09-09,5HT2BR-fab heterotrimer in complex with a novel antagonist IHCH-2330,False,True
9SHV,2026-09-09,Prefusion-stabilized Hendra virus fusion protein in complex with inhibitory nanobody F123,True,False
23IT,2026-09-09,Complex of FMDV O/HN/CHA/93 and porcine-derived neutralizing monoclonal antibody pO18-29,False,True
9WN4,2026-09-09,Crystal structure of W27-Fab in complex with an epitope peptide from cofactor-independent phosphoglycerate mutase (iPGM),False,True
9XGX,2026-09-09,Cryo-EM structure of SARS-CoV-2 receptor binding domain in complex with SR-23 Fab (local refinement of RBD and Fv),False,True
9XGW,2026-09-09,Cryo-EM structure of SARS-CoV-2 receptor binding domain in complex with CS-42 Fab (local refinement of RBD and Fv),False,True
23IU,2026-09-09,Complex of FMDV O/18074 and porcine-derived neutralizing monoclonal antibody pO18-29,False,True
9WN2,2026-09-09,Crystal structure of W27 Fab,False,True
9WN3,2026-09-09,Crystal structure of W27-Fab in complex with an epitope peptide from serine hydroxymethyltransferase (SHMT),False,True
9WQA,2026-09-16,5-HT2B receptor bound to IHCH-1906 in complex with an antibody obtained by cryo-electron microscopy (cryoEM),False,True
9WQB,2026-09-16,5-HT2B receptor bound to IHCH-6122 in complex with an antibody obtained by cryo-electron microscopy (cryoEM),False,True
9N84,2026-09-16,Yeast TIM23 complex inhibited by stendomycin,False,True
12IU,2026-09-16,CryoEM structure of monoclonal Fab 047-09M 2F03 binding the lateral patch of influenza virus H1 HA (A/California/04/2009),False,True
45ID,2026-09-16,Complex structure of THZ-939 Fab bound to SARS-CoV-2 WT RBD,False,True
9Y7F,2026-09-16,Crystal structure of nanobody R3D8 in complex with human voltage-gated sodium channel Nav1.7 P-loop 1.,True,False
22WT,2026-09-16,local refinement of 5HT2BR-fab heterotrimer in complex with a novel antagonist IHCH-2330,False,True
22PD,2026-09-16,Cryo EM structure of SARS-COV-2 (BA.4) RBD in complex with THZ937 Fab (local refine),False,True
21RN,2026-09-16,Cryo-EM structure of mouse myeloperoxidase in complex with Fab fragments of antibodies mAb-A24 and mAb-A46,False,True
9ZRS,2026-09-16,Shigella flexneri type III secretion system (T3SS) protein IpaD bound to hemolysis blocking Fab D02-F2 and hemolysis enhancing Fab D02-E4,False,True
9ZRT,2026-09-16,Shigella flexneri type III secretion system (T3SS) protein IpaD bound to hemolysis blocking antibody fragment D13r-34,False,True
21RT,2026-09-16,Cryo-EM structure of mouse myeloperoxidase in complex with Fab fragments of antibodies mAb-A46 and mAb-B88,False,True
45IC,2026-09-16,Complex structure of THZ-65 Fab bound to SARS-CoV-1 RBD,False,True
9U40,2026-09-23,Cryo-EM structure of peptide GPCR-Gq complex,True,False
9U43,2026-09-23,Cryo-EM structure of D-peptide-GPCR-Gq complex,True,False
9XJP,2026-09-23,"Structure of the CX3CL1.44-US28-GqiN18-scFv16 in the E-state, chemokine domain fully modeled",False,True
12IV,2026-09-23,CryoEM structure of monoclonal Fab 047-09 1A02 binding the lateral patch of influenza virus H1 HA (A/California/04/2009 H1N1),False,True
9XJ5,2026-09-23,"Structure of the CX3CL1.44-US28-GqiN18-scFv16 in the C-state, full chemokine domain modeled",False,True
9V6T,2026-09-23,Cryo-EM structure of the GLPG1205-bound GPR84 receptor,False,True
9XIX,2026-09-23,Structure of the CX3CL1.44-US28-GqiN18-scFv16 in the C-state,False,True
9XIY,2026-09-23,Structure of the CX3CL1.44-US28-GqiN18-scFv16 in the T2C-state,False,True
28IY,2026-09-23,Crystal structure of the TPR domain of KLC1 in complex with the C-terminal peptide of JIP1 at 2.13 Angstrom resolution,True,False
9XH2,2026-09-23,Structure of the CX3CL1.44-US28-GqiN18-scFv16 in the E-state,False,True
9XJ7,2026-09-23,Structure of the CX3CL1.44-US28-GqiN18-scFv16 in the C'-state with AHD visible,False,True
12UU,2026-09-30,The AAV2 capsid in complex with IgG-Fab#3-4,False,True
12UV,2026-09-30,The AAV2 capsid in complex with IgA-Fab#3-4,False,True
10IE,2026-09-30,HSV-2 gHecto/gL/CHL2-Fab complex,False,True
10IG,2026-09-30,HSV-2 gHecto/gL/CHL27-Fab Complex,False,True
10IF,2026-09-30,HSV-2 gHecto/gL/CHL37-Fab complex,False,True
10IH,2026-09-30,HSV-2 gHecto/gL/53S-Fab complex,False,True
9T2B,2026-09-30,Human Single Domain TCR-like Antibody 5F17 in complex with NY-ESO-1(C165V):HLA-A0201,False,True
12UT,2026-09-30,The AAV2 capsid in complex with IgA-Fab#3-2,False,True
9T2A,2026-09-30,Human Single Domain TCR-like Antibody 6K23 in complex with NY-ESO-1(C165V):HLA-A0201,False,True
9T2C,2026-09-30,Human Single Domain TCR-like Antibody A10 in complex with NY-ESO-1(C165V):HLA-A0201,False,True
9XN2,2026-09-30,Glucagon-like peptide 1 receptor-Gs complex activated by the small molecule agonist SIM1,True,False
13DS,2026-09-30,Structure of FabS1CE2_P3a in complex with the N-terminal domain of PD-L1,False,True
13DT,2026-09-30,Structure of FabS1CE2_P4a in complex with the N-terminal domain of PD-L1,False,True
13HA,2026-09-30,The structure of Fab_C1 in complex with CD30,False,True
9QE8,2026-09-30,SMAD4 MH2 domain (residues 314-552) bound by Nanobody A7 (NbA7),True,False
9QE6,2026-09-30,SMAD4 MH2 domain (residues 314-552) bound by Nanobody A1 (NbA1),True,False
9XN3,2026-09-30,Glucose-dependent insulinotropic polypeptide receptor-Gs complex activated by the small molecule agonist SIM1,True,False
38PM,2026-09-30,Australian bat lyssavirus glycoprotein PH domain in complex with broadly neutralizing human antibodies A6 and RVC20,False,True
9Y1N,2026-09-30,Cryo EM Structure of Full lengthmGluR8 Bound to Agonist L-AP4 and PAM VU6005649 in complex with G proteins,False,True
21BO,2026-09-30,CryoEM structure of H5N1 A/Texas/37/2024 HA bound to 3CF5 Fab,False,True
9U06,2026-09-30,6B5 (Fab) - Polio 3 (VLP) complex,False,True
9U05,2026-09-30,1B8 (Fab) - Polio 2 (VLP) complex,False,True
9U04,2026-09-30,LX-2D6 (Fab) - Polio 1 (VLP) complex,False,True
9ZMQ,2026-09-30,X-ray crystallographic structure of CCHFV nucleocapsid-protein Afg09-2990 bound with 9D5-Fab.,False,True
9ZCJ,2026-09-30,Therapeutic antibody with captured antigen,False,True
9XN4,2026-09-30,Glucagon receptor-Gs complex activated by the small molecule agonist SIM1,True,False
12US,2026-09-30,The AAV2 capsid in complex with IgG-Fab#3-2,False,True
