pdb_id	entry_status	n_heavy_domain_samples	entry_issues	title	method	resolution	deposition_date	initial_release_date	mmcif_sha256	fasta_sha256	mmcif_url	fasta_url	retrieved	n_clean_samples
8W70	processed	1.0		Structure of Gemtuzumab Fab	X-RAY DIFFRACTION	2.50	2023-08-30	2024-09-11	afec74f96ff2a5ddceb6b2dccf17fa937d904ee01efa2f4d428a986a1f398ba0	a40423ea20e20b7be134869e34eee4969715476b2bc8a690b581a23f1a61c8a8	https://files.rcsb.org/download/8W70.cif.gz	https://www.rcsb.org/fasta/entry/8W70/download	2026-10-06T15:57:22+00:00	1
8ULF	processed	4.0		Crystal structure of Plasmodium vivax CelTOS in complex with antibody 7g7	X-RAY DIFFRACTION	3.20	2023-10-16	2024-09-11	dd5cc089ce261136cf350ac9159561c880f7e3c9a309a5e3c02497f854861fdd	d389fcdba5e4bdd07a679bd431af1fc349c1334258a79df1b29bb479dca19187	https://files.rcsb.org/download/8ULF.cif.gz	https://www.rcsb.org/fasta/entry/8ULF/download	2026-10-06T15:57:22+00:00	4
8VUV	processed	1.0		Human GluN1-2B with Fab 007-168 Local refinement of ATD	ELECTRON MICROSCOPY	3.69	2024-01-29	2024-09-11	e162279985cc1bbd7cc9c875c8ee8b44db93dd14d42776a66ae5d203e6923849	d8528f1869260a8001a09cbbf9680e4052417d3d7c3a5902d794c34c9d7ee586	https://files.rcsb.org/download/8VUV.cif.gz	https://www.rcsb.org/fasta/entry/8VUV/download	2026-10-06T15:57:22+00:00	1
8VUU	processed	2.0		Human GluN1-2B with Fab 007-168	ELECTRON MICROSCOPY	4.05	2024-01-29	2024-09-11	83a4ba62341d598817229cceb117ae6b55c64d4742d96654f9221c70a5ad5f5f	aba747d7d3f3398924ad746cbcef624b6b15a296e0ee6e65b7f2bf71fb2928e2	https://files.rcsb.org/download/8VUU.cif.gz	https://www.rcsb.org/fasta/entry/8VUU/download	2026-10-06T15:57:22+00:00	2
8TV5	processed	1.0		Structure of the EphA2 LBDCRD bound to FabS1CE_L1 in a 2:1 (EphA2 to Fab) ratio	X-RAY DIFFRACTION	4.60	2023-08-17	2024-09-11	f947edc05b66294d9526d46fd667f1a8a4818bace65643f28fd1d93ff07ff431	1446a5eec66d4a96d0fdd8c2484672efa1935f3acc9e5430b29ab5e6f7b7876f	https://files.rcsb.org/download/8TV5.cif.gz	https://www.rcsb.org/fasta/entry/8TV5/download	2026-10-06T15:57:22+00:00	1
8YSH	processed	1.0		MERS-CoV RBD in complex with nanobody Nb14	X-RAY DIFFRACTION	1.99	2024-03-23	2024-09-11	d69062887dad51642f8e8fcb4f6e0e01599fdf8c1512b747265df9bdda7545d4	cf36600e3cace25e3fd2b3113883641aa7cc25f9d459afccba42a28f5df73e13	https://files.rcsb.org/download/8YSH.cif.gz	https://www.rcsb.org/fasta/entry/8YSH/download	2026-10-06T15:57:22+00:00	1
8YSF	processed	2.0		MERS-CoV RBD in complex with nanobody Nb9	X-RAY DIFFRACTION	2.76	2024-03-22	2024-09-11	286545fa57a8dea16a90e2d5f474cf93fd90d246bde73b58cd4663583a915fda	e8152b382f8a97b6f2f270e79caebc7e6f8d0ed5a6d81a445c46c726fa15c747	https://files.rcsb.org/download/8YSF.cif.gz	https://www.rcsb.org/fasta/entry/8YSF/download	2026-10-06T15:57:22+00:00	2
9IMA	processed	1.0		Cryo-EM structure for the GPRC5D complexed with Talquetamab Fab	ELECTRON MICROSCOPY	2.65	2024-07-02	2024-09-11	90d3cc206cb87dd284bd77137146ac8e682b04a69542ba34c00c142c03eca969	dd433d47239e0e37927bc9651991236432f263631a52f409c7aae6d991aebb6c	https://files.rcsb.org/download/9IMA.cif.gz	https://www.rcsb.org/fasta/entry/9IMA/download	2026-10-06T15:57:22+00:00	1
9JBQ	processed	1.0		Structure of the complex between h1F3 Fab and PcrV fragment	X-RAY DIFFRACTION	2.000	2024-08-27	2024-09-11	5119ae72b6bd6535a76b510a48c1a91e56987aea6da76e7a99e2073924af49b0	9f87345c2b07506bd78ffb772548de7e9e14d35eb87cda6e133f9da649431f6c	https://files.rcsb.org/download/9JBQ.cif.gz	https://www.rcsb.org/fasta/entry/9JBQ/download	2026-10-06T15:57:23+00:00	1
8TX3	processed	3.0		Fab 3864-6 in complex with influenza HA H3-VIC11	ELECTRON MICROSCOPY	2.99	2023-08-22	2024-09-11	d0ec78edfd46b892d75c6905232657f8090eb7a5ff1feb9e2344b96bb74ba905	2b07317f275c4fb63b7bd1e9f2a4b666e5abcec902e952a495df8bbf025f6017	https://files.rcsb.org/download/8TX3.cif.gz	https://www.rcsb.org/fasta/entry/8TX3/download	2026-10-06T15:57:24+00:00	3
8TXU	processed	3.0		Fab 3864-10 in complex with influenza HA H3-SING16	ELECTRON MICROSCOPY	3.22	2023-08-24	2024-09-11	2644ca792c5e9eed158e45c09e65634809a56a34014c86444daa09763379aaf9	3a545147e4a2e2f2274fc992621ab2f4b35d81d1ca719f9bc802695786257755	https://files.rcsb.org/download/8TXU.cif.gz	https://www.rcsb.org/fasta/entry/8TXU/download	2026-10-06T15:57:23+00:00	3
8YXI	processed	1.0		Crystal structure of SFTSV Gn in complex with a neutralizing antibody 40C10	X-RAY DIFFRACTION	2.40	2024-04-02	2024-09-11	cd093509a03f3c07f5f08988c51f620f7f95c160a083802abdabb1e8a074a0ee	c0f2c72198d5c47c6e425c4b799015996c64680c57019abc12c53889ee342f8e	https://files.rcsb.org/download/8YXI.cif.gz	https://www.rcsb.org/fasta/entry/8YXI/download	2026-10-06T15:57:23+00:00	1
8V8K	processed	3.0		Crystal Structure of Nanobody NbE	X-RAY DIFFRACTION	2.85	2023-12-05	2024-09-11	f364b972e8c75bda41b8980da5a6170ad63aa935381e41a6b8e5871c95238754	840b54a1c586a0788b39edf8dc589e6b4e6cdad7ef0ebd6dd0f1b7e3c07c9ae1	https://files.rcsb.org/download/8V8K.cif.gz	https://www.rcsb.org/fasta/entry/8V8K/download	2026-10-06T15:57:23+00:00	3
8ZL9	processed	1.0		ASFV p72 in complex with Fab G6	ELECTRON MICROSCOPY	4.36	2024-05-17	2024-09-18	24845c8408a17a3a5ca562028d82eac9beabf0aa3998f4e56f560c65d249a68f	386ae3034b26d907173a8458e72dc81fdd96bf28d2e1aef616f50bdd32bcdcef	https://files.rcsb.org/download/8ZL9.cif.gz	https://www.rcsb.org/fasta/entry/8ZL9/download	2026-10-06T15:57:23+00:00	1
8S4K	processed	1.0		Crystal structure of Fab-2B1 in complex with rocuronium	X-RAY DIFFRACTION	1.60	2024-02-21	2024-09-18	2dff1a8b9fb9abc2401e03637c0e32dd9bf6007e24e3ba2a7418dad7f4327175	a1c64428285644840a05943259706e9d540f92b17d392452053a6552fa1dfe15	https://files.rcsb.org/download/8S4K.cif.gz	https://www.rcsb.org/fasta/entry/8S4K/download	2026-10-06T15:57:23+00:00	1
8S4H	processed	3.0		Crystal structure of scFv-1B6 in complex with rocuronium bromide	X-RAY DIFFRACTION	1.70	2024-02-21	2024-09-18	611a2e5b04258a0cb5b426140d0bdb60cbaec0631be31359e0e066e3940e60ae	38cdf3dc6e96f7ba8ae23fdf0782c3bbf2d59dbcd0d80f5e04cf26144f373adb	https://files.rcsb.org/download/8S4H.cif.gz	https://www.rcsb.org/fasta/entry/8S4H/download	2026-10-06T15:57:23+00:00	3
8RTX	processed	3.0		Crystal Structure of an Anti-idiotype Fab Fragment	X-RAY DIFFRACTION	2.70	2024-01-29	2024-09-18	0e579b4d978064994a691c5157a4079f9be737b76cbea036851d7fc8a53970b3	2185baa4adb816cec1cfb602c32586e2f58fcf477b4f4f89e8035da6b6e615d1	https://files.rcsb.org/download/8RTX.cif.gz	https://www.rcsb.org/fasta/entry/8RTX/download	2026-10-06T15:57:24+00:00	3
8U70	processed	6.0		Crystal structure of malaria transmission-blocking anti-Pfs48/45 antibody RUPA-58.	X-RAY DIFFRACTION	3.09	2023-09-14	2024-09-18	51d42b279bf64649f53ea923d0a9c25520fb66e60f0778bca552b7683e6cc7f2	cf4296f4cb5a3ca2dfbfc3701304d3bf1a15e079a2f48795dfcf361e11246c40	https://files.rcsb.org/download/8U70.cif.gz	https://www.rcsb.org/fasta/entry/8U70/download	2026-10-06T15:57:24+00:00	6
8RTW	processed	2.0		Crystal Structure of the Anti-testosterone Fab in Complex with Testosterone	X-RAY DIFFRACTION	1.99	2024-01-29	2024-09-18	478e7a9502263a9174cec420fbd0016e2ce6f07f73db382bbcc6b0a9d576c591	12125c3e71d5127f577a68d0ad69fdac92abc9bd3225bb59e64440c2114c208e	https://files.rcsb.org/download/8RTW.cif.gz	https://www.rcsb.org/fasta/entry/8RTW/download	2026-10-06T15:57:25+00:00	2
8YW4	processed	1.0		Cryo-EM structure of the retatrutide-bound human GIPR-Gs complex	ELECTRON MICROSCOPY	3.26	2024-03-29	2024-09-18	ac224796186278f3baee9df55b04fce83d53fc25503feb197af2ab35a9d70f4d	b4dfd21189c909ceb35eb47c577c258f31e658aaa08569550c853b44db749775	https://files.rcsb.org/download/8YW4.cif.gz	https://www.rcsb.org/fasta/entry/8YW4/download	2026-10-06T15:57:25+00:00	1
8YW3	processed	1.0		Cryo-EM structure of the retatrutide-bound human GLP-1R-Gs complex	ELECTRON MICROSCOPY	2.68	2024-03-29	2024-09-18	c1e3916a4705d5808f3549b180454e5a540fc2ff5649d0bfd02577cd7d641449	0a2a944bb20c7900576237bc6adc950f41cd9de92b491d119de0a027d7a6fd4e	https://files.rcsb.org/download/8YW3.cif.gz	https://www.rcsb.org/fasta/entry/8YW3/download	2026-10-06T15:57:25+00:00	1
8XPY	processed	1.0		Structure of Nipah virus Malaysia string G protein ectodomain monomer bound to single-domain antibody n425 at 3.63 Angstroms overall resolution	ELECTRON MICROSCOPY	3.63	2024-01-04	2024-09-18	d602b172b61b5ebb9b37b33106fff2085bec9958f3fc1a92dee8d03a99ff479e	fa3b7fd69ac200b37bc88f1ab59176088758aead803ddbd70ab54873bdcefd17	https://files.rcsb.org/download/8XPY.cif.gz	https://www.rcsb.org/fasta/entry/8XPY/download	2026-10-06T15:57:25+00:00	1
8XQ3	processed	4.0		Structure of Nipah virus Bangladesh string G protein ectodomain tetramer bound to single-domain antibody n425 at 5.87 Angstroms overall resolution	ELECTRON MICROSCOPY	5.87	2024-01-04	2024-09-18	e6f6bbc628be7641d9a0988e1e0106a60b96221ee543cb1cdf0cf7e75c7ff1bc	4e2535f4d9a68b06fa71c9c1a482dbf39b34e0d333462209385a4ca20487475d	https://files.rcsb.org/download/8XQ3.cif.gz	https://www.rcsb.org/fasta/entry/8XQ3/download	2026-10-06T15:57:25+00:00	4
8XPS	processed	1.0		Structure of Nipah virus Bangladesh string G protein ectodomain monomer bound to single-domain antibody n425 at 3.22 Angstroms overall resolution	ELECTRON MICROSCOPY	3.22	2024-01-04	2024-09-18	35c22379846a54a6c69cc9183baeccd898da7be618b1f97d6aa5cd2cc8134b8b	81046c66b2b867d2ad0845f0caac82f0739e7965d48f278216be6d92feb2ad26	https://files.rcsb.org/download/8XPS.cif.gz	https://www.rcsb.org/fasta/entry/8XPS/download	2026-10-06T15:57:25+00:00	1
8R38	processed	1.0		BIIG2 anti-integrin Fab	X-RAY DIFFRACTION	1.38	2023-11-08	2024-09-25	6cf3a53f99186664322337b199b358fd21475909d5decbbbb02d874775fc9440	e3cb8a324a2bf32fc7ed8af04e6431d8889307d650b62ee07285d9245f4e9fb3	https://files.rcsb.org/download/8R38.cif.gz	https://www.rcsb.org/fasta/entry/8R38/download	2026-10-06T15:57:25+00:00	1
9DN4	processed	2.0		Crystal structure of a SARS-CoV-2 20-mer RNA in complex with FAB BL3-6S97N	X-RAY DIFFRACTION	1.90	2024-09-16	2024-09-25	28f01f01f145c2dc3682ab1d51a8f6eb200d17caa6f14115789452e569a4fe6e	a641cde07083b941fac1093816ec0b7ff887632af26d1d975f8cd854b68d7da2	https://files.rcsb.org/download/9DN4.cif.gz	https://www.rcsb.org/fasta/entry/9DN4/download	2026-10-06T15:57:26+00:00	2
8UY6	processed	8.0		Aquaporin Z with ALFA tag and bound to nanobody	ELECTRON MICROSCOPY	1.9	2023-11-13	2024-09-25	f9145183327a848a3ecce54265acb360cd180a846e27deed3d6f8c53d359e356	9968b640aac970947ef3845f964473180665ab1fd4e5301139a1417835cbd949	https://files.rcsb.org/download/8UY6.cif.gz	https://www.rcsb.org/fasta/entry/8UY6/download	2026-10-06T15:57:26+00:00	8
8WFM	processed	4.0		Crystal structure of Omicron BA.1 in complex with a neutralizing antibody scFv T11	X-RAY DIFFRACTION	2.99	2023-09-19	2024-09-25	f320781323a153e5eb4d936e484d3d7db59703bca360a779eb3bb872eda1d2aa	893d55fb4779dc2f417271a8675427883b49bc59cc82753221bc3797284fea46	https://files.rcsb.org/download/8WFM.cif.gz	https://www.rcsb.org/fasta/entry/8WFM/download	2026-10-06T15:57:26+00:00	4
8WFH	processed	1.0		Crystal structure of Omicron BA.4/5 in complex with a neutralizing antibody scFv D1	X-RAY DIFFRACTION	2.72	2023-09-19	2024-09-25	f7ddaff064b2ac637dd00b43c82080dc3a90ae73e3e8d0aad62c3f4fb2e57a4a	05c057c0a6070d94e660c18612cc52e5ebd0b492c428ba5129ab3acc0b2ceba8	https://files.rcsb.org/download/8WFH.cif.gz	https://www.rcsb.org/fasta/entry/8WFH/download	2026-10-06T15:57:26+00:00	1
8WEO	processed	2.0		Bacteroides fragilis toxin in complex with neutralization nanobody	X-RAY DIFFRACTION	1.50	2023-09-18	2024-09-25	b547635139c2e236503ba90efb049351285894653edcf3bab9cb019a27d60b97	355ea7d68f6df7f656313daddcb82871f68c8fa7d1d4bf9e2264b17080ad8ebe	https://files.rcsb.org/download/8WEO.cif.gz	https://www.rcsb.org/fasta/entry/8WEO/download	2026-10-06T15:57:26+00:00	2
8WJX	processed	1.0		ADP-bound purinergic receptor 1 in complex with miniGs/q	ELECTRON MICROSCOPY	3.2	2023-09-26	2024-10-02	9184966c19e3d19c7881df04993e989653a4941514a3a46b96d1da5587379854	00247728948ee6c695255bba0ebf3ee112f38e06f5d67d4591f1a9c04d08f854	https://files.rcsb.org/download/8WJX.cif.gz	https://www.rcsb.org/fasta/entry/8WJX/download	2026-10-06T15:57:26+00:00	1
9AXP	processed	2.0		Crystal Structure of HY11-7E1_Hu3 Fab in Complex with Carfentanil	X-RAY DIFFRACTION	2.40	2024-03-06	2024-10-02	4b970181ed956060ae0f52dcfa861be1f1948498e78bb2d7e47636f62cd28647	74428c3513ae62b947f53aadb8b1e3f1419e72a5f72946066646605c9984bd89	https://files.rcsb.org/download/9AXP.cif.gz	https://www.rcsb.org/fasta/entry/9AXP/download	2026-10-06T15:57:26+00:00	2
9G5K	processed	1.0		Cryo-EM structure of apo human SLC19A3 in inward-open state	ELECTRON MICROSCOPY	2.87	2024-07-17	2024-10-02	18eecf9622a88ee337bb2d1e3bdbdeebc48c3a098af37071a86ff667ef52c6c5	0b79fcd2cd26dc5ca1900f5fa4b24f57c2927fd89a4aa6459ff74ea2c8c9acdd	https://files.rcsb.org/download/9G5K.cif.gz	https://www.rcsb.org/fasta/entry/9G5K/download	2026-10-06T15:57:26+00:00	1
8VH1	processed	3.0		CH235.12 Fab bound to the HIV-1 CH505.M5 SOSIP	ELECTRON MICROSCOPY	4.08	2023-12-30	2024-10-02	d350e1483d58c3e7bc6b9488dbcea2e36001fc06b479021c22332cf57ff7e914	d0b79cbad7ad8e6b004fd21bea2e9a32564607ab744d558b348162e5e94e780b	https://files.rcsb.org/download/8VH1.cif.gz	https://www.rcsb.org/fasta/entry/8VH1/download	2026-10-06T15:57:27+00:00	3
8S4U	processed	1.0		Cryo-EM structure of apo human SLC19A3 in outward-open state	ELECTRON MICROSCOPY	3.09	2024-02-22	2024-10-02	3c0417cd17a89a6194f63909e01f270e3a28c340b2c95254f2c031eb063aa616	298c4d3da2f043afe89822f469a266d6d3c3a489973632cc1ff4d64f1e5d09cd	https://files.rcsb.org/download/8S4U.cif.gz	https://www.rcsb.org/fasta/entry/8S4U/download	2026-10-06T15:57:27+00:00	1
9AXR	processed	3.0		Crystal Structure of HY18-5B1_Ch Fab in Complex with Fentanyl	X-RAY DIFFRACTION	3.30	2024-03-06	2024-10-02	aa6eae773d6ccf5331da622c79eb00978b711ed8614eab9fa7e59c1f2e74e99e	0b381dfef56b25c95048f53aa9a48b4a1d9b59961891b3b4d3ed4e66164d843a	https://files.rcsb.org/download/9AXR.cif.gz	https://www.rcsb.org/fasta/entry/9AXR/download	2026-10-06T15:57:27+00:00	3
9BHB	processed	1.0		Cryo-EM structure of human monoclonal antibody C74 targeting PFD1235w (CIDRa1.6) PfEMP1	ELECTRON MICROSCOPY	3.1	2024-04-19	2024-10-02	511d07372926cdc6d9c36963bef56fa497aa64749ac58ea91e0d5570b0900fcd	53c33de01d4b73d1bcf6feb2ae8fe5031da616e110c02c14e453824f71eda4f6	https://files.rcsb.org/download/9BHB.cif.gz	https://www.rcsb.org/fasta/entry/9BHB/download	2026-10-06T15:57:27+00:00	1
9AXN	processed	8.0		Crystal Structure of Anti-Fentanyl Antibody HY11-6B2_Mu Fab in Complex with Fentanyl	X-RAY DIFFRACTION	2.40	2024-03-06	2024-10-02	f2d50af6f32fcf604fca582d16b9ccdaf4acb68373c99ef7a9fe9730362a5a46	fd9ac2d865a1099e3ec5e9f24f0fb3996a15133e75b86ce335b92b5a26592ae4	https://files.rcsb.org/download/9AXN.cif.gz	https://www.rcsb.org/fasta/entry/9AXN/download	2026-10-06T15:57:27+00:00	8
9AXQ	processed	4.0		Crystal Structure of HY11-7E1_Hu3 Fab in the Apo Conformation	X-RAY DIFFRACTION	2.20	2024-03-06	2024-10-02	0951ede54a050e5e526b411ab1e48b9170088ea5f696879cd5884dfcd0cf9901	54f3753c60205c638e0607dfaddf94dec58fc0e1884fd346d948a737a8f4ea41	https://files.rcsb.org/download/9AXQ.cif.gz	https://www.rcsb.org/fasta/entry/9AXQ/download	2026-10-06T15:57:27+00:00	4
9AXO	processed	1.0		Crystal Structure of Antibody HY11-7E1_Ch2 Fab in Complex with Fentanyl	X-RAY DIFFRACTION	2.10	2024-03-06	2024-10-02	83d73b8e7f627ed0407c505cef24d1f63945f0c807d00a8c51511260848bd416	86a88bc84af509a19bd2234e31773f6894254728d85d0594ed0f0db0ec1c36f4	https://files.rcsb.org/download/9AXO.cif.gz	https://www.rcsb.org/fasta/entry/9AXO/download	2026-10-06T15:57:27+00:00	1
8VDG	processed	1.0		Cryo-EM structure of human monoclonal antibody C74 targeting IT4VAR22 CIDRa1.7	ELECTRON MICROSCOPY	3.35	2023-12-15	2024-10-02	23ee4dcde8144709f5623474d6226356da1bbfe0cee33f9bffa71d845f8b0e6e	b01d6b155a3d3aab81e2e95004ab4d5bf69236d9d86f6513f45198295daf5a5b	https://files.rcsb.org/download/8VDG.cif.gz	https://www.rcsb.org/fasta/entry/8VDG/download	2026-10-06T15:57:28+00:00	1
9AXS	processed	1.0		Crystal Structure of HY18-5B1_Ch Fab in the Apo Conformation	X-RAY DIFFRACTION	2.04	2024-03-06	2024-10-02	5ac5767ed8c23661e91b64e2dfe5e86695e693329a477a60b5dc1970ab61db6c	171517c80a8b1a922f50cc70a005b245f8f6aa3662203dd8eb2c47e26b300ab4	https://files.rcsb.org/download/9AXS.cif.gz	https://www.rcsb.org/fasta/entry/9AXS/download	2026-10-06T15:57:28+00:00	1
8VDF	processed	1.0		Cryo-EM structure of human monoclonal antibody C7 targeting IT4VAR22 CIDRa1.7 (PfEMP1 A)	ELECTRON MICROSCOPY	3.5	2023-12-15	2024-10-02	f8c36a4563ddb7676e4b78ecdf708bf840a61045ec97d90a0ce888aa686abf2a	a9e42a4188064927604e71f9a426407858d1458b4a9b69981c1b837db7e94eeb	https://files.rcsb.org/download/8VDF.cif.gz	https://www.rcsb.org/fasta/entry/8VDF/download	2026-10-06T15:57:28+00:00	1
8RRT	processed	4.0		Structure of rabbit RyR1 reconstituted into lipid liposomes in open state in complex with FKBP and Nb9657	ELECTRON MICROSCOPY	4.6	2024-01-23	2024-10-09	5028998c93bca8da2f2ff89f423d5607458fa9c3cbde48e854ecc1475afaf42e	dfc8ec6615e79be15c384ee5a93c7838bc56341278d6c42d982124084fd1e396	https://files.rcsb.org/download/8RRT.cif.gz	https://www.rcsb.org/fasta/entry/8RRT/download	2026-10-06T15:57:29+00:00	4
8VDL	processed	1.0		HB3VAR03 CIDRa1.4 domain with C7 Fab	X-RAY DIFFRACTION	2.68	2023-12-15	2024-10-09	8f630db987013df8f670ec2caffd5107dc666dddcdf048bf523dac3660744b7b	77bcb49e8dd4a905c79ae7b0a4d8c6b53c48096951b92b2d505e8afe85342778	https://files.rcsb.org/download/8VDL.cif.gz	https://www.rcsb.org/fasta/entry/8VDL/download	2026-10-06T15:57:28+00:00	1
8V5P	processed	4.0		Crystal Structure of the C-terminal domain of the VZV gE ectodomain in complex with the Fab of human antibody 5A2	X-RAY DIFFRACTION	4.33	2023-11-30	2024-10-09	0a7af0c78a39bb57ab61a5cf6f9ac6a04011dc33f76b62f152caecc5030e3310	a448311ce8b660e9f120aed98789d6a560e9716108b7a490bbdd94620af2a2b2	https://files.rcsb.org/download/8V5P.cif.gz	https://www.rcsb.org/fasta/entry/8V5P/download	2026-10-06T15:57:28+00:00	4
8RRS	processed	4.0		Structure of mouse RyR2 solubilised in detergent in open state in complex with Ca2+, ATP, caffeine and Nb9657.	ELECTRON MICROSCOPY	3.4	2024-01-23	2024-10-09	689ee0ea7b9bd93638fb5c1e77e6ae96dae5cf304f5fd71feb4bcd1e472b638b	36ae210190656b9eff304c6080b3d35b356363391e39e6ad3ff2955401a3a9ba	https://files.rcsb.org/download/8RRS.cif.gz	https://www.rcsb.org/fasta/entry/8RRS/download	2026-10-06T15:57:28+00:00	4
8K19	processed	1.0		Neutralization antibody ZCP3B4 bound with SARS-CoV-2 Omicron BA.5 RBD	ELECTRON MICROSCOPY	3.88	2023-07-10	2024-10-09	8a36a5719580984106bfb6ff458c7c233d7f851fdf00f9f0376872fd08f07840	b74b0086458f218e43d71d87f913e2c9252ea576bad77e18d1b3de7edbd64cfd	https://files.rcsb.org/download/8K19.cif.gz	https://www.rcsb.org/fasta/entry/8K19/download	2026-10-06T15:57:29+00:00	1
8RS0	processed	4.0		Structure of RyR1 in detergent in primed state in complex with nanobody and FKBP	ELECTRON MICROSCOPY	3.3	2024-01-24	2024-10-09	229030573dadac36c99984ee3ed147aaaa6a81aabee96691ea6967ed972412c3	b06550e948c0f2fca9f0e0d545f2112c63c172313ebad30a0c085e96922ea15b	https://files.rcsb.org/download/8RS0.cif.gz	https://www.rcsb.org/fasta/entry/8RS0/download	2026-10-06T15:57:29+00:00	4
8V5S	processed	2.0		VZV glycoprotein E C-terminal domain (cleaved) in complex with human Fab 5A2	X-RAY DIFFRACTION	3.53	2023-11-30	2024-10-09	b37e85baf14e7a7317f7eb84d096166fb06aa8fdd3410f7380784102b63800be	ccb61473413cd2175c0ffda9a5dc5defa993d4659a29648cfc66e1f8026cd3c5	https://files.rcsb.org/download/8V5S.cif.gz	https://www.rcsb.org/fasta/entry/8V5S/download	2026-10-06T15:57:29+00:00	2
8RRX	processed	4.0		Structure of RyR1 reconstituted into lipid nanodisc in primed state in complex with Ca2+, ATP, caffeine and Nb9657	ELECTRON MICROSCOPY	3.1	2024-01-23	2024-10-09	0073d9bf29677948e3a1585482ecf913414598e5d9abb30b4feb52bc41df5661	09b398bf77356c4a4f55018468df1083953727ec95b06ca0ce9d13c8e2be8609	https://files.rcsb.org/download/8RRX.cif.gz	https://www.rcsb.org/fasta/entry/8RRX/download	2026-10-06T15:57:30+00:00	4
8K18	processed	1.0		Neutralization antibody ZCP4C9 bound with SARS-CoV-2 Omicron BA.5 RBD	ELECTRON MICROSCOPY	3.68	2023-07-10	2024-10-09	248ba8628033b6f3a6d4a6a558600d51f7dd8ad32f9fd5c52d60bfcda3499fc5	5267364905bb9a21a56a68f44468155df12092c978eed13c7908b14afcfe4eb9	https://files.rcsb.org/download/8K18.cif.gz	https://www.rcsb.org/fasta/entry/8K18/download	2026-10-06T15:57:29+00:00	1
8YN3	processed	1.0		Cryo-EM structure of histamine H2 receptor in complex with histamine and miniGs	ELECTRON MICROSCOPY	2.56	2024-03-10	2024-10-09	3e15db9db1660f2d99cba460ca06cc7b690f596cfc3e4d5e1971782f8042e31f	cfe34dc48bfe113023bdf3224eeb1000d2fb86810a1d5e3d9a88f7221c4f3223	https://files.rcsb.org/download/8YN3.cif.gz	https://www.rcsb.org/fasta/entry/8YN3/download	2026-10-06T15:57:30+00:00	1
9GYO	processed	1.0		CryoEM structure of Gs-coupled GPBAR with small molecule agonist P395	ELECTRON MICROSCOPY	2.5	2024-10-02	2024-10-09	49db041a3675eab9fbd1e3e5f9c6d1591332a2dc8dd705976bbcea8cb3745c1b	b481b40181db5ae73b231b1838cadaac771bd25e90db6320fe56e33b077e877d	https://files.rcsb.org/download/9GYO.cif.gz	https://www.rcsb.org/fasta/entry/9GYO/download	2026-10-06T15:57:30+00:00	1
8RRW	processed	4.0		Structure of RyR1 in detergent in open state in complex with FKBP and Nb9657.	ELECTRON MICROSCOPY	4.2	2024-01-23	2024-10-09	0c93b6969237a59fd1861201572b2a5ee1d392c9194cf22af26e6bfd16af7b9c	fa061bf5d81ae60e0ccf0a424777257998023a023680243c2b8859980bad9285	https://files.rcsb.org/download/8RRW.cif.gz	https://www.rcsb.org/fasta/entry/8RRW/download	2026-10-06T15:57:30+00:00	4
8VQD	processed	1.0		HER2 S310F in complex with TL1 Fab	ELECTRON MICROSCOPY	2.61	2024-01-18	2024-10-09	df0c0c0b6e25eca9beb7a5dedfdf32817a02f51c3dba7eb38fd2b68ebbb5ccc2	e4a70d2e742ecfc2e5abfa6bbf852c993cacf7b43b0f7f6b0a514c459b80b112	https://files.rcsb.org/download/8VQD.cif.gz	https://www.rcsb.org/fasta/entry/8VQD/download	2026-10-06T15:57:30+00:00	1
8RRU	processed	4.0		Structure of RyR1 reconstituted into lipid liposomes in primed state in complex with FKBP and Nb9657.	ELECTRON MICROSCOPY	4.7	2024-01-23	2024-10-09	75c73b65cb59c78de50c57c2d70a60e69f9bd8f7b8a8bdf24205380172b6de84	f886fe9d4c9d8046a72c6080036b1ed3578274d4bed1a209daa5009d23c9524d	https://files.rcsb.org/download/8RRU.cif.gz	https://www.rcsb.org/fasta/entry/8RRU/download	2026-10-06T15:57:30+00:00	4
8UP2	processed	2.0		Murine Fab JAR 4 bound to meningococcal Factor H binding protein	X-RAY DIFFRACTION	1.60	2023-10-20	2024-10-16	f2a6dac158e44dd1174a9c861cfade25274c492a8da5409eeba4286d6710c659	7c90b43a0ea40a12d921f19e84f84e5de4bf58a1d2395db75d29067c01e770b7	https://files.rcsb.org/download/8UP2.cif.gz	https://www.rcsb.org/fasta/entry/8UP2/download	2026-10-06T15:57:31+00:00	2
9ASD	processed	1.0		VIR-7229 Fab fragment bound the SARS-CoV-2 BA.2.86 spike trimer (local refinement of the BA 2.86 RBD/VIR-7229 VHVL)	ELECTRON MICROSCOPY	3.3	2024-02-25	2024-10-16	f121f9472d2c6e5092f07379609b99233e54378fbac90bbb682fcf99c919ce6a	391105973e27d4020351b7b0d215f1b7c357edf42a2e0ddaefcb9ecef0b1804d	https://files.rcsb.org/download/9ASD.cif.gz	https://www.rcsb.org/fasta/entry/9ASD/download	2026-10-06T15:57:31+00:00	1
8REK	processed	1.0		Plasmodium vivax Apical Membrane Antigen 1/Fab complex	X-RAY DIFFRACTION	3.05	2023-12-11	2024-10-16	42a32c7a0d625c4a84b0324b976970726610ca7b218374b8dfe4851beb838c4c	405ffd81e3cc16fc08e73620bb4a46c355198a5e435392e7368d06c102e3ab36	https://files.rcsb.org/download/8REK.cif.gz	https://www.rcsb.org/fasta/entry/8REK/download	2026-10-06T15:57:31+00:00	1
9AU2	processed	2.0		VIR-7229 Fab fragment bound the BA.2.86 spike trimer (global refinement)	ELECTRON MICROSCOPY	3.1	2024-02-28	2024-10-16	b5118ca44137d137919090a0061d4d01dabe8cafe1863792f9c2783df92d91ea	88d0306701c65778abed2b15952be928e88847ba29943eb843dd892d37c5fa49	https://files.rcsb.org/download/9AU2.cif.gz	https://www.rcsb.org/fasta/entry/9AU2/download	2026-10-06T15:57:31+00:00	2
8REL	processed	2.0		Fab of an anti-PvAMA1 monoclonal antibody	X-RAY DIFFRACTION	2.10	2023-12-11	2024-10-16	df47bbad07af23620e31665668cc3b721d457f9fa09b9eb8f8d8c24374c7ed85	e667bc113dd5d9db657b6c3356463e4644c829e3ab209843cdaac34103b3eb80	https://files.rcsb.org/download/8REL.cif.gz	https://www.rcsb.org/fasta/entry/8REL/download	2026-10-06T15:57:31+00:00	2
8VLT	processed	1.0		Crystal structure of glycan-targeting antibody 2526 Fab bound to Mannose	X-RAY DIFFRACTION	1.84	2024-01-12	2024-10-16	be89c804dc450b1a68cfa33f9b6e72b1263dbe357e478347f0ddf61e16d6f1e9	6c019d01abd1c22709ccd2aec2f51554fe0fa4cf9ad3e3abc56882170e61577e	https://files.rcsb.org/download/8VLT.cif.gz	https://www.rcsb.org/fasta/entry/8VLT/download	2026-10-06T15:57:31+00:00	1
9GWZ	processed	4.0		Crystal structure of 23ME-00610 Fab	X-RAY DIFFRACTION	2.120	2024-09-27	2024-10-23	77079751611a36fdca5f56bac4156b95b74def5e9f1611a0f8aedb3ee6548f5f	d4f6194c029e5d63132396bb173fac047bbca992ec312e0e0886c4b961c0afef	https://files.rcsb.org/download/9GWZ.cif.gz	https://www.rcsb.org/fasta/entry/9GWZ/download	2026-10-06T15:57:33+00:00	4
9GWT	processed	1.0		crystal structure of 23ME-00610 Fab in complex with human CD200R1	X-RAY DIFFRACTION	2.8900	2024-09-27	2024-10-23	1f06d129a4a3a745ff50f432904aff3548b7e5aedd38574645de905ece47d8f5	12c4c1961837390775dce99ba7158f05edeb3b565714510c603b1b68f6174a60	https://files.rcsb.org/download/9GWT.cif.gz	https://www.rcsb.org/fasta/entry/9GWT/download	2026-10-06T15:57:32+00:00	1
8VEG	processed	1.0		Crystal structure of an engineered conformationally rigid anti-Tryptase Fab variant E104.v1.4DS.S112F	X-RAY DIFFRACTION	2.00	2023-12-18	2024-10-30	3b801b550dcf32b9145ed9c512c66315ac9d64712988b1a245a296809feccae1	0bf8b7f15949091ee49b71608673ba33d08ead022f1c7551f3cf5263b0e9308a	https://files.rcsb.org/download/8VEG.cif.gz	https://www.rcsb.org/fasta/entry/8VEG/download	2026-10-06T15:57:32+00:00	1
8US0	processed	6.0		Human antibody S8V1-157 in complex with the A/American black duck/New Brunswick/00464/2010(H4N6) HA head domain	X-RAY DIFFRACTION	3.70	2023-10-27	2024-10-30	77f76fc4b3a350d38bca78ff4772abd00be026c9a0320aabf7779d6777f2ead8	1f240c31322f7906abeab86df36488b89c348ef26406ecea683cb0cc7ac837b0	https://files.rcsb.org/download/8US0.cif.gz	https://www.rcsb.org/fasta/entry/8US0/download	2026-10-06T15:57:32+00:00	6
8VGM	processed	2.0		CryoEM structure of Nav1.7 in complex with engineered conformationally rigid Fab 7A9.4DS	ELECTRON MICROSCOPY	2.6	2023-12-27	2024-10-30	18a25d9322d945084126cd6419ce9ca25cac61a683e87c7356fa367bc2133e49	21da6455d2d21f3fba58b89a9b10f852e5be986ce3162ca7f301e0766e69244b	https://files.rcsb.org/download/8VGM.cif.gz	https://www.rcsb.org/fasta/entry/8VGM/download	2026-10-06T15:57:32+00:00	2
8VGL	processed	2.0		CryoEM structure of Nav1.7 in complex with wild type Fab 7A9	ELECTRON MICROSCOPY	2.6	2023-12-27	2024-10-30	d407171f6faca6db430109c14ba785730bf3a4e4cda727e9f357d316c319667f	71ce802c851d122e6e07e7bcc7bd122833b3d81359a5a7bfabfc45a8b7eb6bfd	https://files.rcsb.org/download/8VGL.cif.gz	https://www.rcsb.org/fasta/entry/8VGL/download	2026-10-06T15:57:32+00:00	2
8VGK	removed_by_strict_cleaning	4.0		CryoEM structure of tryptase in complex with engineered conformationally rigid anti-tryptase Fab E104.v1.6DS	ELECTRON MICROSCOPY	2.4	2023-12-27	2024-10-30	3ac17836db3dd58c831bcd34d539279fbd5ebe54f8819bdf318e123ae422b7af	9e2683fbac6e631216a587e21406c6adfe25ba64f0ef4170317d3498396eaeb3	https://files.rcsb.org/download/8VGK.cif.gz	https://www.rcsb.org/fasta/entry/8VGK/download	2026-10-06T15:57:32+00:00	0
8VGJ	processed	4.0		CryoEM structure of tryptase in complex with engineered conformationally rigid anti-tryptase Fab E104.v1.4DS	ELECTRON MICROSCOPY	2.5	2023-12-27	2024-10-30	baa32ea654982b8a1c3bda5944073fd17a1d14183422a20ee72caa68e600ca8c	1149b238dbcfb7ad783fa3af5b5cc9ee763d1011d8209f8cf1d461e1abb1053c	https://files.rcsb.org/download/8VGJ.cif.gz	https://www.rcsb.org/fasta/entry/8VGJ/download	2026-10-06T15:57:33+00:00	4
8VGI	processed	4.0		CryoEM structure of tryptase in complex with engineered conformationally rigid anti-tryptase Fab E104.v1.2DS	ELECTRON MICROSCOPY	2.7	2023-12-27	2024-10-30	8bf5a5ccefa16ae7bc46954024ade5109b55c5e481bed09054d34712e5f6b1a9	6779badd021775426cc1d8b525fbeea2e2021e5e2fd5d52f60a06094e5c88bda	https://files.rcsb.org/download/8VGI.cif.gz	https://www.rcsb.org/fasta/entry/8VGI/download	2026-10-06T15:57:33+00:00	4
8VGH	processed	4.0		CryoEM structure of tryptase in complex with wild type anti-tryptase Fab E104.v1	ELECTRON MICROSCOPY	2.9	2023-12-27	2024-10-30	11c704b1e1b4292df699ef17776c1a7949684ccb27793b3cc7c1e58d9fd92aec	d5536235e48dcf86b39668cfb805e92e38736b7f7a7a7200bb11fcff524eedf1	https://files.rcsb.org/download/8VGH.cif.gz	https://www.rcsb.org/fasta/entry/8VGH/download	2026-10-06T15:57:33+00:00	4
8VGG	processed	1.0		Crystal structure of an engineered conformationally rigid anti-Tryptase Fab variant E104.v1.6DS	X-RAY DIFFRACTION	2.71	2023-12-27	2024-10-30	7de1f8b881ba06da689b7f27ed40a69761986d9be10122ef7d09eb95ac9275c4	44e2f8c8502d13173172dc946ad79799c6aac7847e4f846ca4d9c8c68f6ce6a8	https://files.rcsb.org/download/8VGG.cif.gz	https://www.rcsb.org/fasta/entry/8VGG/download	2026-10-06T15:57:33+00:00	1
8VGF	processed	1.0		Crystal structure of an engineered conformationally rigid anti-Tryptase Fab variant E104.v1.5DS	X-RAY DIFFRACTION	2.14	2023-12-27	2024-10-30	761b17f6936c84abfc1064fc320694aa9db236fc3d6f5b909175ae33afe9ed56	cc3184a0c795f476afe3e8975917e97bae15207b1f00a96d5a8564666e47fc61	https://files.rcsb.org/download/8VGF.cif.gz	https://www.rcsb.org/fasta/entry/8VGF/download	2026-10-06T15:57:33+00:00	1
8VGE	processed	1.0		Crystal structure of an engineered conformationally rigid anti-Tryptase Fab variant E104.v1.4DS.A114F	X-RAY DIFFRACTION	2.01	2023-12-27	2024-10-30	3cbcdf1c0539a5f18adce358d04bcd13ef5bf66aff9b9e004ae6ac50d2a5cd7f	1c25f818f3660717b6edd42d96e752eee870b2fb855b256904a3c93d918dc202	https://files.rcsb.org/download/8VGE.cif.gz	https://www.rcsb.org/fasta/entry/8VGE/download	2026-10-06T15:57:33+00:00	1
8UYQ	processed	1.0		Consensus olfactory receptor consOR4 bound to 2-methylthiazoline and in complex with mini-Gs trimeric protein	ELECTRON MICROSCOPY	3.5	2023-11-13	2024-10-30	460d97030b171672b184b27ffd5bcba5f5d1d7511a5a806168df439cb2696abf	c4731ce079b21483c4e5e16f1501f1b7ddfee52da89913deb3b73fd576a0902f	https://files.rcsb.org/download/8UYQ.cif.gz	https://www.rcsb.org/fasta/entry/8UYQ/download	2026-10-06T15:57:33+00:00	1
8UY0	processed	1.0		Consensus olfactory receptor consOR2 bound to S-carvone and in complex with mini-Gs trimeric protein	ELECTRON MICROSCOPY	3.2	2023-11-11	2024-10-30	12c5bdf623cbaadb23d42bd2f86b3a3778f7b60fa8e629d36ca5fd760967a210	f352de3f605563bf58bdddd498860ea014511c458c7f7eb8156d32ecd3f284e0	https://files.rcsb.org/download/8UY0.cif.gz	https://www.rcsb.org/fasta/entry/8UY0/download	2026-10-06T15:57:34+00:00	1
8UXY	processed	1.0		Consensus olfactory receptor consOR1 bound to L-menthol and in complex with mini-Gs trimeric protein	ELECTRON MICROSCOPY	3.3	2023-11-11	2024-10-30	32f5c046e72727ffee6e150fcd891bedd279393fb49a750d992cf3aa91e604ac	af3cb8ef7d8e0cd9510af26f47558cf3e58e0f594cfbd4b4e6bfa52f540c991a	https://files.rcsb.org/download/8UXY.cif.gz	https://www.rcsb.org/fasta/entry/8UXY/download	2026-10-06T15:57:34+00:00	1
8UXV	processed	1.0		Consensus olfactory receptor consOR51 in complex with mini-Gs trimeric protein	ELECTRON MICROSCOPY	3.2	2023-11-11	2024-10-30	2d5080c6cb90854763a0714cccda7bff66f95949959965d6adb1e7e277d52ce4	b9edae51841491bf08ebbe4fa91133ac4683ea3f2d6d11e54c267bb6aaee4d63	https://files.rcsb.org/download/8UXV.cif.gz	https://www.rcsb.org/fasta/entry/8UXV/download	2026-10-06T15:57:34+00:00	1
8RRN	processed	2.0		Crystal structure of the SARS-CoV-2 S RBD in complex with pT1616 Fab	X-RAY DIFFRACTION	3.11	2024-01-23	2024-10-30	24dbaf10336f01c110d65591c8fd2f9dc018e7de93ea6a0cfc09a3240a88a934	352eff4bf1217dd0d3f7b6c9614cce08beedcc0de56c18341cc1f43f8b7e232e	https://files.rcsb.org/download/8RRN.cif.gz	https://www.rcsb.org/fasta/entry/8RRN/download	2026-10-06T15:57:34+00:00	2
8US8	processed	2.0		Crystal structure of B1E11K malarial antibody in complex with RESA repeat peptide	X-RAY DIFFRACTION	2.56	2023-10-27	2024-10-30	5f838faf90649c68df36e7c0bb61e4747c7cbbb4d7daeb8893c9491d12ef8e57	5dffe2ca4643595fd6814de880a2e408fc65fa4b9d5508021d3f66ca86f18a99	https://files.rcsb.org/download/8US8.cif.gz	https://www.rcsb.org/fasta/entry/8US8/download	2026-10-06T15:57:34+00:00	2
9FWW	processed	1.0		Human NKp30 in complex with a VHH variant	X-RAY DIFFRACTION	1.844	2024-07-01	2024-10-30	38febd26db315dcd20e680a44b6cefd1a22290f796df2012a281af75ffbb2416	4a4ae2a1a42249d963f1e83198e053f32f2024f8daabe5b31ff524a2fc2e53f1	https://files.rcsb.org/download/9FWW.cif.gz	https://www.rcsb.org/fasta/entry/9FWW/download	2026-10-06T15:57:34+00:00	1
7LZ6	processed	2.0		The Cryo-EM structure of a complex between GAD65 and b96.11 Fab	ELECTRON MICROSCOPY	7.3	2021-03-09	2024-10-30	567f3ee45f40c19cad68bca07b20619ff81e8f50fa7ec4ffae2db13c57216122	e88052bbdab9f078b6ce8cf3856855078c0626f99a8cde575ffac7d2a490ebda	https://files.rcsb.org/download/7LZ6.cif.gz	https://www.rcsb.org/fasta/entry/7LZ6/download	2026-10-06T15:57:35+00:00	2
9FXF	processed	1.0		VHH variant adression natural cytotoxicity triggering receptor 3	X-RAY DIFFRACTION	1.067	2024-07-01	2024-10-30	f147b6ba0bb9a5801d7682b99fca9d2594d6c8850055f21682de42663cd5dd48	f7adc9a6abb0931e273ae8cb5be9eba1c96872aa16ff257bbb01ccfd5e981ba1	https://files.rcsb.org/download/9FXF.cif.gz	https://www.rcsb.org/fasta/entry/9FXF/download	2026-10-06T15:57:35+00:00	1
8ULJ	processed	1.0		Prefusion RSV F bound by neutralizing antibody 2E08	X-RAY DIFFRACTION	3.00	2023-10-16	2024-11-06	314c88f20cd090c1ef228708c89a12b0cc5da301adb6e599d31a213eb9a3c774	b71f77018d356b9efe85964312245daf29a2bc313050a362dd89c76d4e25b7b2	https://files.rcsb.org/download/8ULJ.cif.gz	https://www.rcsb.org/fasta/entry/8ULJ/download	2026-10-06T15:57:35+00:00	1
8ULK	processed	3.0		Prefusion RSV F bound by neutralizing antibody 1G12	X-RAY DIFFRACTION	4.28	2023-10-16	2024-11-06	7b00264aecc2217f6b9d2ea28e6729c04c06d49e33f88265f1e3d68338cd1ddd	41f5722028d644b8d0199a3ca76b88367c842a78867567e714aac877b38f8b47	https://files.rcsb.org/download/8ULK.cif.gz	https://www.rcsb.org/fasta/entry/8ULK/download	2026-10-06T15:57:35+00:00	3
9B8G	processed	3.0		2C9 Fab antibody fragment against the E protein of the Yellow Fever virus	X-RAY DIFFRACTION	2.66	2024-03-29	2024-11-06	f4885ada2ab0b1f31b28ab66a06f8eb2e93e0377b4da56d3716b5aaf95b0763d	a303b0f5d09420e8375a69193921b21b4d93d320855a3e30b001f5c91d313d0a	https://files.rcsb.org/download/9B8G.cif.gz	https://www.rcsb.org/fasta/entry/9B8G/download	2026-10-06T15:57:35+00:00	3
9FVB	processed	2.0		Crystal structure of VcSiaP in complex with a VHH antibody (VHH_VcP#2)	X-RAY DIFFRACTION	2.05	2024-06-26	2024-11-06	f0c8391784cda5c93fba72fa59e57716251c4dd6a69e30c826070335aea48269	09228703316a4ce8be81c37a577fd728df4200990d8f612f93e82c17f22b2eae	https://files.rcsb.org/download/9FVB.cif.gz	https://www.rcsb.org/fasta/entry/9FVB/download	2026-10-06T15:57:35+00:00	2
9FVC	processed	2.0		Crystal structure of VcSiaP in complex with a VHH antibody (VHH_VcP#1)	X-RAY DIFFRACTION	2.64	2024-06-26	2024-11-06	5600a6a7adee3a3ea39109c7ec5764d33bb58796569c2548d94ef0ea27225b8b	61abf5c1784c3e79ef64ceeb1cd810c4e3617c65c200fd05ad363895db1a22b6	https://files.rcsb.org/download/9FVC.cif.gz	https://www.rcsb.org/fasta/entry/9FVC/download	2026-10-06T15:57:35+00:00	2
9FVE	processed	12.0		Crystal structure of VcSiaP W73A mutant in complex with sialic acid and a VHH antibody (VHH_VcP#2)	X-RAY DIFFRACTION	2.81	2024-06-26	2024-11-06	9202b95c325dacfd56f0a57bff335fac681f5109953e22a6dac519e68d756ab5	6cdc08bb65c79f1d234be65691c0484022441f464c890fe16cd682909e4fcd0d	https://files.rcsb.org/download/9FVE.cif.gz	https://www.rcsb.org/fasta/entry/9FVE/download	2026-10-06T15:57:35+00:00	12
8WZ4	processed	1.0		Cryo-EM structure of prefusion-stabilized RSV F (DS-Cav1 strain: A2) in complex with nAb 5B11 (localized refinement)	ELECTRON MICROSCOPY	3.13	2023-11-01	2024-11-06	84a7bd25bfb6194441412ae62b91bddbd451e33f77118eb81f11339b42e5be67	c453d0a593b926ecb6c0556c952452d6613d16684286d30aa3b196c1676bd14d	https://files.rcsb.org/download/8WZ4.cif.gz	https://www.rcsb.org/fasta/entry/8WZ4/download	2026-10-06T15:57:35+00:00	1
8ULH	processed	1.0		Fab of RSV neutralizing antibody 1G12	X-RAY DIFFRACTION	1.69	2023-10-16	2024-11-06	dd39ed8183495ed5e3b854c6f30ad244890ecea2204c9b368fb112d6c039e552	f137a5fda07fc3fc535320b5964d54583eb664c10b71b4c5482eb80427fd4de5	https://files.rcsb.org/download/8ULH.cif.gz	https://www.rcsb.org/fasta/entry/8ULH/download	2026-10-06T15:57:35+00:00	1
9II9	processed	2.0		Crystal structure of SARS-CoV-2 neutralizing antibody K4-66	X-RAY DIFFRACTION	2.90	2024-06-19	2024-11-06	d63f58f14a43870428148b24063a08b405eb9e31fe42088447f7a003dc96befd	8c9f30156e3c40b71741fe85f9910802ff2a023471c97a5902a93579a7b3946f	https://files.rcsb.org/download/9II9.cif.gz	https://www.rcsb.org/fasta/entry/9II9/download	2026-10-06T15:57:36+00:00	2
9D7Y	processed	3.0		Crystal structure of scFv corresponding to human autoantibody b96.11	X-RAY DIFFRACTION	2.60	2024-08-18	2024-11-06	392150863062f376d2f8585f65a07116605851ec82f721d24101ca7fec61a87c	8f5a3e8d42dfc49136432cb72fa6b41c133c6a62c677743a45c2179c85a669c2	https://files.rcsb.org/download/9D7Y.cif.gz	https://www.rcsb.org/fasta/entry/9D7Y/download	2026-10-06T15:57:36+00:00	3
8YWP	processed	1.0		Crystal structure of the Fab fragment of anti-IL-6 antibody I9H	X-RAY DIFFRACTION	2.50	2024-03-31	2024-11-06	12f2b46c5bdd72a4437c75129275b0e99ed81cb7fe5ef69d78d94db669013292	4b90998e430149693c341c5010c98eb2355c56f87e4cb1a986e9bde662c17361	https://files.rcsb.org/download/8YWP.cif.gz	https://www.rcsb.org/fasta/entry/8YWP/download	2026-10-06T15:57:36+00:00	1
8YWQ	processed	1.0		Crystal structure of the Fab fragment of the anti-IL-6 antibody I9H in complex with a domain-swapped IL-6 dimer	X-RAY DIFFRACTION	2.51	2024-03-31	2024-11-06	fc6f684673f07333033e684bfac5f1cea24f66c721995ad9d088b2c1c81334da	fe6eb0ba4ebbda9e152d8e06779df537dada5696b53a14750b6f4f41fcdcaa30	https://files.rcsb.org/download/8YWQ.cif.gz	https://www.rcsb.org/fasta/entry/8YWQ/download	2026-10-06T15:57:36+00:00	1
9CTU	processed	2.0		Cryo-EM structure of SARS-CoV-2 M (short conformation)bound to C1P	ELECTRON MICROSCOPY	3.03	2024-07-25	2024-11-06	f3cda95ef92254710e5aeca8f827499deceaad5bf3d5c7a6cff7bb9f4d75b539	c63b86f698cef650a51ba2061e1a957d19b0d4cee69d0737dfabb1fe675f7f57	https://files.rcsb.org/download/9CTU.cif.gz	https://www.rcsb.org/fasta/entry/9CTU/download	2026-10-06T15:57:36+00:00	2
8S79	processed	2.0		Lotus japonicus NFR5 intracellular domain in complex with Nanobody 200	X-RAY DIFFRACTION	2.29	2024-02-29	2024-11-06	4c669af4a1e0beb67a43c29832d4cfdc2f68468749ab2139fdbd61532c199493	1c8c500d1439785b2da3cc64f41b089fa46b2c06560f35d12963477e42c33da1	https://files.rcsb.org/download/8S79.cif.gz	https://www.rcsb.org/fasta/entry/8S79/download	2026-10-06T15:57:36+00:00	2
8QZ7	processed	2.0		Structure of human ceramide synthase 6 (CerS6) in complex with N-palmitoyl fumonisin B1	ELECTRON MICROSCOPY	3.0	2023-10-26	2024-11-13	b30afd5e71090fae2b21c47648451320dcac7c30a7048fe5f364dfe745c6037d	880ca563651b4b71f430fae4b19f91aae208959ea8408e276a12193eac8f3ac0	https://files.rcsb.org/download/8QZ7.cif.gz	https://www.rcsb.org/fasta/entry/8QZ7/download	2026-10-06T15:57:37+00:00	2
8QZ6	processed	2.0		Structure of human ceramide synthase 6 (CerS6) bound to C16:0	ELECTRON MICROSCOPY	3.2	2023-10-26	2024-11-13	3c69c51111845fe5203c017c1a052fd2c37487ec4c884f9638559763019a2e57	0d7b8b4ea1dbb4c36d15a6eedd8931022ec2c81fdb302d6144c6f65ee611d83d	https://files.rcsb.org/download/8QZ6.cif.gz	https://www.rcsb.org/fasta/entry/8QZ6/download	2026-10-06T15:57:37+00:00	2
8WZ3	processed	3.0		Cryo-EM structure of prefusion-stabilized RSV F (DS-Cav1 strain: A2) in complex with nAb 5B11	ELECTRON MICROSCOPY	3.19	2023-11-01	2024-11-13	b08a815d0afacc9994d254aea7679dbad9ddb406567d29241af8ee4764a5ff03	c1996b1922e806503c59a93fe0bd55827fd8c2088278939c1a44354b2ae5e9b7	https://files.rcsb.org/download/8WZ3.cif.gz	https://www.rcsb.org/fasta/entry/8WZ3/download	2026-10-06T15:57:37+00:00	3
9DX6	processed	1.0		Crystal structure of Plasmodium vivax (Palo Alto) PvAMA1 in complex with human Fab 826827	X-RAY DIFFRACTION	2.40	2024-10-10	2024-11-13	9f3cee9f8b5e676e721d9006502145dcdac101062714dd874a0a47d075183b5c	a2e13b0282bf5f1548a09f18e78702dc24c1e03134af7ec397004db595cb6145	https://files.rcsb.org/download/9DX6.cif.gz	https://www.rcsb.org/fasta/entry/9DX6/download	2026-10-06T15:57:37+00:00	1
8XCD	processed	1.0		Macaca fascicularis NTCP in complex with YN69083 Fab	ELECTRON MICROSCOPY	3.49	2023-12-08	2024-11-13	738bd4bc6cdf9d3a864813f894139aebbfe55cce53ef686b093750b0200c4811	95d6c547e9f6ef470b6d6a41f5d92c2731d7757b4e7e1e5f7c787176d15832db	https://files.rcsb.org/download/8XCD.cif.gz	https://www.rcsb.org/fasta/entry/8XCD/download	2026-10-06T15:57:37+00:00	1
8WZE	processed	1.0		Cryo-EM structure of prefusion-stabilized RSV F (DS-Cav1 sc9-10 strain: B18537) in complex with humanized nAb 5B11 (localized refinement)	ELECTRON MICROSCOPY	3.32	2023-11-02	2024-11-13	e2a28141961661847d852ff315e6c39e8fd080823c283c9ff090b8a9cd85189e	fdae99635a9bd57955d4ae4a9e02ac6772aeb978a1b402066ca0ce86686036c2	https://files.rcsb.org/download/8WZE.cif.gz	https://www.rcsb.org/fasta/entry/8WZE/download	2026-10-06T15:57:37+00:00	1
8WZ5	processed	3.0		Cryo-EM structure of prefusion-stabilized RSV F (DS-Cav1 sc9-10 strain: B18537) in complex with humanized nAb 5B11	ELECTRON MICROSCOPY	3.51	2023-11-01	2024-11-13	3f2dde2fab121ba5759992ef675c2d004913729c6c0901992febf79c4ae479fe	adbe0fefad00bc04ac1ca4574c6d17f360890e9325939796603feea5401387bc	https://files.rcsb.org/download/8WZ5.cif.gz	https://www.rcsb.org/fasta/entry/8WZ5/download	2026-10-06T15:57:37+00:00	3
9EOT	processed	2.0		Structure of human ceramide synthase 6 (CerS6) bound to C16:0 (nanobody Nb02)	ELECTRON MICROSCOPY	3.02	2024-03-15	2024-11-13	62a95f587544ec7ad83bbea2ac742515fdd7cb9df89efadf6dfb6e33d578eb97	a66dd4143ae76cff7c0580f0ffb791d0927c3f0c6fb3750f9f619d53c8d019e2	https://files.rcsb.org/download/9EOT.cif.gz	https://www.rcsb.org/fasta/entry/9EOT/download	2026-10-06T15:57:37+00:00	2
9BDG	processed	3.0		Influenza A virus Hemagglutinin H3/Darwin/6/2021 in complex with Fab ADI-85647	ELECTRON MICROSCOPY	3.01	2024-04-11	2024-11-13	e7ec557e89c9bc91787c73829ab49ca4184250843e98dbe4663b4668f4e3fb45	f51dba03f927c3afdaf18b267cd5d40f9d0a73981c36fb9ebb39fb00d60b2515	https://files.rcsb.org/download/9BDG.cif.gz	https://www.rcsb.org/fasta/entry/9BDG/download	2026-10-06T15:57:38+00:00	3
9BDF	processed	3.0		Influenza A virus Hemagglutinin H3/Darwin/6/2021 in complex with Fab ADI-85666	ELECTRON MICROSCOPY	3.01	2024-04-11	2024-11-13	f3b9b2c8ab54d07341660ebe8a7c11efbca32a7f4ae25b1b2a0c177a973eb3c7	a2ed60b086e6271c86755d0ed71ca4cdbe858b0db6d75e39930c2f8b322d5ecb	https://files.rcsb.org/download/9BDF.cif.gz	https://www.rcsb.org/fasta/entry/9BDF/download	2026-10-06T15:57:38+00:00	3
9DF0	processed	1.0		PDCoV S RBD bound to PD41 Fab (local refinement)	ELECTRON MICROSCOPY	2.8	2024-08-29	2024-11-13	d3d2fdf6515bb0bc0213301caa432f9154625adc7de412207bbcd55562e5b35c	6b963c6dec3b1abbe15e8ea4cc19ade0bda31e31d056863503ad5584ef678317	https://files.rcsb.org/download/9DF0.cif.gz	https://www.rcsb.org/fasta/entry/9DF0/download	2026-10-06T15:57:38+00:00	1
8ZRR	processed	1.0		Dimer-AB and Fab-hl complex of HBcAg	ELECTRON MICROSCOPY	3.61	2024-06-05	2024-11-13	7b45da29ccae22e36003082dcbf912ed4eff8b2db245cd0408f68111641aa243	548fa20cfacbd349c45e947b4628d4686da83a64f7623149df0d85c076458cdf	https://files.rcsb.org/download/8ZRR.cif.gz	https://www.rcsb.org/fasta/entry/8ZRR/download	2026-10-06T15:57:38+00:00	1
9CX9	processed	1.0		Structure of SH3 domain of Src in complex with beta-arrestin 1	ELECTRON MICROSCOPY	3.34	2024-07-31	2024-11-13	feb8038f952b0521ea6897438bd6339ea057020a5581a3f62f2cd08776d67505	66edbd74054b4ae357dac428d6ea1a72bc2ad82040a8be70827f2a7350f3f0bd	https://files.rcsb.org/download/9CX9.cif.gz	https://www.rcsb.org/fasta/entry/9CX9/download	2026-10-06T15:57:38+00:00	1
9IVM	processed	1.0		Cryo-EM structure of the GLP-1(9-36)-bound human GLP-1R-Gs complex in the presence of LSN3318839	ELECTRON MICROSCOPY	3.22	2024-07-24	2024-11-13	7b98f7e29fc0202cb4894ca31fa395d58850786a8fb426ca6873987a211fee36	2f9f9049ae584a266a955680bc69dd5b0cf3a32219508097139d2ccd794fcc92	https://files.rcsb.org/download/9IVM.cif.gz	https://www.rcsb.org/fasta/entry/9IVM/download	2026-10-06T15:57:38+00:00	1
8ZRH	processed	2.0		HBcAg-D4 Fab complex	ELECTRON MICROSCOPY	3.6	2024-06-04	2024-11-13	4c6a3a98a72da3b28172c0df1a70701dcdaa8ee3dcd1c464b0dc3ddc0c36ed57	487c7039773fe7b3d6130dcd9eff95ec23cd279fc488b9c41c95b280423a8de2	https://files.rcsb.org/download/8ZRH.cif.gz	https://www.rcsb.org/fasta/entry/8ZRH/download	2026-10-06T15:57:38+00:00	2
9CZ7	processed	1.0		Crystal structure of integrin avb6 headpiece in complex with compound 12	X-RAY DIFFRACTION	2.57	2024-08-04	2024-11-13	09e4e60f26b78c0aef45057443bdb86e6a7b86a6e48e2b3513db9b418dc98ae7	d2f533f3102e4e0c8272d2e60bca16ab752805823777bfda7a9c28d267b7981e	https://files.rcsb.org/download/9CZ7.cif.gz	https://www.rcsb.org/fasta/entry/9CZ7/download	2026-10-06T15:57:39+00:00	1
9CZA	processed	1.0		Crystal structure of integrin avb6 headpiece in complex with compound 18	X-RAY DIFFRACTION	2.49	2024-08-05	2024-11-13	93f5c3482485f9e87f672ce1b52b9bf22444d6ce1c1625d59a87d2196e3d7847	5707280b33e6e66b8628310fe7581de7a3056738d2023ed986a9e626ed481c35	https://files.rcsb.org/download/9CZA.cif.gz	https://www.rcsb.org/fasta/entry/9CZA/download	2026-10-06T15:57:39+00:00	1
9DEZ	processed	3.0		PDCoV S trimer bound by three copies of PD41 Fab	ELECTRON MICROSCOPY	2.6	2024-08-29	2024-11-13	6f8e3ddf80a5cb26d50a9c6649e908ae904f1806f1705649349666c01cd8a38a	f2455c3b4d0dc7f2210b5920df88587e15b539be55868e6060c259f792f8412b	https://files.rcsb.org/download/9DEZ.cif.gz	https://www.rcsb.org/fasta/entry/9DEZ/download	2026-10-06T15:57:39+00:00	3
8ZRE	processed	2.0		HBcAg-D4 Fab complex	ELECTRON MICROSCOPY	3.44	2024-06-04	2024-11-13	6548e88bc55f065acd9ef9be82e00cd3556c448a47b13ee0a6fbd006f2ba83be	937cc9c15581d174aa4e994d2a273f0e67b1292a6e52bc56a501f446c982a637	https://files.rcsb.org/download/8ZRE.cif.gz	https://www.rcsb.org/fasta/entry/8ZRE/download	2026-10-06T15:57:39+00:00	2
9CZD	processed	1.0		Crystal structure of integrin avb6 headpiece in complex with compound 30	X-RAY DIFFRACTION	2.23	2024-08-05	2024-11-13	dc7eb2a96028815ca10aacabf0d3d57c8018e080418c5bba2c4af94f37a27498	4e7944387ed5530339378d559aba79089b3e02c30e0420e1dc1c3a93bdbbaddf	https://files.rcsb.org/download/9CZD.cif.gz	https://www.rcsb.org/fasta/entry/9CZD/download	2026-10-06T15:57:39+00:00	1
9CZF	processed	1.0		Crystal structure of integrin avb6 headpiece in complex with compound MORF-627	X-RAY DIFFRACTION	2.53	2024-08-05	2024-11-13	a228df56be21fe940f91a2cda18ba874f41056e23650502a58965d9271b15ff9	6a99cafe0b7b9802836be829460d8d42dd75f77c74ae4d9b03f7c23de044a2b8	https://files.rcsb.org/download/9CZF.cif.gz	https://www.rcsb.org/fasta/entry/9CZF/download	2026-10-06T15:57:39+00:00	1
9AXL	processed	1.0		Structure of the semi-extended AlphaIIbBeta3 in complex with R21D10 Fab	ELECTRON MICROSCOPY	3.3	2024-03-06	2024-11-13	7f8997e1902c3d82dce388a4fb34cb96f3ff8aec2b27e6c1ba050110ce7144ff	45084a5f1fc53429497be9f8ac02338b1ba172c67b46a9057481f2958f6b7863	https://files.rcsb.org/download/9AXL.cif.gz	https://www.rcsb.org/fasta/entry/9AXL/download	2026-10-06T15:57:39+00:00	1
9BIF	processed	8.0		Fab B11-OspCA complex	X-RAY DIFFRACTION	3.09	2024-04-23	2024-11-20	650e92524e67bb4fea2d41515b41c4035fd71f3fd7f6bca286da95f865959acd	8e138a6dbefed9e273c00f28b4358f4b8c5023f864ab349bb01a49cf72b05538	https://files.rcsb.org/download/9BIF.cif.gz	https://www.rcsb.org/fasta/entry/9BIF/download	2026-10-06T15:57:39+00:00	8
9E6K	processed	1.0		Fully human monoclonal antibody targeting the cysteine-rich substrate-interacting region of ADAM17 on cancer cells.	ELECTRON MICROSCOPY	3.15	2024-10-30	2024-11-20	a95da67a5f2dde322631fa4f334e31da09412524a0afd686263568b75dfc3542	ad4447b77b53306b7d54082d8c45e103c522646fa204b6eab81058e13286f21a	https://files.rcsb.org/download/9E6K.cif.gz	https://www.rcsb.org/fasta/entry/9E6K/download	2026-10-06T15:57:40+00:00	1
8RWF	processed	3.0		Domains 1 and 2 of Bacillus anthracis Sap S-layer in complex with Nb692	X-RAY DIFFRACTION	3.11	2024-02-04	2024-11-20	ddb43cd8800a4c2a8e2218fc64750e620bd3b817ae4ec6f3f34992d2d40cb583	ebccbb22ad5df96c67548084ecdfa5c430d7edfa7ea2eac07331605d8c798efb	https://files.rcsb.org/download/8RWF.cif.gz	https://www.rcsb.org/fasta/entry/8RWF/download	2026-10-06T15:57:40+00:00	3
8P12	processed	1.0		Cryo-EM structure of Rhodopsin-Gi bound to antibody fragment Fab13	ELECTRON MICROSCOPY	3.21	2023-05-11	2024-11-20	ee7f4dc119be72a9289349c2a5a804b7bcae5d4cbd1675686f378b91b37596ce	e753af79ae42d2b8181f3c76450498a6eeefedeb84fcde2489d94ac464485a59	https://files.rcsb.org/download/8P12.cif.gz	https://www.rcsb.org/fasta/entry/8P12/download	2026-10-06T15:57:40+00:00	1
9BU6	processed	3.0		Vaccine elicited Fab C968.180 with influenza H10 JD13 HA trimer	ELECTRON MICROSCOPY	3.65	2024-05-16	2024-11-27	249ead10c9517af9b49f3ebd08c7618032651c2ecfb458b1d8cf64e928c94966	c9f417a544a3be5fbcc3bc4697ae3d3725137643faefbdee80a8a76863360fe0	https://files.rcsb.org/download/9BU6.cif.gz	https://www.rcsb.org/fasta/entry/9BU6/download	2026-10-06T15:57:40+00:00	3
8RJ7	processed	5.0		The crystal structure of the SARS-CoV-2 receptor binding domain in complex with the neutralizing nanobody 1.29	X-RAY DIFFRACTION	2.10	2023-12-20	2024-11-27	02bcc2789e90aa112e6c6013500a7f6afab9518875d2cad8b21daf3a12f9ab21	9c4a397642d0e40133c8c990f172cdb3a5b4be605b91416146689b7d504ddccd	https://files.rcsb.org/download/8RJ7.cif.gz	https://www.rcsb.org/fasta/entry/8RJ7/download	2026-10-06T15:57:40+00:00	5
9IVG	processed	1.0		Cryo-EM structure of the GLP-1(9-36)-bound human GLP-1R-Gs complex	ELECTRON MICROSCOPY	3.00	2024-07-23	2024-11-27	3a12ec27c6beb983a7c26c857f9516e19d96232cb7b8f7173a9951bf402d7680	d1cf3103469769f1180c8344524f2af2d345193e1bbacfbb0cab8f3e9508613a	https://files.rcsb.org/download/9IVG.cif.gz	https://www.rcsb.org/fasta/entry/9IVG/download	2026-10-06T15:57:40+00:00	1
9BU8	processed	3.0		Vaccine elicited Fab c115.131 with influenza H10 JD13 HA trimer	ELECTRON MICROSCOPY	3.96	2024-05-16	2024-11-27	d3054db03fb2b81a7a63ffda239461cd07c6eadbaa5d5bea72f6532ce2f1e8ed	7b68c424bc79447eb70e5b41949dc9b7d8c1802344264d3c6a06d8ba6e2196a1	https://files.rcsb.org/download/9BU8.cif.gz	https://www.rcsb.org/fasta/entry/9BU8/download	2026-10-06T15:57:40+00:00	3
8UZC	processed	1.0		Structure of UT14 Fab in complex with the head domain of H3 (A/Singapore/INFIMH-16-0019/2016)	ELECTRON MICROSCOPY	3.8	2023-11-14	2024-11-27	acbf58b362a47c56deb6a5ef354446c2c18119fdf83d0c8bbdb652fdd6185a2b	c6e851b3853934bfb91473d6c5871cd1c65d5cb44c92cd025e631654cc408f43	https://files.rcsb.org/download/8UZC.cif.gz	https://www.rcsb.org/fasta/entry/8UZC/download	2026-10-06T15:57:41+00:00	1
8Y2K	processed	2.0		The crystal structure of QX006N-Fab	X-RAY DIFFRACTION	2.87	2024-01-26	2024-12-04	95ec56e2293a619c20e38aade7c31fc56a26bbf6e2a279c328817a5c18d219c0	594e3259b8c5800d8f892a583632485c6741eabe9ea5efcd117dd801f5c81398	https://files.rcsb.org/download/8Y2K.cif.gz	https://www.rcsb.org/fasta/entry/8Y2K/download	2026-10-06T15:57:41+00:00	2
8Y31	processed	2.0		The crystal structure of the QX006N-Fab/IFNAR1-SD123 complex	X-RAY DIFFRACTION	2.68	2024-01-28	2024-12-04	0cb49ac803bcd2590afe1df352d22104f06e7908067d7b64b8b13ae28d983787	60cb3f3331eabebf68c2d9e9cb817a0496c76f4af2d590ca2a646f372e0001b8	https://files.rcsb.org/download/8Y31.cif.gz	https://www.rcsb.org/fasta/entry/8Y31/download	2026-10-06T15:57:41+00:00	2
8TN7	processed	1.0		The Crystal Structure of a human monoclonal antibody (aAb), termed TG10, complexed with a disaccharide	X-RAY DIFFRACTION	1.56	2023-08-01	2024-12-04	99d13d593afb30dfbf74d09de9c437a90effadf5549e9657b7a2b7cb846e86ad	1bfe4c26e4237bd5c33e627129a756dcc506cdea22a5e3c050bb054027623f4f	https://files.rcsb.org/download/8TN7.cif.gz	https://www.rcsb.org/fasta/entry/8TN7/download	2026-10-06T15:57:41+00:00	1
9EG6	processed	3.0		Crystal structure of the human Cavin1 HR1 HT/II mutant domain bound to nanobody B7	X-RAY DIFFRACTION	3.20	2024-11-20	2024-12-04	8aec6de3fdefa5fa7fc4b34a58f7672122ecffa656af48cfc68c5cc232f87a7f	c3ecdfbcace27a08046f74f9d3396c8e69d7d51b43ad47b494b985f76d15156c	https://files.rcsb.org/download/9EG6.cif.gz	https://www.rcsb.org/fasta/entry/9EG6/download	2026-10-06T15:57:41+00:00	3
8TN4	processed	1.0		The Crystal Structure of a human monoclonal antibody (aAb), termed TG10, used to study poly-N-acetyl-glucosamine broadly expressed in biofilm-forming pathogenclonal antibody	X-RAY DIFFRACTION	1.40	2023-08-01	2024-12-04	ab6f5e602616fb4c17ea9d2a8020135478f0ec83b377b227100af0a551285a08	19c91b0a1b69784d203e57dd99f5df9005e620f283d88f529142436862828cb3	https://files.rcsb.org/download/8TN4.cif.gz	https://www.rcsb.org/fasta/entry/8TN4/download	2026-10-06T15:57:41+00:00	1
9B82	processed	6.0		Crystal structure of SARS-CoV-2 receptor binding domain in complex with neutralizing antibody COVA2-15	X-RAY DIFFRACTION	3.38	2024-03-28	2024-12-04	f4048fce813068f2200c86b0049825ea9df08ad8cf5470df2044e8b4d845c737	b07d07494ebddad13cb7b5495afca0365689c5b79303e002f3a5479278d66817	https://files.rcsb.org/download/9B82.cif.gz	https://www.rcsb.org/fasta/entry/9B82/download	2026-10-06T15:57:41+00:00	6
8TN5	processed	1.0		The Crystal Structure of a human monoclonal antibody (aAb), termed TG10, complexed with a GlcNH2	X-RAY DIFFRACTION	1.76	2023-08-01	2024-12-04	c579573f0a68ad09ce6095b2c7fb9d637691ae8ce2789777886c5845afa33792	390cfdf1ee0f69306029ecc4ed2cf6bdd831c7badab83b2d3d97f44c981af891	https://files.rcsb.org/download/8TN5.cif.gz	https://www.rcsb.org/fasta/entry/8TN5/download	2026-10-06T15:57:41+00:00	1
8JKH	processed	4.0		CryoEM structure of sNS1 complexed with Fab 4B8	ELECTRON MICROSCOPY	2.64	2023-06-01	2024-12-04	c14a00fdda41c331fc36b39d11ec99a5e54361f6532c96a497737941e382baa4	ff1d9bb302053ce4aa09e2128c0657f52d1d9a9180c133b204d9e8722aeb58b6	https://files.rcsb.org/download/8JKH.cif.gz	https://www.rcsb.org/fasta/entry/8JKH/download	2026-10-06T15:57:42+00:00	4
8JQS	processed	2.0		CryoEM structure of sNS1 complexed with Fab 14G5	ELECTRON MICROSCOPY	2.63	2023-06-14	2024-12-04	62cfca74c9413f28750b351805a987b7e2808c4941a4f1db54a65d04c45fd9c2	6854fed92dce801aea00d780032f8dcbe9b036aaa4114f5812da037d7383016a	https://files.rcsb.org/download/8JQS.cif.gz	https://www.rcsb.org/fasta/entry/8JQS/download	2026-10-06T15:57:41+00:00	2
9DH2	processed	4.0		Structure of Fab in complex with NKG2D extracellular domain	X-RAY DIFFRACTION	2.98	2024-09-03	2024-12-04	1bec7e7bfc240cfd42fd686260a94c5332c067ccbac44147863472ec2c99f291	7a9c2864c3184b354cfd212cc449e1ba5e8e65b8e872fac3918d3bc158c7fc28	https://files.rcsb.org/download/9DH2.cif.gz	https://www.rcsb.org/fasta/entry/9DH2/download	2026-10-06T15:57:42+00:00	4
9ERW	processed	1.0		Mouse CNPase catalytic domain with nanobody 8C	X-RAY DIFFRACTION	1.73	2024-03-25	2024-12-11	88797a8695bacaf28b0a85f5ac35a3f8b2cdc4fd160cc322a1e6b6fbe0f04f1c	5e283ef2865ea38a235b89ed805b1c1f18db66c7671f7fc74564238d7c67ed32	https://files.rcsb.org/download/9ERW.cif.gz	https://www.rcsb.org/fasta/entry/9ERW/download	2026-10-06T15:57:42+00:00	1
8Y4W	processed	1.0		Sialic acid bound form of Tripartite ATP-independent Periplasmic (TRAP) transporter from Fusobacterium nucleatum.	ELECTRON MICROSCOPY	3.16	2024-01-31	2024-12-11	b45e74e42cfa57593dabc899708c3088be4dbd6f0b225ffd61066eab48d519f9	2896ffaae5ddf4272a76ce11b9ad93aecba20292024a17e7df026392b9ad541b	https://files.rcsb.org/download/8Y4W.cif.gz	https://www.rcsb.org/fasta/entry/8Y4W/download	2026-10-06T15:57:42+00:00	1
8RBY	processed	1.0		The crystal structure of the SARS-CoV-2 receptor binding domain in complex with the neutralizing nanobody 1.26	X-RAY DIFFRACTION	1.90	2023-12-05	2024-12-11	8e59d8b634e68046c2f7b51b059b08575d9d4d4ffbc3a2d1d4eb4813f9e882d7	2b34dac4315395d4bc38d09b3b5ac15c01e37b873c2f2204ec65623892f2ec1f	https://files.rcsb.org/download/8RBY.cif.gz	https://www.rcsb.org/fasta/entry/8RBY/download	2026-10-06T15:57:42+00:00	1
8JKF	processed	4.0		CryoEM structure of sNS1 complexed with Fab 3G2	ELECTRON MICROSCOPY	2.83	2023-06-01	2024-12-11	edbbcfc220f4d958b534aa5137b2ff93fc556232f7555cb9b095fafb316a9aad	38c06bdc20c3c8f1d53152d712e7b24848d12c068697c575cdc749bd7e88c429	https://files.rcsb.org/download/8JKF.cif.gz	https://www.rcsb.org/fasta/entry/8JKF/download	2026-10-06T15:57:42+00:00	4
8JQN	processed	2.0		CryoEM structure of sNS1 complexed with Fab 2E11	ELECTRON MICROSCOPY	2.8	2023-06-14	2024-12-11	a72b14e235953aa661f7cd41d287eb8dfa08d97ae755dd9d62c286859d49558f	7d45e6335052edec21a891a81faa045d48b4c108641259ed8b59e7ec0a0bbdd6	https://files.rcsb.org/download/8JQN.cif.gz	https://www.rcsb.org/fasta/entry/8JQN/download	2026-10-06T15:57:42+00:00	2
8V5Q	processed	1.0		Varicella Zoster Virus (VZV) glycoprotein E (gE) gI binding domain in complex with human Fab 1E3	X-RAY DIFFRACTION	1.90	2023-11-30	2024-12-11	38e35bd563f6e363a21e551a56d633ea9a8436d9158e49bab78fb7e262d03cea	b082740167706d33518ea37519a5c3406d8ffb0fcdb8a9b82744f88ae8c96c67	https://files.rcsb.org/download/8V5Q.cif.gz	https://www.rcsb.org/fasta/entry/8V5Q/download	2026-10-06T15:57:42+00:00	1
9B2M	processed	3.0		Hemagglutinin H1 New Caledonia 1999 in complex with monoclonal antibody Fab 43_S0008	ELECTRON MICROSCOPY	3.09	2024-03-15	2024-12-11	9a0578bf41b3262334300a8c0df070cc8c869e6f3fe1b4072dfc67b2a1d16bb3	41a8660ca47c07eaf5bb1b3f1e936f56966dde3324622692c3643e9e414e3485	https://files.rcsb.org/download/9B2M.cif.gz	https://www.rcsb.org/fasta/entry/9B2M/download	2026-10-06T15:57:42+00:00	3
9ETJ	processed	4.0		Mouse CNPase catalytic domain with nanobody 10E	X-RAY DIFFRACTION	2.55	2024-03-26	2024-12-11	c73f8ce9a23d10e483a141aa7be067c88f4cf84b045bb19835195712c24d2f33	307c004fd83458376bf82c2e1fcf6f820121847dc1562f93d8efeed63c4bff6a	https://files.rcsb.org/download/9ETJ.cif.gz	https://www.rcsb.org/fasta/entry/9ETJ/download	2026-10-06T15:57:42+00:00	4
9ETL	processed	2.0		Mouse CNPase catalytic domain with nanobody 8D	X-RAY DIFFRACTION	1.50	2024-03-26	2024-12-11	1d7ccb912f62f37b166534d4b863f771b6c876c678854c1c4a52140635b10363	478ca0f4dac1540fc7d8492c89a442a716ced71ff70f1d3950b3704fadb6a39f	https://files.rcsb.org/download/9ETL.cif.gz	https://www.rcsb.org/fasta/entry/9ETL/download	2026-10-06T15:57:43+00:00	2
8Y57	processed	2.0		Anti MDMA antibody 1bB11 complex	X-RAY DIFFRACTION	3.20	2024-01-31	2024-12-11	d07350b0bd4883b292d8e03fcdc2ac52e14f1f614fc546991948d38db132ddaa	463277eb44d4471281c02e40d485b4a34799b14d4153d78ec99e713f02fd9e5a	https://files.rcsb.org/download/8Y57.cif.gz	https://www.rcsb.org/fasta/entry/8Y57/download	2026-10-06T15:57:43+00:00	2
8Y4X	processed	1.0		Apo form of Tripartite ATP-independent Periplasmic (TRAP) transporter from Fusobacterium nucleatum.	ELECTRON MICROSCOPY	3.2	2024-01-31	2024-12-11	440727bcdda5ccc9ea4257070b9a37576ae8879821222a1d0b5fb339fbe78c34	fc3b797e17ecce9788e3b62e17ae1336130f2f3314e181c7374b1df94bb6e1d1	https://files.rcsb.org/download/8Y4X.cif.gz	https://www.rcsb.org/fasta/entry/8Y4X/download	2026-10-06T15:57:43+00:00	1
8YVJ	processed	1.0		Crystal structure of the C. difficile toxin A CROPs domain fragment 2592-2710 bound to H5.2 nanobody	X-RAY DIFFRACTION	1.65	2024-03-28	2024-12-18	71dd9be0c0de74dbd60db86374d8b43fabd56358f77487c81a108dfe1557ba49	8ec28014fb0138d7b81f39e6d9e26e19008cd594d6c5cceaa61852b2e3798323	https://files.rcsb.org/download/8YVJ.cif.gz	https://www.rcsb.org/fasta/entry/8YVJ/download	2026-10-06T15:57:43+00:00	1
8XRQ	processed	1.0		SARS-CoV-2 BA.1 spike RBD in complex bound with VacBB-639	ELECTRON MICROSCOPY	4.19	2024-01-08	2024-12-18	73dfecabc92e99ee5fe17719fcce2fc5c8e0de2d3522feeb5eb4a4857011ed0a	6e86334f40cdee4b6bb8f724f3e68186d9358a84a2e33e568b92afdd1776728a	https://files.rcsb.org/download/8XRQ.cif.gz	https://www.rcsb.org/fasta/entry/8XRQ/download	2026-10-06T15:57:43+00:00	1
8JAP	processed	1.0		Cryo-EM structure of SARS-CoV-2 WT RBD in complex with W328-6H2 (local refinement)	ELECTRON MICROSCOPY	3.81	2023-05-06	2024-12-18	516564d0da5de12385a66892c70d9c406cb3d724a9b9129294d0c0fde10ea3fe	0e8f3c5d8c392cff187d0c8a0b29d9cf4464e3a800d444725fa85253da958858	https://files.rcsb.org/download/8JAP.cif.gz	https://www.rcsb.org/fasta/entry/8JAP/download	2026-10-06T15:57:43+00:00	1
8JAG	processed	1.0		Cryo-EM structure of SARS-CoV-1 RBD in complex with W328-6H2 (local refinement)	ELECTRON MICROSCOPY	3.55	2023-05-06	2024-12-18	1fdb2e04193bf108b2bd5e2b0325720e815a83bd3e8eb4961cfc954640405a2b	50bc8dc619b9b023258deb792aef570fad30148b21cf273b5e07c14bb8001c22	https://files.rcsb.org/download/8JAG.cif.gz	https://www.rcsb.org/fasta/entry/8JAG/download	2026-10-06T15:57:43+00:00	1
8YVO	processed	2.0		Crystal structure of the C. difficile toxin A CROPs domain fragment 2639-2707 bound to C4.2 nanobody	X-RAY DIFFRACTION	2.1	2024-03-28	2024-12-18	8653717e46f8c300b826a69fc441832439b4c0e08d40fcec6620124741ffc969	560c73f570e8c43dca3273bf4b60eb8e5db13ef80da24fcc91246113529c5801	https://files.rcsb.org/download/8YVO.cif.gz	https://www.rcsb.org/fasta/entry/8YVO/download	2026-10-06T15:57:43+00:00	2
8JQM	processed	2.0		CryoEM structure of sNS1 complexed with Fab 4F10	ELECTRON MICROSCOPY	2.8	2023-06-14	2024-12-18	6ef8bad0255f4ad23ebca48aa9c580c8769a35b666c09d48d5b03d3e571852fe	421db112d051feef75eeae5b1ca11baf8b0ebeda7a6e4812595adf49e30d3d18	https://files.rcsb.org/download/8JQM.cif.gz	https://www.rcsb.org/fasta/entry/8JQM/download	2026-10-06T15:57:43+00:00	2
8VC7	processed	2.0		Crystal Structure of Human BTN2A1 ectodomain in complex with Antagonist 2A1.9 Fab	X-RAY DIFFRACTION	2.76	2023-12-13	2024-12-18	223bc548b5abdd0eab188e0b64ea3d9ec09989d9f0f141675db827343589b987	36739a9b2ee57575ac34ada98391b7a0066a1235291d4f440f1100980a2e04cb	https://files.rcsb.org/download/8VC7.cif.gz	https://www.rcsb.org/fasta/entry/8VC7/download	2026-10-06T15:57:43+00:00	2
8XTY	removed_by_strict_cleaning	1.0		Structure of human VAChT in complex with vesamicol	ELECTRON MICROSCOPY	2.7	2024-01-12	2024-12-25	5faaa645d980a37b5c9faec6b005cdb9a0601df6315ab368c2747dcf954886ff	f50d710667165aa48859fa9943ecf86c89cac4a0241c616af6ee760d0ee75872	https://files.rcsb.org/download/8XTY.cif.gz	https://www.rcsb.org/fasta/entry/8XTY/download	2026-10-06T15:57:43+00:00	0
8XTX	removed_by_strict_cleaning	1.0		Structure of human VAChT in an apo conformation	ELECTRON MICROSCOPY	3.4	2024-01-12	2024-12-25	c849a09e4821cc3cb323e1c9c1fa24cfc9b5527bff863d60f0545ad4ad7b49e3	7da81692ea44aab5d775035ec022847786f29330bbaf1aa2f9d71fda2e7d18fb	https://files.rcsb.org/download/8XTX.cif.gz	https://www.rcsb.org/fasta/entry/8XTX/download	2026-10-06T15:57:43+00:00	0
8XTW	removed_by_strict_cleaning	1.0		Structure of human VAChT in complex with acetylcholine	ELECTRON MICROSCOPY	3.3	2024-01-12	2024-12-25	443949c3f167b84c31fab8770c11972c76d5e0b778440ab805a5a27a07e04786	e75ae3d9386f4a1e10757ef5e328a975b0a9f9522c04f03518ed7ba63c4f08fc	https://files.rcsb.org/download/8XTW.cif.gz	https://www.rcsb.org/fasta/entry/8XTW/download	2026-10-06T15:57:44+00:00	0
8YBM	processed	2.0		Crystal structure of nanobody SEB-Nb6 bound to staphylococcal enterotoxin B (SEB)	X-RAY DIFFRACTION	2.04	2024-02-15	2024-12-25	255a6dce317c7c679ef7d1ddc7fa45c3622b628af6efaa886bb360061bf5d83c	903348f2402626cca816df7c7fb0a681869a12ec8bf5b43261989a71e57a9f38	https://files.rcsb.org/download/8YBM.cif.gz	https://www.rcsb.org/fasta/entry/8YBM/download	2026-10-06T15:57:44+00:00	2
8YBN	processed	1.0		Crystal structure of nanobody SEB-Nb8 bound to staphylococcal enterotoxin B (SEB)	X-RAY DIFFRACTION	2.18	2024-02-15	2024-12-25	fe477c41a300da64793109068695f26b22924ce152bd4e3781243c280da61800	2f7be12385939cf7c90a1bbe12ec2b25fa741fb082e757e808e7bd1ebec5f12c	https://files.rcsb.org/download/8YBN.cif.gz	https://www.rcsb.org/fasta/entry/8YBN/download	2026-10-06T15:57:44+00:00	1
8YBO	processed	2.0		Crystal structure of nanobody SEB-Nb11 bound to staphylococcal enterotoxin B (SEB)	X-RAY DIFFRACTION	1.59	2024-02-15	2024-12-25	16efe04fd8e292b882b470511f27d7b72ece5bfb89e69867a34a9eddfe6dc1b9	51730ff3657e220c3630b4ab164827273dd4d39ffc73a0b951ab10c3b4430392	https://files.rcsb.org/download/8YBO.cif.gz	https://www.rcsb.org/fasta/entry/8YBO/download	2026-10-06T15:57:44+00:00	2
8YBP	processed	1.0		Crystal structure of nanobody SEB-Nb20 bound to staphylococcal enterotoxin B (SEB)	X-RAY DIFFRACTION	2.08	2024-02-15	2024-12-25	157c1c0a7439bb7b4d281403671484856378258217b1a7c2261dffa4fe43d76e	1f178ab3d51089d1962b619fd9822b9f264c101fdbb848ab62b463b69956887e	https://files.rcsb.org/download/8YBP.cif.gz	https://www.rcsb.org/fasta/entry/8YBP/download	2026-10-06T15:57:44+00:00	1
8YBL	processed	1.0		Crystal structure of nanobody SEB-Nb3 bound to staphylococcal enterotoxin B (SEB)	X-RAY DIFFRACTION	2.33	2024-02-15	2024-12-25	610af025ae8b33ffecc38656937801bf3ac888541fc1d1e62b71a478cad424d7	d59fa350f05ace9c0a58593382bf27beca89c96b2af24e01d832e4d62508237d	https://files.rcsb.org/download/8YBL.cif.gz	https://www.rcsb.org/fasta/entry/8YBL/download	2026-10-06T15:57:44+00:00	1
9CN2	processed	1.0		Human astrovirus 2 spike bound to neutralizing scFv 4B6	X-RAY DIFFRACTION	2.67	2024-07-15	2024-12-25	39c0b71f30acc921d31341a4e20b04b46097f0a4ef89b0be8932c7b262922f55	2ce81f77a682a4f8c4ac950234111e5305a17b54db24ee3247b18cb0ba3303fe	https://files.rcsb.org/download/9CN2.cif.gz	https://www.rcsb.org/fasta/entry/9CN2/download	2026-10-06T15:57:44+00:00	1
9D1W	processed	1.0		Cryo-EM structure of PGDM1400 Fab bound to HIV-1 BG505 DS-SOSIP.664 Env trimer	ELECTRON MICROSCOPY	3.44	2024-08-08	2024-12-25	f3c27313a57bd7aefe6a799b6f471509e03bfa0ce616e02f7a183db688cb752b	4896b9e7793c5c2d5401bd6522236ab7223cf8f3d558d4c749f07492a1aa99d1	https://files.rcsb.org/download/9D1W.cif.gz	https://www.rcsb.org/fasta/entry/9D1W/download	2026-10-06T15:57:44+00:00	1
9ERU	processed	4.0		Mouse CNPase catalytic domain with nanobody 7E	X-RAY DIFFRACTION	2.50	2024-03-25	2024-12-25	42df214d4bba73ecba5eabffe1077b7400d24c51bc3ee56b6551459f19f8b80a	b6110c7e6eabc54734f956eeb8ee35d3899200e73a782a4c4c6eb6a8c0e8a943	https://files.rcsb.org/download/9ERU.cif.gz	https://www.rcsb.org/fasta/entry/9ERU/download	2026-10-06T15:57:45+00:00	4
9C7F	processed	4.0		Human monoclonal antibody MAD24-01 bound to the N-terminus of cleaved circumsporozoite protein	X-RAY DIFFRACTION	1.82	2024-06-10	2024-12-25	bf0211acb932cb00176ea312d7c6803ca901276c5b6774edede21de0dbadf783	59919d95c45ac11c1e238db39f6f904e62d2dee4ec4a8fd590e1d0b0945c38be	https://files.rcsb.org/download/9C7F.cif.gz	https://www.rcsb.org/fasta/entry/9C7F/download	2026-10-06T15:57:45+00:00	4
8T7R	processed	12.0		Crystal structure of human leukocyte antigen A*0101 in complex with the Fab of alloreactive antibody E07	X-RAY DIFFRACTION	3.84	2023-06-21	2024-12-25	517c4750bf78aac5a196b952962c8c587c91c7eaca63cb00e4508c5ce387af6a	7423734aef076fa7ff4fa89d420dc52d5dd5c0fd2fd66077b45950a571b4552a	https://files.rcsb.org/download/8T7R.cif.gz	https://www.rcsb.org/fasta/entry/8T7R/download	2026-10-06T15:57:45+00:00	12
9C79	processed	1.0		Human monoclonal antibody MAD21-101 bound to the N-terminus of cleaved circumsporozoite protein	X-RAY DIFFRACTION	1.46	2024-06-10	2024-12-25	cc2dfca9a0a04d0fc35f87bd55a31e839cbee077bcb9bf3d06f614a983c3a973	218fa09f7018bbc1953100bab1897229816a29d85438ff957cfed2b1535fe67c	https://files.rcsb.org/download/9C79.cif.gz	https://www.rcsb.org/fasta/entry/9C79/download	2026-10-06T15:57:46+00:00	1
8QGX	processed	1.0		Complex between human neutrophil elastase with nanobody NbE201	X-RAY DIFFRACTION	2.30	2023-09-06	2024-12-25	3f172dc72aa6958fdfe2017387cab2856ee9ce03c63883b3c7fd0efc9cd1f5d0	7dc1d8fafc6021b7406f818b200d913763ee742e113c8a9560c0e59f4a8fe487	https://files.rcsb.org/download/8QGX.cif.gz	https://www.rcsb.org/fasta/entry/8QGX/download	2026-10-06T15:57:45+00:00	1
9C7D	processed	1.0		Human monoclonal antibody MAD22-38 bound to the N-terminus of cleaved circumsporozoite protein	X-RAY DIFFRACTION	1.99	2024-06-10	2024-12-25	b179b89c5e9afb243dc1d7ce5b648a0edca6c921c01f0908d4509cb611112acb	190998a197a4c8996a248887d6cb22e0bf3c3d250fee380300c8b6bb64ce17e3	https://files.rcsb.org/download/9C7D.cif.gz	https://www.rcsb.org/fasta/entry/9C7D/download	2026-10-06T15:57:45+00:00	1
8QGZ	processed	4.0		NbE201 a nanobody binding human neutrophil elastase	X-RAY DIFFRACTION	1.800	2023-09-06	2024-12-25	805760772f1b542aead2a68bd6f1629e025fa8ae338a8b4332d8fdd238395e91	21bda418e3f4d23ef51110b3df9068af7187044932e1cf04d50eb1081be3b8d2	https://files.rcsb.org/download/8QGZ.cif.gz	https://www.rcsb.org/fasta/entry/8QGZ/download	2026-10-06T15:57:45+00:00	4
9H76	processed	1.0		Bacterial LAT transporter BASC in complex with L-Ala and NB53	ELECTRON MICROSCOPY	2.9	2024-10-26	2025-01-01	2f6ba395ae692d116845bb079f6397c39b1632785549af1934a7577121ce2abe	a61bb5d5ade1737063734f77a2174e188331afd061eba66ae277993bd8ac3976	https://files.rcsb.org/download/9H76.cif.gz	https://www.rcsb.org/fasta/entry/9H76/download	2026-10-06T15:57:45+00:00	1
9BNS	processed	2.0		Rhesus macaque ITS114.01 Fab in complex with SIV MPER peptide	X-RAY DIFFRACTION	3.00	2024-05-03	2025-01-15	05929b7485f1d6b0419d65c2516121ed9b9296851fab41ae58d807881f03305e	53a72dfa37c30d14677fe729580c7e5563cbea32b230ee5c5bf40d45d47407ac	https://files.rcsb.org/download/9BNS.cif.gz	https://www.rcsb.org/fasta/entry/9BNS/download	2026-10-06T15:57:45+00:00	2
8XS2	processed	1.0		Crystal structure of Fab fragment of anti-osteocalcin C-terminal peptide antibody KTM219 with addition of fluorophore TAMRA	X-RAY DIFFRACTION	2.14	2024-01-08	2025-01-15	c0f9215d3b475c355848711eaefbdb8f9ff5a9fa73f3a80a29726ca33134d40e	89af0fcf1785efc746f48e1a57e2983b03a44887c374df0285b922356d2d21af	https://files.rcsb.org/download/8XS2.cif.gz	https://www.rcsb.org/fasta/entry/8XS2/download	2026-10-06T15:57:46+00:00	1
9BLX	processed	2.0		Rhesus macaque ITS111.01 Fab in complex with SIV MPER peptide	X-RAY DIFFRACTION	1.96	2024-05-02	2025-01-15	93491ccf70d9526bf0f22c6bd729f4e244e1e9abbc8a69fba0d1179886bcebb1	308f12b528dc4b4ace5f7d04aac069e01869af0cb0125d26c47b2774c56a66a1	https://files.rcsb.org/download/9BLX.cif.gz	https://www.rcsb.org/fasta/entry/9BLX/download	2026-10-06T15:57:46+00:00	2
9BP1	processed	2.0		Rhesus macaque ITS110.01 Fab in complex with SIV Env MPER peptide	X-RAY DIFFRACTION	3.58	2024-05-06	2025-01-15	7ba585ad1e851791af66169b917a11342bdea1a4c594a4c503a16f537dd856c5	4971a7cbf8b8bcc5a8bd5dfe88218eadf352971f073f130cd67c29a211b137ae	https://files.rcsb.org/download/9BP1.cif.gz	https://www.rcsb.org/fasta/entry/9BP1/download	2026-10-06T15:57:46+00:00	2
9CQL	processed	2.0		Dimeric 9C2 gamma delta TCR bound by Fab 3	ELECTRON MICROSCOPY	3.46	2024-07-19	2025-01-15	ee657c58a5de6c5482f79efa5a37ef41fa7b6c083a056936030c300fe3b527d5	c0fe4122638aae225f821e8464f6459e1e4a10118c1b4e153e9dba4f1ff3f018	https://files.rcsb.org/download/9CQL.cif.gz	https://www.rcsb.org/fasta/entry/9CQL/download	2026-10-06T15:57:46+00:00	2
8XS1	processed	1.0		Crystal structure of Fab fragment of anti-osteocalcin antibody KTM219 complexed with C-terminal peptide antigen	X-RAY DIFFRACTION	2.30	2024-01-08	2025-01-15	cb9058eedceeef936f0d747e8dc25f04ec315aea26428e319540662d95c51b6c	aaee98b1cfe2b447c726cc892344e5b2fad618c6bcf6ab94a88233a6bb4e6a15	https://files.rcsb.org/download/8XS1.cif.gz	https://www.rcsb.org/fasta/entry/8XS1/download	2026-10-06T15:57:46+00:00	1
9CQ8	processed	2.0		Dimeric 9C2 gamma delta TCR extracellular domain bound by Fab 2	ELECTRON MICROSCOPY	3.45	2024-07-19	2025-01-15	f02934a555e3401dadd61b0468ca2223644a57f9b1adaadf5d736d4a02d3d71b	95edfb16e8c839e2a6822c10905e66ee78847264ac6e3a6b97bf5c0ad4ed6acb	https://files.rcsb.org/download/9CQ8.cif.gz	https://www.rcsb.org/fasta/entry/9CQ8/download	2026-10-06T15:57:46+00:00	2
9HK1	processed	2.0		PD1 signaling receptor bound to FAB Complex	X-RAY DIFFRACTION	2.03	2024-12-02	2025-01-15	8dcba69b97bb3401e36bf7b5e05fab963e1ce5046615672fe3215b5613dd64db	4ccf01fb5194001ab99ed47c4e7569b48e725290c36d5ef172e6a9dc54a234c6	https://files.rcsb.org/download/9HK1.cif.gz	https://www.rcsb.org/fasta/entry/9HK1/download	2026-10-06T15:57:46+00:00	2
9CQ7	processed	1.0		G115 TCR extracellular domain bound to Fab 1	ELECTRON MICROSCOPY	3.21	2024-07-19	2025-01-15	511cc212582a8180cef5924f7ec8c15490ac41b103ce27b2e94cfa8a05a85ddd	7c38d05e5c961530debfd7894b8ddadf2e16d7488648d7598ab1c6be40669e22	https://files.rcsb.org/download/9CQ7.cif.gz	https://www.rcsb.org/fasta/entry/9CQ7/download	2026-10-06T15:57:47+00:00	1
9J7Y	processed	1.0		the complex structure of MPXV M1R and nanobody M1R-01	X-RAY DIFFRACTION	2.59	2024-08-20	2025-01-15	3d61e58b0c1e689d5a5342ca9abd512c796f591d977f0000646a630c70dd74e1	d9f576cdac2e326b2ee47ffc4d00ae57574b1ae3372001c12efca553fe3fc08b	https://files.rcsb.org/download/9J7Y.cif.gz	https://www.rcsb.org/fasta/entry/9J7Y/download	2026-10-06T15:57:46+00:00	1
9IND	processed	1.0		Integrin alpha-v beta-8 in complex with the Fab of 130H2	ELECTRON MICROSCOPY	2.88	2024-07-06	2025-01-22	b685139c910f1f7750b8b781f1f4988ac84282c0d4733ba3fc091979e3f0c2f0	8e2213285a3fb793c22df20e81f70652e41591d8399617ed1247b4e0fef4da64	https://files.rcsb.org/download/9IND.cif.gz	https://www.rcsb.org/fasta/entry/9IND/download	2026-10-06T15:57:47+00:00	1
8Z74	processed	2.0		Cryo-EM structure of APJR complex with agonistic antibody	ELECTRON MICROSCOPY	3.01	2024-04-19	2025-01-22	377b4f530e2a31556aecfa06a7a11fcafa271f11030ba5d1cb94a617fb3b0656	6f51c4d75c8016e5c317cd259a57e0fb26f4ceef891f92322a8c90adf5bdaf10	https://files.rcsb.org/download/8Z74.cif.gz	https://www.rcsb.org/fasta/entry/8Z74/download	2026-10-06T15:57:47+00:00	2
9G95	processed	1.0		Lipid III flippase WzxE with NB10 nanobody in outward-facing conformation at 2.7552 A	X-RAY DIFFRACTION	2.80	2024-07-24	2025-01-22	854463cfda2e507d616ac389b9f34026e89ece3366362214002a4830c8000668	c4b6cce381f9942961bd89aaaba12ccb1f29a4fb5832dc82032f4c218c4cd612	https://files.rcsb.org/download/9G95.cif.gz	https://www.rcsb.org/fasta/entry/9G95/download	2026-10-06T15:57:47+00:00	1
8VQF	processed	1.0		X-ray crystal structure of natural Can f 1 in complex with human IgE 1J11 Fab	X-RAY DIFFRACTION	3.109	2024-01-18	2025-01-22	7c18181c6b3374b630a293d02971c0c1715fea176ba35ef538fe7a5621597011	ae6bc18e615f86e538d87cb51fb015a5f6aa0f5861d4839dc0f701eba6186959	https://files.rcsb.org/download/8VQF.cif.gz	https://www.rcsb.org/fasta/entry/8VQF/download	2026-10-06T15:57:47+00:00	1
9JS4	processed	1.0		Cryo-EM structure of neutralizing antibody 8G3 in complex with BA.1 RBD	ELECTRON MICROSCOPY	3.80	2024-09-30	2025-01-22	60109f0bc74733067637628a82c97affe55c63bf1a3d991cd65cd74a9490e09f	552a81aa770321a667c801303a15bc143c9402ea2ff86f255111787f015a6404	https://files.rcsb.org/download/9JS4.cif.gz	https://www.rcsb.org/fasta/entry/9JS4/download	2026-10-06T15:57:47+00:00	1
8XQJ	processed	2.0		Cryo-EM structure of human dimeric APJR complex with antagonistic antibody	ELECTRON MICROSCOPY	2.95	2024-01-05	2025-01-22	7f1e389c8fb768a87f6523689b4c27e585773232a29bfdf8c6c3537f1a968066	259a208e84d2579416f7442feece61857fce15faf83d58001a49a8b981e6a4eb	https://files.rcsb.org/download/8XQJ.cif.gz	https://www.rcsb.org/fasta/entry/8XQJ/download	2026-10-06T15:57:47+00:00	2
9G97	processed	1.0		Lipid III flippase WzxE with NB10 nanobody in outward-facing conformation at 0.9688 A	X-RAY DIFFRACTION	2.31	2024-07-24	2025-01-22	fd5b9005e28e4c035e0bcb6cef4345d984272de9e60407e534ecdc6eef376482	1a9edf272c41ea3baa6e03d33a71722503cbe532f1ebed3e1aa63d0d081e000c	https://files.rcsb.org/download/9G97.cif.gz	https://www.rcsb.org/fasta/entry/9G97/download	2026-10-06T15:57:47+00:00	1
9EXA	processed	2.0		SARS-CoV-2 M protein dimer (short form) in complex with Fab-B and CIM-834	ELECTRON MICROSCOPY	3.2	2024-04-05	2025-01-22	9ce880b1cfe0e7a08ed049c0a947b2b49e283bbae0c0f1333388b32a845d0a01	cd55f684445bd2856194270e7da06b6e0217dc2b0febee63bf77ccbd0817dbca	https://files.rcsb.org/download/9EXA.cif.gz	https://www.rcsb.org/fasta/entry/9EXA/download	2026-10-06T15:57:48+00:00	2
9BHM	processed	1.0		Human proton sensing receptor GPR68 in complex with miniGs	ELECTRON MICROSCOPY	2.9	2024-04-21	2025-01-22	a9b8ca3c9f42ca855b947bfc7aae43a854516ba4d4c9f05f73b50e2d534fb594	273a0d9d24f7826a1025083a0dc6bf13e073255336a64acdba23a4e33c6b0bb1	https://files.rcsb.org/download/9BHM.cif.gz	https://www.rcsb.org/fasta/entry/9BHM/download	2026-10-06T15:57:48+00:00	1
9BHL	processed	1.0		Human proton sensing receptor GPR65 in complex with miniGs	ELECTRON MICROSCOPY	2.8	2024-04-21	2025-01-22	cbccc9b579afcc088ac32fcf2c7934e2451d4ce5ff125666ed7927907a0a9213	4e4bf86e6da86658cdce277c93a6a6321356746100781d2719362f7a292ad299	https://files.rcsb.org/download/9BHL.cif.gz	https://www.rcsb.org/fasta/entry/9BHL/download	2026-10-06T15:57:48+00:00	1
9E7W	processed	1.0		Canine parvovirus subtype 2a empty capsid in complex with Fab fragments of Mab 3G6	ELECTRON MICROSCOPY	3.7	2024-11-04	2025-01-29	029b8d02caf432cb70394203f833832f58a9f564a5045cafa65c7cdf7e54a79b	d389324e1ca343e3be60729142ccfb8da8d8585d7db46ae557bb93d433a73e4c	https://files.rcsb.org/download/9E7W.cif.gz	https://www.rcsb.org/fasta/entry/9E7W/download	2026-10-06T15:57:48+00:00	1
9BAO	processed	2.0		The Anti-Mullerian Hormone prodomain in complex with the growth factor and 6E11 Fab in C2 symmetry	ELECTRON MICROSCOPY	3.20	2024-04-04	2025-01-29	c029dd055b0c1ff79f0cc8ef9f1e28cc7323573713cb612a16120e681557ad7b	28e8e12028ffcf84c807a45ba477d595b810e95211d0b5c267e9b7b168b61c14	https://files.rcsb.org/download/9BAO.cif.gz	https://www.rcsb.org/fasta/entry/9BAO/download	2026-10-06T15:57:48+00:00	2
9KT3	processed	3.0		Structure of EG.5.1 S trimer with 2 down-RBDs complex with antibody CYFN1006-2.	ELECTRON MICROSCOPY	3.63	2024-12-01	2025-01-29	a7f7a5f001acef67c9f8f5032ebcee2a1f7c748a15f40e39154c7d3c92315a60	d85148cd86d18e25c511e25efe6b88135321c1baf5dafde74b4f594aeae59535	https://files.rcsb.org/download/9KT3.cif.gz	https://www.rcsb.org/fasta/entry/9KT3/download	2026-10-06T15:57:48+00:00	3
8V13	processed	2.0		Crystal structure of Black mamba toxin in complex with Centi-SNX-B03 antibody	X-RAY DIFFRACTION	1.80	2023-11-19	2025-01-29	c47f15f0858a448ea0241ea88ea39099a079c9b6111b4aa6231a95c0d79b639a	6f2c38e570b9d67c202369ad4a239d9445611c2e09f35629f4e84e67c400dd4d	https://files.rcsb.org/download/8V13.cif.gz	https://www.rcsb.org/fasta/entry/8V13/download	2026-10-06T15:57:48+00:00	2
9E7X	processed	1.0		Canine parvovirus subtype 2a empty capsid in complex with Fab fragments of Mab 2C5	ELECTRON MICROSCOPY	3.2	2024-11-04	2025-01-29	09cf25d39efb1bc227f900ea83c73c6b8171a554e2ec4145c2c4c53fb20819f9	fc3a4eb11e6a26548579c8c655290bee9f94a14214b643a1ace437f6c3173b48	https://files.rcsb.org/download/9E7X.cif.gz	https://www.rcsb.org/fasta/entry/9E7X/download	2026-10-06T15:57:49+00:00	1
9BAN	processed	2.0		The Anti-Mullerian Hormone prodomain in complex with the growth factor and 6E11 Fab in C1 symmetry	ELECTRON MICROSCOPY	3.39	2024-04-04	2025-01-29	c2b8127b6e2ff1bfd8b3de2c686b8c60da43165caeb8c94c1ed14968d06d7762	4ec2f5bfa985e42774c94373b126297a43b41efdf27215abb3123333bbed7115	https://files.rcsb.org/download/9BAN.cif.gz	https://www.rcsb.org/fasta/entry/9BAN/download	2026-10-06T15:57:49+00:00	2
9E60	processed	1.0		Canine parvovirus subtype 2a empty capsid in complex with Fab fragments of Mab 7C8	ELECTRON MICROSCOPY	2.65	2024-10-28	2025-01-29	37c9a9a07a97fdc0689ad47a8a4933adb8a81514c4459ec1290288ba9716759b	ce8927e2d4f1fa92318e7c12c3ab7154e730986bbd278140c8ebfef93faf9320	https://files.rcsb.org/download/9E60.cif.gz	https://www.rcsb.org/fasta/entry/9E60/download	2026-10-06T15:57:49+00:00	1
8Y3H	processed	3.0		Cryo-EM structure of dengue virus serotype 2 strain D2Y98P-PP1 N153Q mutant in complex with human antibody 2D22 Fab at 37 deg C	ELECTRON MICROSCOPY	2.8	2024-01-29	2025-01-29	8ed9c4a4f51e49c1daa816a3c8f961a311f3f807478bcd6126fb1f5ee4701682	c71cd66798bb21d1a3ee1824c80e3424b9ed3bf4301fc1d53cacedc0b6841942	https://files.rcsb.org/download/8Y3H.cif.gz	https://www.rcsb.org/fasta/entry/8Y3H/download	2026-10-06T15:57:49+00:00	3
9E89	processed	1.0		CPV2a capsid complexed with scFv2	ELECTRON MICROSCOPY	3.5	2024-11-05	2025-01-29	53237bf0d85ece71e54e750323aa1720d34e6f52dbab506b2ea498d0650a170c	a23a0afe99ed55fbba1ad9461963af11273e6e16f9a560b33a2a1e7504dd3d26	https://files.rcsb.org/download/9E89.cif.gz	https://www.rcsb.org/fasta/entry/9E89/download	2026-10-06T15:57:49+00:00	1
8Y3K	processed	3.0		Cryo-EM structure of dengue virus serotype 2 strain D2Y98P-PP1 in complex with human antibody 2D22 Fab at 37 deg C	ELECTRON MICROSCOPY	2.8	2024-01-29	2025-01-29	c4efb1297d54be0ac24fbaac37b551a74920c41224b97d6212ae6368f4786bbc	3d1b9ec80f307d6dae04620bb224e1750d41587ac536bdc3b9ce9b65b15de7bc	https://files.rcsb.org/download/8Y3K.cif.gz	https://www.rcsb.org/fasta/entry/8Y3K/download	2026-10-06T15:57:49+00:00	3
8Z6R	processed	3.0		Structure of XBB.1.16 S trimer with 3 down-RBDs complex with antibody CYFN1006-1.	ELECTRON MICROSCOPY	2.87	2024-04-19	2025-01-29	9e8aff320c042f2f2fbfe47cb51c772542be342f30eb66e250fa3d15f7dd79f7	a06a515213dfe24700e2a3e4d61f866f8fbf664de95bd7d294578fb1b3fbfd29	https://files.rcsb.org/download/8Z6R.cif.gz	https://www.rcsb.org/fasta/entry/8Z6R/download	2026-10-06T15:57:49+00:00	3
9E8D	processed	1.0		CPV2a capsid complexed with scFv1	ELECTRON MICROSCOPY	4.1	2024-11-05	2025-01-29	260b6216deef813b852344157942519143bf12c4c5d80d531cccecf764764bcb	ee257c7aecbe6965fe552e55da810c0c453a836167381e3d1d8fa4ebf29d891d	https://files.rcsb.org/download/9E8D.cif.gz	https://www.rcsb.org/fasta/entry/9E8D/download	2026-10-06T15:57:50+00:00	1
8Z6X	processed	1.0		Structure of EG.5.1 RBD in complex with antibody CYFN1006-2.	ELECTRON MICROSCOPY	2.96	2024-04-19	2025-01-29	3e43fa0d55fe554b31c787ab7b5f131c05d2f68fb88dbcc7cc012a7bcf61a874	4c23bb8b0f305f475f7c130c25bcc2e0093acb64704335829274084331837148	https://files.rcsb.org/download/8Z6X.cif.gz	https://www.rcsb.org/fasta/entry/8Z6X/download	2026-10-06T15:57:49+00:00	1
8W2E	removed_by_strict_cleaning	2.0		SARS-CoV-2 M protein dimer in complex with JNJ-9676 and Fab-B	ELECTRON MICROSCOPY	3.06	2024-02-20	2025-01-29	6d8edbe50d63840ac15705d0d313d0c7f527b434684548201b34933f1c520456	bb9394065679076396ce39ad108bff6f4dbb2b540255888b9fa7c39d2c13813a	https://files.rcsb.org/download/8W2E.cif.gz	https://www.rcsb.org/fasta/entry/8W2E/download	2026-10-06T15:57:50+00:00	0
8Z6T	processed	1.0		Structure of XBB.1.16 RBD in complex with antibody CYFN1006-1.	ELECTRON MICROSCOPY	2.92	2024-04-19	2025-01-29	1c5b241a4380b55c7bf91efdc9576de1fa994f00303b0fe035b6b648f7852b2f	d013669b8d9e424132da7e1e879c1a496305131808f1538d997bbbb9c1a3db55	https://files.rcsb.org/download/8Z6T.cif.gz	https://www.rcsb.org/fasta/entry/8Z6T/download	2026-10-06T15:57:50+00:00	1
9DQ5	processed	3.0		Crystal structure of Anti-CTLA-4 Fab (9D9) in complex with mouse CTLA-4	X-RAY DIFFRACTION	3.10	2024-09-23	2025-02-05	b999492cb425dd84e2c726ea11a7598bcce4899698ad0ad80c9e33d7dfff0606	a3b405ebefa470284d06748c835699eadc86dfae5d24f7a4544fb386fe5386e3	https://files.rcsb.org/download/9DQ5.cif.gz	https://www.rcsb.org/fasta/entry/9DQ5/download	2026-10-06T15:57:50+00:00	3
9AWE	processed	1.0		The crystal structure of an engineered Protein GF with Human Kappa Fab	X-RAY DIFFRACTION	2.80	2024-03-05	2025-02-05	21952be0f7677333232193a9361c322b2800b0327264a13bb78f3c393bdb8f92	f364301d8cee3adee0689b5a682b4d2be7dcdd7a00fbf1f6ae9090bc6c4a4d34	https://files.rcsb.org/download/9AWE.cif.gz	https://www.rcsb.org/fasta/entry/9AWE/download	2026-10-06T15:57:50+00:00	1
9DQ3	processed	1.0		Crystal structure of engineered Ipilimumab (mipi.4) Fab in complex with human CTLA-4	X-RAY DIFFRACTION	1.64	2024-09-23	2025-02-05	47a072789314dc5c409825c4cb5aef441e4347b26c7e6aec5adef279ef29a96b	b089c878f81290b7289db9bce0678823268e0f9749cc57289c758e2cdc44580c	https://files.rcsb.org/download/9DQ3.cif.gz	https://www.rcsb.org/fasta/entry/9DQ3/download	2026-10-06T15:57:50+00:00	1
9AVO	processed	1.0		The crystal structure of an engineered Protein GD with Human Kappa Fab	X-RAY DIFFRACTION	3.00	2024-03-04	2025-02-05	0c84aa35abdcb7a88c4c22213adc3a62db3949fe5fa44b6efd1ed41feade98d6	2b0d8f2d46f855d9c4193f3e1a3bd0aef5f1a79a80e3bfd1cb20fb8fbe04172f	https://files.rcsb.org/download/9AVO.cif.gz	https://www.rcsb.org/fasta/entry/9AVO/download	2026-10-06T15:57:50+00:00	1
8TQ5	processed	1.0		Crystal structure of Fab DX17 in complex with MHC-I (HLA-B*44:05)	X-RAY DIFFRACTION	2.30	2023-08-06	2025-02-05	2e85e9cc31acd78567e29053d25ed0febf3381debbc2b33053ec64beef0112cc	c2cc8a310ef4fcfbd77a30557ee3109fbe28f6ad82a7f4eff3333555b4b775fe	https://files.rcsb.org/download/8TQ5.cif.gz	https://www.rcsb.org/fasta/entry/8TQ5/download	2026-10-06T15:57:50+00:00	1
9B9K	processed	1.0		Integrin alpha-5 beta-1 in complex with MINT1526A Fab	ELECTRON MICROSCOPY	2.7	2024-04-02	2025-02-05	9b54ed2b3201dd8c2ca67f7c0e4bd53d231329c9cc1986986f4fdd3c6fe76f54	870d875f7f55a94fb6e51381a4d107f4b0a58e25750f209c03e75a6c16c602a3	https://files.rcsb.org/download/9B9K.cif.gz	https://www.rcsb.org/fasta/entry/9B9K/download	2026-10-06T15:57:50+00:00	1
9MJ4	processed	1.0		Yeast V-ATPase Vo proton channel bound to nanobody 2WVA149	ELECTRON MICROSCOPY	3.70	2024-12-13	2025-02-05	201e17386811112febd07401aa93b17241d04e869ac2c0c1acc9218255aeefb4	8acd71a5d0ff710e1d733c4690f10165c2b969084902b28375506d7bbf8eb13b	https://files.rcsb.org/download/9MJ4.cif.gz	https://www.rcsb.org/fasta/entry/9MJ4/download	2026-10-06T15:57:51+00:00	1
9E76	processed	4.0		Yeast V-ATPase Vo proton channel bound to nanobody 1WVA25	ELECTRON MICROSCOPY	3.4	2024-10-31	2025-02-05	7796ba7dcbe4f2628cd82f0e2cf50c0ea0358e967cac10d37aafde8d88037e9d	4968f25664dae9cdb4a06ccf61182bc29455ae7d7a254157219c769cad9612e4	https://files.rcsb.org/download/9E76.cif.gz	https://www.rcsb.org/fasta/entry/9E76/download	2026-10-06T15:57:51+00:00	4
8TQ4	processed	2.0		Crystal structure of Fab M142 in complex with MHC-I (H2-Dd)	X-RAY DIFFRACTION	3.59	2023-08-06	2025-02-05	b8c8ddea06492c9b6219356acd1cf45d38b03920e79b89a36c246304f985e049	76e8d745f39992208f09006712dd64771b51cf9657c89be23f9db12988e25387	https://files.rcsb.org/download/8TQ4.cif.gz	https://www.rcsb.org/fasta/entry/8TQ4/download	2026-10-06T15:57:51+00:00	2
9E7L	processed	8.0		Yeast V-ATPase Vo proton channel bound to nanobody 2WVA7	ELECTRON MICROSCOPY	3.33	2024-11-02	2025-02-05	0e1f38549bf9b340cc7ab0bd8244e1339deecbeaf45f6ee5a733a14061556cd9	bb323faa710d09b91d95d4358e9b6f932506bf81c42b559ce4f9ed25d0ef7d8f	https://files.rcsb.org/download/9E7L.cif.gz	https://www.rcsb.org/fasta/entry/9E7L/download	2026-10-06T15:57:51+00:00	8
9DQ4	processed	1.0		Crystal structure of engineered Ipilimumab (mipi.4) Fab in complex with mouse CTLA-4	X-RAY DIFFRACTION	1.57	2024-09-23	2025-02-05	4d0c3529c85c792f061e6366e6e4d42bdf8b093ecd69d31b01051f470246cc23	0ccc52c0e471b43b88557cdd64bb945220f1cc06054b09b3ea48de1e03518526	https://files.rcsb.org/download/9DQ4.cif.gz	https://www.rcsb.org/fasta/entry/9DQ4/download	2026-10-06T15:57:51+00:00	1
9B9J	processed	1.0		Integrin alpha-5 beta-1 in complex with BIIG2 Fab	ELECTRON MICROSCOPY	2.6	2024-04-02	2025-02-05	e02c2a2d5bd0f769aa0cc33c2b96bab980da162bf05bb45e8e016070308b1854	ee6de42724caff53047a0eef507f94c58addf6e52c8fcf88ee315fda87e8ddf7	https://files.rcsb.org/download/9B9J.cif.gz	https://www.rcsb.org/fasta/entry/9B9J/download	2026-10-06T15:57:51+00:00	1
8YOR	processed	2.0		Complex of HARSWHEP and a-HARSWHEP Fab	X-RAY DIFFRACTION	2.300	2024-03-13	2025-02-12	a90ec3dca2aa927825e5398e60265fcb8d06e23c9521b11e350e881145ea2abf	9417e5b5072e53e4a1279e41298b7196af5f26caee3effd28b6f49b8d8751c13	https://files.rcsb.org/download/8YOR.cif.gz	https://www.rcsb.org/fasta/entry/8YOR/download	2026-10-06T15:57:51+00:00	2
8Z95	processed	2.0		Humanized anti-PEG h6.3 Fab in complex with PEG	X-RAY DIFFRACTION	2.26	2024-04-22	2025-02-12	9a0470304beaa91a14456c88040361c101f00fbed9341c102f42c7efd80296dd	da017ea4f50d2ab5fc8d33cbc3f36b5f979a4767b9da2c64c85186f2f1e24d5c	https://files.rcsb.org/download/8Z95.cif.gz	https://www.rcsb.org/fasta/entry/8Z95/download	2026-10-06T15:57:52+00:00	2
8Z6W	processed	3.0		Structure of EG.5.1 S trimer with 3 down-RBDs complex with antibody CYFN1006-2.	ELECTRON MICROSCOPY	3.04	2024-04-19	2025-02-12	6461e690b3d2ccb7152aea0396c5848245fbfd62ff4ed70f4fd2068022687102	31ab84c1e1123b488ca8e1e91a298f9e276f7e50ffc7e5bafda3b50a43ab033c	https://files.rcsb.org/download/8Z6W.cif.gz	https://www.rcsb.org/fasta/entry/8Z6W/download	2026-10-06T15:57:52+00:00	3
8Z6S	processed	3.0		Structure of XBB.1.16 S trimer with 2 down-RBDs complex with antibody CYFN1006-1.	ELECTRON MICROSCOPY	2.84	2024-04-19	2025-02-12	6d4842d8e4fb34a04dd0e8d5195693a352ed2a42474f9e7a328960059e83ee37	3a87f17e892f68c503c30c33744835533460a3398572478b3d71f3290735f637	https://files.rcsb.org/download/8Z6S.cif.gz	https://www.rcsb.org/fasta/entry/8Z6S/download	2026-10-06T15:57:52+00:00	3
9MI6	processed	1.0		Crystal structure of human FcRn in complex with nipocalimab Fab fragment	X-RAY DIFFRACTION	2.41	2024-12-12	2025-02-12	ad65b56a6324be0f3b0703e3a7cab0487d9afa83b013d9c51595371e45e8aabe	7762da2bac967fe41b305956e3bd7da067be1d17473bb13f2ab31324dadec343	https://files.rcsb.org/download/9MI6.cif.gz	https://www.rcsb.org/fasta/entry/9MI6/download	2026-10-06T15:57:52+00:00	1
8Y9U	processed	2.0		Crystal structure of nanobody MY6323 bound to human serum albumin (HSA)	X-RAY DIFFRACTION	3.10	2024-02-07	2025-02-12	505f4afe45806169042120fd2a755edb2168d7978b5a3f46f51b3494730cfd60	3e1d65bedcd66b7dd90449fd00cd4ed35fa99883aa6e703a3cb413546b03eaf0	https://files.rcsb.org/download/8Y9U.cif.gz	https://www.rcsb.org/fasta/entry/8Y9U/download	2026-10-06T15:57:52+00:00	2
9G6S	processed	1.0		Fab-IP2 in complex with rocuronium	X-RAY DIFFRACTION	2.373	2024-07-19	2025-02-12	1ce622c3cc8e9b0b8ad783bbc82875f5fc59b16c0fd0aed5c06538141fe49efa	09648f4db1f42a6f12b5e3f612416326ee51bdd90979bd935e274ffd21fb910a	https://files.rcsb.org/download/9G6S.cif.gz	https://www.rcsb.org/fasta/entry/9G6S/download	2026-10-06T15:57:52+00:00	1
9G6R	processed	1.0		Fab-IP8 in complex with rocuronium	X-RAY DIFFRACTION	1.72	2024-07-19	2025-02-12	0ec9390d306ad36e2dae62215903f58381c269d14b0548e9bd9c19ae4720469d	82a7df36defb390af06c9afb65301745c7135e2231e8728510d22064ed775dbe	https://files.rcsb.org/download/9G6R.cif.gz	https://www.rcsb.org/fasta/entry/9G6R/download	2026-10-06T15:57:52+00:00	1
9FY8	processed	2.0		L2A5 Fab in complex with STn-Thr	X-RAY DIFFRACTION	2.62	2024-07-03	2025-02-12	69364a65798c411033874707b2632d82b30db867df2330cfba2d7eecd5583a06	39b8c8a0d892c15092c0fb74c1f9df8a65b86fc9f97cadbd898132c17333b117	https://files.rcsb.org/download/9FY8.cif.gz	https://www.rcsb.org/fasta/entry/9FY8/download	2026-10-06T15:57:52+00:00	2
9FXT	processed	2.0		L2A5 Fab in complex with STn-Ser	X-RAY DIFFRACTION	2.30	2024-07-02	2025-02-12	55514d0f5f9ab4341f02c03976eb1f644186dcb9869cdda5cd013577b9bdedae	f8456da2b9b3d46ee841db9c417c998484539c2725d742611f1645d896e30506	https://files.rcsb.org/download/9FXT.cif.gz	https://www.rcsb.org/fasta/entry/9FXT/download	2026-10-06T15:57:52+00:00	2
8Y9S	processed	2.0		Crystal structure of nanobody MY6321 bound to human serum albumin (HSA)	X-RAY DIFFRACTION	2.88	2024-02-07	2025-02-12	2f9ac361b16eebca3c5731f99589726807a14d3a32da73a95f2c8e0370fcbd66	e77f55def0b51f74c1f6ce1eb7139b5d587647390d27b66910b1bcbbe1422bb5	https://files.rcsb.org/download/8Y9S.cif.gz	https://www.rcsb.org/fasta/entry/8Y9S/download	2026-10-06T15:57:52+00:00	2
9G6Q	processed	1.0		scFv IP11 in complex with rocuronium	X-RAY DIFFRACTION	1.20	2024-07-19	2025-02-12	d54558778e357cb9106a05c36a88d246966be906d2f64f59b6ff218d01d8d24c	373ea3a30c54c88720f849238fc67f3dcc9d4dab34ce23ab5b46d8e11f1ad393	https://files.rcsb.org/download/9G6Q.cif.gz	https://www.rcsb.org/fasta/entry/9G6Q/download	2026-10-06T15:57:52+00:00	1
8Y9T	processed	1.0		Crystal structure of nanobody MY6322 bound to human serum albumin (HSA)	X-RAY DIFFRACTION	2.40	2024-02-07	2025-02-12	9f845599298e27df3ad02d4c957ad75c32c634a1e0ca6958a72594baca85376d	1aac7255d543e5ac03fb29dae44611ba87232f65e86fca4c63496557ad604954	https://files.rcsb.org/download/8Y9T.cif.gz	https://www.rcsb.org/fasta/entry/8Y9T/download	2026-10-06T15:57:53+00:00	1
9GOY	processed	1.0		Crystal structure of Fab E2-RecA in complex with CD38	X-RAY DIFFRACTION	2.70	2024-09-06	2025-02-12	2f3f306d430a3474840f324c1411ddd2402c51a0625df69a704f5919db5c067e	fcdbb4317a6efac9ade93085cbe08943d5c758a154eeb36d40099bebcdcd4a64	https://files.rcsb.org/download/9GOY.cif.gz	https://www.rcsb.org/fasta/entry/9GOY/download	2026-10-06T15:57:53+00:00	1
8TMB	processed	1.0		Cryo-EM structure of CorA in complex with conformation-specific synthetic antibody C12 and 20 mM MgCl2, State MG20-1	ELECTRON MICROSCOPY	3.6	2023-07-29	2025-02-12	1321815b845bae18f3bc74fafa6d1f9c78310864ae1e84209b774a1d62fb82d2	c0b12b64273c6a5e5e67a689b9d0db7d3cf9643a5447370ea80a8c09a21f05f1	https://files.rcsb.org/download/8TMB.cif.gz	https://www.rcsb.org/fasta/entry/8TMB/download	2026-10-06T15:57:53+00:00	1
9GOX	processed	1.0		Crystal structure of Fab B6-D9 in complex with CD38	X-RAY DIFFRACTION	1.84	2024-09-06	2025-02-12	d975f044e651a74ded581f95e9f28d781666c70c91a532bb0f7ad9e0f5223d58	19fc5d527801652fef419bf4a57004900d8e35aa7a99bb98226f892db3472731	https://files.rcsb.org/download/9GOX.cif.gz	https://www.rcsb.org/fasta/entry/9GOX/download	2026-10-06T15:57:53+00:00	1
9LJJ	processed	2.0		cryo-EM structure of a nanobody bound heliorhodopsin	ELECTRON MICROSCOPY	3.23	2025-01-15	2025-02-12	c01a757a1e60a0b8c86287b79f9533463ff634c78a41d2b7cbd5699b640e1c74	276c8490f72e9143492165db76288437e4dc3a73b324a31c29fa625e235bee30	https://files.rcsb.org/download/9LJJ.cif.gz	https://www.rcsb.org/fasta/entry/9LJJ/download	2026-10-06T15:57:53+00:00	2
8TMC	processed	2.0		Cryo-EM structure of CorA in complex with conformation-specific synthetic antibody C12 and 20 mM MgCl2, State MG20-2	ELECTRON MICROSCOPY	3.3	2023-07-29	2025-02-12	89e4436156f6becf09fbec6f95db464aa50da04db731a33949ac84e479ac0fda	8f6e9956ccb5488b47b12b056d8d45f27ad6cc5b897ee0a3e54984a0ba8b7cca	https://files.rcsb.org/download/8TMC.cif.gz	https://www.rcsb.org/fasta/entry/8TMC/download	2026-10-06T15:57:53+00:00	2
9BDI	processed	2.0		Crystal structure of HIV-1 MPER scaffold in complex with antibody Fab Ab45.2	X-RAY DIFFRACTION	2.07	2024-04-11	2025-02-19	c67fdb53ce196ffe0b1f007664637167473ae2fc4bf5c1d5c3186364523c50be	5009c4ceadda326a31aed91d09183fc1517cafa43e4f5589c5af2c487c0bad70	https://files.rcsb.org/download/9BDI.cif.gz	https://www.rcsb.org/fasta/entry/9BDI/download	2026-10-06T15:57:53+00:00	2
9BDH	processed	1.0		Crystal structure of HIV-1 MPER scaffold in complex with antibody Fab Ab45.1	X-RAY DIFFRACTION	3.00	2024-04-11	2025-02-19	da123c0086a9b18841f04b779eb9182de27d7984268cdbf8b29857ebfa19b258	6ff6c2469acf4ab885f44ee58fe0088af74eda9ba07914dc6c5f2ec5e7b7ae4d	https://files.rcsb.org/download/9BDH.cif.gz	https://www.rcsb.org/fasta/entry/9BDH/download	2026-10-06T15:57:53+00:00	1
8QV5	processed	1.0		Structure of human SPNS2 in LMNG	ELECTRON MICROSCOPY	3.69	2023-10-17	2025-02-19	c2caa549abf030f5768cb82e4af2447dbd868d6e3f1fd8e47f5ad199971b39cc	5304c3c9cfd48e8af48c4b7c85134dcc51d81a0ba5f306cc688f7747c9e914fc	https://files.rcsb.org/download/8QV5.cif.gz	https://www.rcsb.org/fasta/entry/8QV5/download	2026-10-06T15:57:54+00:00	1
8QV6	processed	1.0		Structure of human SPNS2 in DDM	ELECTRON MICROSCOPY	3.68	2023-10-17	2025-02-19	6b51f9261af80cf07a5e41c30bf70d4a1995d890db632ba0245da59cc437d721	cf2580c99cb4f5fe8cb811532722b841e1840b467a012831ead234f69380d702	https://files.rcsb.org/download/8QV6.cif.gz	https://www.rcsb.org/fasta/entry/8QV6/download	2026-10-06T15:57:54+00:00	1
9DM0	processed	1.0		Cryo-EM structure of the SFV009 3G01 Fab in complex with A/California/04/2009	ELECTRON MICROSCOPY	2.9	2024-09-11	2025-02-19	29b95343d46967d5d256d17e1b294af3205fb6f5b64c24946cf928dc15896ad1	f7aba16ab1012ede31fb72d1ba2353768064b2c3c5a7878c3f38b7868ee38374	https://files.rcsb.org/download/9DM0.cif.gz	https://www.rcsb.org/fasta/entry/9DM0/download	2026-10-06T15:57:54+00:00	1
9CQD	processed	8.0		Antibody 2B11 bound to the central conserved domain of RSV G	X-RAY DIFFRACTION	3.10	2024-07-19	2025-02-19	14892cc9d5720c1ecac8afb410c8de4e8054bdbc855a8a9367dcdd03010726ee	baa67bc829dc3625eb8cf165607fa343352934084474791df0bf609df183b1af	https://files.rcsb.org/download/9CQD.cif.gz	https://www.rcsb.org/fasta/entry/9CQD/download	2026-10-06T15:57:54+00:00	8
9CQB	processed	1.0		Antibody 1G8 bound to the central conserved domain of RSV G	X-RAY DIFFRACTION	2.50	2024-07-19	2025-02-19	87231d3d2de2fc0afc46a0152ca23392d7c594fe79c695af2b6833f690f28742	1c9755e6d1de3ee03a44e7309586888939bc6adc1e228ebeb3af7fc686d62bf1	https://files.rcsb.org/download/9CQB.cif.gz	https://www.rcsb.org/fasta/entry/9CQB/download	2026-10-06T15:57:55+00:00	1
9CQA	processed	2.0		Structure of antibody 1G1 bound to the central conserved region of RSV G	X-RAY DIFFRACTION	1.74	2024-07-19	2025-02-19	d9c13edf614c5441c348a38eb9c721a4e270d5bc0a447c3e1458ab060b258f73	3f8217ab714c54cee5af3702e48c1b8205357de5bbd37aeb820a14c01a2d54cf	https://files.rcsb.org/download/9CQA.cif.gz	https://www.rcsb.org/fasta/entry/9CQA/download	2026-10-06T15:57:55+00:00	2
9ETH	processed	1.0		Complex structure of IL-36R D1-D2 domain with 36R-P192 and BI655130 Fab	X-RAY DIFFRACTION	2.3	2024-03-26	2025-02-26	51321541c7c67512433e5d0cf7916f2f2379f3e717d718e498c9b9a4d312e324	a26cdc57b25411cd8b8b7842a5baeeb26ec7ff601eda02050a9263e9a3bb35b1	https://files.rcsb.org/download/9ETH.cif.gz	https://www.rcsb.org/fasta/entry/9ETH/download	2026-10-06T15:57:54+00:00	1
8ZPM	processed	1.0		Cryo-EM strucutre of CXCR4 complexed with antagonist AMD070	ELECTRON MICROSCOPY	3.2	2024-05-30	2025-02-26	7b37375c7d5f6ff50e5f84ba09ac4f19c29ec02ffec53ab9d714c08d970397a7	d7469bd3e8721880c3e4bbfa66bc32ae04a53e347459089c32dba58476673e43	https://files.rcsb.org/download/8ZPM.cif.gz	https://www.rcsb.org/fasta/entry/8ZPM/download	2026-10-06T15:57:54+00:00	1
8ZPN	processed	1.0		Cryo-EM strucutre of CXCR4 complexed with antagonist AMD3100	ELECTRON MICROSCOPY	3.31	2024-05-30	2025-02-26	d1266595dd9f2a7115370ab3a0fe53234e64a1f0090c9da89b3a8feb43533e32	d94413a9224200383fd66ceaa307cb6c66e23428e7868a6a6d97eab4eb5fd20e	https://files.rcsb.org/download/8ZPN.cif.gz	https://www.rcsb.org/fasta/entry/8ZPN/download	2026-10-06T15:57:55+00:00	1
9ETI	processed	1.0		Complex structure of IL-36R D1-D2 domain with 36R-D481 and BI655130 Fab	X-RAY DIFFRACTION	2.4	2024-03-26	2025-02-26	e61931f4c39948d98aa83dec3259f99e36e4f27a56a000c5b3665de30559fdeb	5dca994febc96aa165364fcf73d625ef9c0b875046deb798212be907276b0f54	https://files.rcsb.org/download/9ETI.cif.gz	https://www.rcsb.org/fasta/entry/9ETI/download	2026-10-06T15:57:55+00:00	1
9EGN	processed	1.0		Crystal structure of the human Cavin1 HR1 domain bound to nanobody B7	X-RAY DIFFRACTION	1.57	2024-11-21	2025-02-26	66210b7b5f2679b9a12cf1d2849148c087d93600ca3775f84490af7467e70a09	8f11898f3dc511db4c3acd9f599e0268f2c01e6542cd4ef4619f134efaff2af9	https://files.rcsb.org/download/9EGN.cif.gz	https://www.rcsb.org/fasta/entry/9EGN/download	2026-10-06T15:57:55+00:00	1
9HVW	processed	1.0		Respiratory Syncytial Virus Fusion protein in the postfusion conformation in complex with monoclonal antibody 131-2a Fab	ELECTRON MICROSCOPY	3.1	2025-01-02	2025-02-26	22fa8ced20d8cdb8398ca39d59c337a7f119128f3097f7bffc55175ef76548a1	b041696d6b3938fad64c149f3875559d181ba7504e4f067b96291add78a21246	https://files.rcsb.org/download/9HVW.cif.gz	https://www.rcsb.org/fasta/entry/9HVW/download	2026-10-06T15:57:55+00:00	1
8YEI	processed	1.0		HPV18 L1 pentamer in complex with Fab F5-203	ELECTRON MICROSCOPY	2.93	2024-02-22	2025-02-26	80dc62242f050e0b1cfbdf7235db9e8da522946811fa332a603c6d061bc06790	a7656e8fb0d4220adcf1143df3eb623cf320179dc477d909dece2d7ac9c43be2	https://files.rcsb.org/download/8YEI.cif.gz	https://www.rcsb.org/fasta/entry/8YEI/download	2026-10-06T15:57:55+00:00	1
8Y9Z	processed	1.0		Structure of the SecA-SecY complex with the substrate HmBRI-3TM	ELECTRON MICROSCOPY	3.41	2024-02-07	2025-02-26	1b4372efa034067c5329d4a54c3df61eb2ec3804142a6bfb6063e802ce429adb	0614a7d68624fe1ee75ac46c5d5fdf4d4fa4f66da1d615a12204bb185a3576ae	https://files.rcsb.org/download/8Y9Z.cif.gz	https://www.rcsb.org/fasta/entry/8Y9Z/download	2026-10-06T15:57:55+00:00	1
8YEH	processed	5.0		HPV16 L1 pentamer in complex with Fab F5-196	ELECTRON MICROSCOPY	2.86	2024-02-22	2025-02-26	dc6393ed940ae5ecb0fc1f4c24d95373ef24e3c30bbf29d6d65447fe33a0c891	860893d40872613636130468720889b6037a845a48ab382d129a453f5912c662	https://files.rcsb.org/download/8YEH.cif.gz	https://www.rcsb.org/fasta/entry/8YEH/download	2026-10-06T15:57:56+00:00	5
8YEG	processed	1.0		HPV11 L1 pentamer in complex with Fab F5-187	ELECTRON MICROSCOPY	3.1	2024-02-22	2025-02-26	6966bbb264b48058a96afb32185de3aa18cdbc5d92f2dd5f4fd6f28b4ad5fa76	13f8762b64b78e5b1eb21c4e60043dde1c39705a581f3c87ef9bd91edb0b203d	https://files.rcsb.org/download/8YEG.cif.gz	https://www.rcsb.org/fasta/entry/8YEG/download	2026-10-06T15:57:56+00:00	1
8YEF	processed	1.0		HPV6 L1 pentamer in complex with Fab F5-77	ELECTRON MICROSCOPY	4.3	2024-02-22	2025-02-26	c83307d3ea36b62b695b49961941f878cbac4b85c024c663f720ee1cb2682424	d603e7df7d1c1fbbabfb1620009f020e208daeab249214d5206aaf97a5a9cdc3	https://files.rcsb.org/download/8YEF.cif.gz	https://www.rcsb.org/fasta/entry/8YEF/download	2026-10-06T15:57:56+00:00	1
9J1P	processed	1.0		Cryo-EM structure of the g1:Ox-bound human GLP-1R-Gs complex	ELECTRON MICROSCOPY	2.99	2024-08-05	2025-02-26	8b6e54cdc13365776b24c35da780357353aacf5a1a42f44a35a12d5539ffb6dd	b049d9d7466d06b3510becc8f4723dbc61cf30476cb94d553caf85521de1f212	https://files.rcsb.org/download/9J1P.cif.gz	https://www.rcsb.org/fasta/entry/9J1P/download	2026-10-06T15:57:56+00:00	1
8ZPL	processed	1.0		Cryo-EM strucutre of CXCR4 complexed with antagonist HF51116	ELECTRON MICROSCOPY	3.01	2024-05-30	2025-02-26	e1afd997ccf496a4fdd9929b8849020e39c7de0def285e72a9777de3031dd376	7cdd34bf7c3e0c8877b87aba481e6941731bcc9a5d92abeaa7df52d56364fb7e	https://files.rcsb.org/download/8ZPL.cif.gz	https://www.rcsb.org/fasta/entry/8ZPL/download	2026-10-06T15:57:56+00:00	1
9EIU	processed	1.0		Crystal structure of the human Cavin1 HR1 TS/DD mutant domain bound to nanobody B7	X-RAY DIFFRACTION	4.00	2024-11-26	2025-02-26	7dfe4b52391bb41fa7c4bb9c455072342141a661fd28fae2d1751b37e6c85b67	357c180bfdfbfb4d707feebb2099bc62ed13b4b39b35513f99104515f64c9f7b	https://files.rcsb.org/download/9EIU.cif.gz	https://www.rcsb.org/fasta/entry/9EIU/download	2026-10-06T15:57:56+00:00	1
9LLD	processed	3.0		Post-fusion ectodomain of KSHV gB in complex with 2C4 Fab	ELECTRON MICROSCOPY	3.6	2025-01-17	2025-03-05	ea4aa073e854e1b02ac85772797e6582b5b67921428df8b40b3c67c095e1f751	3819ab8a5d0005c2a85fc30d00ba97614b807910cc67cc789e39f101822c76f1	https://files.rcsb.org/download/9LLD.cif.gz	https://www.rcsb.org/fasta/entry/9LLD/download	2026-10-06T15:57:56+00:00	3
8ZAY	processed	2.0		Crystal structure of Fab from mouse monoclonal antibody 4A9 against Aquifex aeolicus RseP PDZ tandem	X-RAY DIFFRACTION	2.30	2024-04-25	2025-03-05	9c79481ea1a2ef3aa47a06cfd7d959958e854bd9661918156622a9823c00d055	b97675d9ee2142a61375dbcfed98e632ce3be42ed783239edbc55c28b5cebcc2	https://files.rcsb.org/download/8ZAY.cif.gz	https://www.rcsb.org/fasta/entry/8ZAY/download	2026-10-06T15:57:56+00:00	2
9BJ2	processed	1.0		Structure of the SARS-CoV-2 S 6P trimer complex with the human neutralizing antibody Fab fragment, C1533 (local refinement of NTD and C1533)	ELECTRON MICROSCOPY	2.8	2024-04-24	2025-03-05	97536718c30fe8926571c51bf88105ab9dc8624436e199ec13346ebfdecdb163	f45afb108a0e7e573d8001bf9c86d00a6c7682e6b5b6371faed1e8262de294a2	https://files.rcsb.org/download/9BJ2.cif.gz	https://www.rcsb.org/fasta/entry/9BJ2/download	2026-10-06T15:57:56+00:00	1
9BJ4	processed	3.0		Structure of the SARS-CoV-2 S 6P trimer complex with the human neutralizing antibody Fab fragment, C952	ELECTRON MICROSCOPY	3.4	2024-04-24	2025-03-05	16ec1c16d4de099f261592bfd654ff04692db52da3148aa36cd9620117e339c3	29c1f99a268a42e17200f90b391b59dfd0d81e96b4ebf95447e8bec139a28cc0	https://files.rcsb.org/download/9BJ4.cif.gz	https://www.rcsb.org/fasta/entry/9BJ4/download	2026-10-06T15:57:57+00:00	3
8ROR	processed	1.0		Single-particle cryo-EM of Mycoplasma pneumoniae adhesin P1 complexed with the anti-adhesive Fab fragment.	ELECTRON MICROSCOPY	2.39	2024-01-12	2025-03-05	f5561f7510c94fd706ddeffb2f770ecd64af9beceb51178674c19071e3c1822b	11e0f3c01383878997c93f46730422ae161a4418a7b5cbd45d408ac3c7705a1d	https://files.rcsb.org/download/8ROR.cif.gz	https://www.rcsb.org/fasta/entry/8ROR/download	2026-10-06T15:57:57+00:00	1
9BJ3	processed	3.0		Structure of the SARS-CoV-2 S 6P trimer complex with the human neutralizing antibody Fab fragment, C1596	ELECTRON MICROSCOPY	3.04	2024-04-24	2025-03-05	b342020fe508c3ceb93e76201333a4f750c1dfbcfe175ec4f4d02657d8c402b8	262eba30ce17b019a1627a202846be40a91abde46ca063ba1f81506a8ea423f6	https://files.rcsb.org/download/9BJ3.cif.gz	https://www.rcsb.org/fasta/entry/9BJ3/download	2026-10-06T15:57:57+00:00	3
9J82	processed	1.0		Cryo-EM structure of wild type Aquifex aeolicus RseP in complex with Fab	ELECTRON MICROSCOPY	3.95	2024-08-20	2025-03-05	62fac6b668b5196cad03c70a44e56017587c0289eb55cf165a2db903347a48e0	7be2e032c2e2f71068eccbb98031adff047e24eb163e6cf34fafdf5ab2bb947f	https://files.rcsb.org/download/9J82.cif.gz	https://www.rcsb.org/fasta/entry/9J82/download	2026-10-06T15:57:57+00:00	1
9J83	processed	1.0		Cryo-EM structure of Aquifex aeolicus RseP E18Q mutant in complex with Fab	ELECTRON MICROSCOPY	3.61	2024-08-20	2025-03-05	e3401d75ad5f0fb2ee59dc1e2c505137b89c55e65da551f650e2a464772b537e	f1e38cb86abf1a52cc9c6eb4aee7d09894b9b33f450950094d7d0884cadc38ca	https://files.rcsb.org/download/9J83.cif.gz	https://www.rcsb.org/fasta/entry/9J83/download	2026-10-06T15:57:57+00:00	1
9BLL	processed	1.0		Cryo-EM of RBD(EG5.1)/1301B7 Fab Complex	ELECTRON MICROSCOPY	4.1	2024-04-30	2025-03-12	ffb91c59902c77738faf18de97a20d2eec90af1eacb0b71aa603b627707234e9	d3d5dc270d3647fbb1384996b925cbd095a92663d6cfc682a02265641fd6eaf3	https://files.rcsb.org/download/9BLL.cif.gz	https://www.rcsb.org/fasta/entry/9BLL/download	2026-10-06T15:57:57+00:00	1
9BJH	processed	2.0		Crystal structure of neutralizing human monoclonal antibody 75C8 in complex with AMA1 DI-DII	X-RAY DIFFRACTION	2.80	2024-04-25	2025-03-12	32c68d2490073aa5202f0be0239dfd8fb1184b17fb9e48a48f1d7c026d296720	70e63d3c60f0758d6b7931cf5e5f9959eced1027e85e7616ec738e59ab6a26dd	https://files.rcsb.org/download/9BJH.cif.gz	https://www.rcsb.org/fasta/entry/9BJH/download	2026-10-06T15:57:57+00:00	2
9BJG	processed	1.0		Crystal structure of broadly neutralizing human monoclonal antibody 75B10 in complex with AMA1	X-RAY DIFFRACTION	2.90	2024-04-25	2025-03-12	aebe38677d9396a2cbdabac181f895ad14f14427c27c9e3e6e1361f695240bab	f92fff116a31b336faba4966075b73236ae678e2a2e0ba487a587b95cef253f9	https://files.rcsb.org/download/9BJG.cif.gz	https://www.rcsb.org/fasta/entry/9BJG/download	2026-10-06T15:57:57+00:00	1
9DRY	processed	2.0		CHIP U-box dimer bound to Fab 2F1	ELECTRON MICROSCOPY	7.02	2024-09-26	2025-03-12	1af232e7b7fc4c99e786a86a8d55df201d6ae7228f8ddd7a5e7f1b51a729e211	9d7931666df5769bd42a8f5ec407ef2667ecb6dce35b84fc9487a643fadfb54e	https://files.rcsb.org/download/9DRY.cif.gz	https://www.rcsb.org/fasta/entry/9DRY/download	2026-10-06T15:57:58+00:00	2
8YK4	processed	1.0		Structure of SARS-CoV-2 RBD and antibody NT-108	X-RAY DIFFRACTION	3.20	2024-03-04	2025-03-12	c430b9de52bf68befe062f0061cfb9c81d59cc719894a16377f7e474529cf3ae	2d18a05d1b8474f81ee82e729a76ac99b2f28eea5f0207cd3f8e82d7663edc99	https://files.rcsb.org/download/8YK4.cif.gz	https://www.rcsb.org/fasta/entry/8YK4/download	2026-10-06T15:57:58+00:00	1
9CCI	processed	1.0		Dissecting human monoclonal antibody responses from mRNA and protein-based booster vaccinations against XBB1.5 SARS-CoV-2	ELECTRON MICROSCOPY	2.65	2024-06-21	2025-03-12	f512a944e1bfa89edfff24ad15f7fbd76b4d0a1a7228590ce0ae0da39ffc4ce5	0b2fbf725583415ac0ca74d47e89d17c7da05f31b8d8019ede7e057add077435	https://files.rcsb.org/download/9CCI.cif.gz	https://www.rcsb.org/fasta/entry/9CCI/download	2026-10-06T15:57:57+00:00	1
8RMX	processed	2.0		Transglutaminase 3 in complex with DH patient-derived Fab DH63-A02	X-RAY DIFFRACTION	2.803	2024-01-09	2025-03-12	2ba5c09b7643ac462b9e5752cf798afbe444c07ad12c4c84db9c2ade4724f68d	6ef347d39e2fd092764ae4b8b9b062ff2825525841f32b4e42e9a049ec71f8c2	https://files.rcsb.org/download/8RMX.cif.gz	https://www.rcsb.org/fasta/entry/8RMX/download	2026-10-06T15:57:58+00:00	2
9KNX	processed	1.0		Cryo-EM structure of human mitochondrial pyruvate carrier in the occluded conformation at pH 6.8	ELECTRON MICROSCOPY	3.72	2024-11-19	2025-03-12	839d5d54184e06b5d20ceb98e9e8bde9ef0e36e0db16b53994d06b4887718146	fee55ab0d13bfc21d5529363749763267746a22eb13760e447122d3bb609aab3	https://files.rcsb.org/download/9KNX.cif.gz	https://www.rcsb.org/fasta/entry/9KNX/download	2026-10-06T15:57:58+00:00	1
8YKG	processed	2.0		Structure of SARS-CoV-2 spike glycoprotein in complex with NT-108 scFv (1-up state)	ELECTRON MICROSCOPY	3.28	2024-03-05	2025-03-12	047ce4bef2b2182848c39c865a840d3872e020f6bf787a7ceedfa7896776e38f	02dcf3b34c0191acda340b92c69f9ef1124fd068a48144dc9d9194d74ffcc87a	https://files.rcsb.org/download/8YKG.cif.gz	https://www.rcsb.org/fasta/entry/8YKG/download	2026-10-06T15:57:58+00:00	2
8YKH	processed	1.0		Structure of SARS-CoV-2 spike RBD in complex with NT-108 scFv	ELECTRON MICROSCOPY	3.27	2024-03-05	2025-03-12	120d0524eb655209f5700b934e6fa37e981ed17e142ab9992568ed121186e80e	838979976d3234d4b6e183923f5ff2cc09106f76387fcbc66024b11b9da302fb	https://files.rcsb.org/download/8YKH.cif.gz	https://www.rcsb.org/fasta/entry/8YKH/download	2026-10-06T15:57:58+00:00	1
8YKT	processed	1.0		Fab and SEB complex	X-RAY DIFFRACTION	2.04	2024-03-05	2025-03-12	6a354570c2ea93340a0afb0cca9fbdd9370d10b6c441b117af82d7cf9490ede0	f7b7f71943f69990491bd11070e47df3ffdbb7073b2db3bcb46276cdde816c5c	https://files.rcsb.org/download/8YKT.cif.gz	https://www.rcsb.org/fasta/entry/8YKT/download	2026-10-06T15:57:58+00:00	1
8YW6	processed	1.0		Cryo-EM structure of apo human mitochondrial pyruvate carrier in the IMS-open conformation at pH 8.0	ELECTRON MICROSCOPY	3.18	2024-03-29	2025-03-12	28fe1041e0078836cefd54c882ff2fef17898f01d38fd84deb5f7d4619622149	684f3c5c246a3460c31ca745240ac45f68465d53aacfb891003d06be23831ba3	https://files.rcsb.org/download/8YW6.cif.gz	https://www.rcsb.org/fasta/entry/8YW6/download	2026-10-06T15:57:58+00:00	1
8YW8	processed	1.0		Cryo-EM structure of human mitochondrial pyruvate carrier in complex with the inhibitor UK5099	ELECTRON MICROSCOPY	3.17	2024-03-30	2025-03-12	29ac375166a9bce9bc412e3f5fb8d3b7331b7316d197f1c0bef2dfa22e620ca3	7218405d154b04f61e90d70802d347184ea600b0e653bef485634472496299e8	https://files.rcsb.org/download/8YW8.cif.gz	https://www.rcsb.org/fasta/entry/8YW8/download	2026-10-06T15:57:59+00:00	1
8RMY	processed	2.0		Transglutaminase 3 in complex with inhibitor Z-don and DH patient-derived Fab DH63-A02	X-RAY DIFFRACTION	2.90	2024-01-09	2025-03-12	a544b36ba77756f4ca5719f7ed06b2a661aa9b6bb51a56d3e20b94bdeb353dd6	23ad71f1ac3e0ecc90467745788b549c56926457302a669383f47ec90b20878f	https://files.rcsb.org/download/8RMY.cif.gz	https://www.rcsb.org/fasta/entry/8RMY/download	2026-10-06T15:57:59+00:00	2
9H4R	processed	2.0		Structure of fertilization-blocking monoclonal antibody IE-3 VHVL bound to the ZP-N1 domain of mouse ZP2 (crystal form I)	X-RAY DIFFRACTION	1.53	2024-10-21	2025-03-12	8d14cd56c71777ae140f958682d6e2e430bf171fd7316a3031560f17107d673c	7d86d304f2f1a643d1691e374e345d6a9e15f72dd77727fb903edecdb500de3d	https://files.rcsb.org/download/9H4R.cif.gz	https://www.rcsb.org/fasta/entry/9H4R/download	2026-10-06T15:57:59+00:00	2
9KNY	processed	1.0		Cryo-EM structure of pyruvate-treated human mitochondrial pyruvate carrier in the IMS-open conformation at pH 8.0	ELECTRON MICROSCOPY	3.4	2024-11-19	2025-03-12	f9eb08715fa65a642773524f167a577818f1862e8380cbc177f78b8132dcdc14	256552fbf9e30de42365e1e5a4147c26d91fe2efda1be51afa648cd0b98eaba4	https://files.rcsb.org/download/9KNY.cif.gz	https://www.rcsb.org/fasta/entry/9KNY/download	2026-10-06T15:57:59+00:00	1
9KNW	processed	1.0		Cryo-EM structure of apo human mitochondrial pyruvate carrier in the IMS-open conformation at pH 6.8	ELECTRON MICROSCOPY	3.41	2024-11-19	2025-03-12	436368929c29a18d7dcf4f038a4b3aa298324ca76ecf4306a06397f3de1edc8b	f6e4c15a17196f062131366373f6d869b0e2ddb11772e3eec06d084f92bb090b	https://files.rcsb.org/download/9KNW.cif.gz	https://www.rcsb.org/fasta/entry/9KNW/download	2026-10-06T15:57:59+00:00	1
9GOE	processed	1.0		Cryo-EM structure of the multiple peptide resistance factor (MprF) from Pseudomonas aeruginosa bound to a synthetic nanobody (Sb29)	ELECTRON MICROSCOPY	3.28	2024-09-05	2025-03-12	e84a53ba9057cc9af31b6563286a1a7fabc5e79f2711104912e3b09f2c3763b9	5886b92222c2a63c0c5b563d2885dd03ec328ace81bf977ea6338443df854ee1	https://files.rcsb.org/download/9GOE.cif.gz	https://www.rcsb.org/fasta/entry/9GOE/download	2026-10-06T15:57:59+00:00	1
9H4S	processed	2.0		Structure of fertilization-blocking monoclonal antibody IE-3 VHVL bound to the ZP-N1 domain of mouse ZP2 (crystal form II)	X-RAY DIFFRACTION	2.02	2024-10-21	2025-03-12	e0a717e4d472e5694a8afb6558af3f3ed23e38b8da4a1f9864993f21711f919f	6d30ef0b0c9cf89c80e693fda52920553114c965fdf28870613c08a302b0f31f	https://files.rcsb.org/download/9H4S.cif.gz	https://www.rcsb.org/fasta/entry/9H4S/download	2026-10-06T15:57:59+00:00	2
9J66	processed	1.0		Cryo-EM structure of the SARS-CoV-2 S 6P trimer in complex with the human neutralizing antibody Fab fragment CAV-C65 (local refinement)	ELECTRON MICROSCOPY	3.55	2024-08-15	2025-03-12	7397d29e517cbbdae0b25e74cee73d2bc3a9494f78530a6cab97ff4622706e55	9825c5c2a4ef84aa73c50f66c51a5c3da541d936957d7b253a2a2bf201a527c5	https://files.rcsb.org/download/9J66.cif.gz	https://www.rcsb.org/fasta/entry/9J66/download	2026-10-06T15:57:59+00:00	1
8UHH	processed	1.0		anti-Phosphohistidine Fab hSC44.ck.elbow.20.N32F	X-RAY DIFFRACTION	1.84	2023-10-09	2025-03-19	91be5a53a4e92df4de194b65041330921c3721faa886abd435bed985fd9d5f9b	a8d11bb52015b1f07ede94724520237f632c302f206c2a5c82cf6cd618990148	https://files.rcsb.org/download/8UHH.cif.gz	https://www.rcsb.org/fasta/entry/8UHH/download	2026-10-06T15:57:59+00:00	1
8UHN	processed	2.0		anti-Phosphohistidine Fab hSC44.ck.20.N32F with 3pHis peptide	X-RAY DIFFRACTION	2.09	2023-10-09	2025-03-19	6c5e9ee79ca202a49535529111d886fdbf103bba1035df0287d7eb2499009803	b6ed9baf620ef16a3670718bdb0839cde390d4e27d6bd8bed03472ed1c647507	https://files.rcsb.org/download/8UHN.cif.gz	https://www.rcsb.org/fasta/entry/8UHN/download	2026-10-06T15:58:00+00:00	2
8UHT	processed	1.0		anti-Phosphohistidine Fab hSC44.ck.20.elbow bound to Glu H1	X-RAY DIFFRACTION	2.45	2023-10-09	2025-03-19	825ce9192283048fdd417b80c718355dd99f9b696991513029d756627155ee1d	aacada6dac90cc168b748ec5b0ed6d93aaf4c6f6e8fc1fb9fcfa724ceb9ea003	https://files.rcsb.org/download/8UHT.cif.gz	https://www.rcsb.org/fasta/entry/8UHT/download	2026-10-06T15:57:59+00:00	1
8UIG	processed	1.0		anti-Phosphohistidine Fab hSC44.ck.20 with 3pHis peptide	X-RAY DIFFRACTION	1.90	2023-10-10	2025-03-19	e699a629d3d44e6ebdc529c8c7cf65f9b4ee6cbf3cd5d71aebb3eba71a13f2bd	ef074ebb231560d7c30a1d2d197e44bb43dc928b6e5e1594298fb6c0e805bdce	https://files.rcsb.org/download/8UIG.cif.gz	https://www.rcsb.org/fasta/entry/8UIG/download	2026-10-06T15:58:00+00:00	1
9DPC	processed	1.0		Structure of Fab 297 in complex with influenza H1N1 A/Victoria/4897/2022 neuraminidase	ELECTRON MICROSCOPY	2.65	2024-09-20	2025-03-19	01bbfbb9a5779aa422cbc1b838b27ae7e6023ca687f7dd43a04a58a125833b7b	7b8d8af79072aacf63a9fcddd6854875835c697896e714d71ac1d3ba3b0938c7	https://files.rcsb.org/download/9DPC.cif.gz	https://www.rcsb.org/fasta/entry/9DPC/download	2026-10-06T15:58:00+00:00	1
9FR3	processed	6.0		Structure of the SARS-CoV-2 spike glycoprotein in complex with nanobody 7F	ELECTRON MICROSCOPY	3.3	2024-06-18	2025-03-19	7decba941d612340684a411a6865a0729edd385daf9d5e88167c0b2e4e01a781	a7f4c8091d22c2fec666ccfd1c0a6bbce4f8715ce2bf958bd42f2b4a97a1e6f0	https://files.rcsb.org/download/9FR3.cif.gz	https://www.rcsb.org/fasta/entry/9FR3/download	2026-10-06T15:58:00+00:00	6
9FR4	processed	2.0		Structure of the SARS-CoV-2 spike glycoprotein in complex with nanobody 7F (local refinement)	ELECTRON MICROSCOPY	3.1	2024-06-18	2025-03-19	7790b7417c8368f60d9b42fed73c1ff839b66128ae5ee25b5e37ecf662c59779	8c6b023b44dc2b01bb5cd589349d26a796c20aeaa5e9ca6b7a46c22e38bc2ead	https://files.rcsb.org/download/9FR4.cif.gz	https://www.rcsb.org/fasta/entry/9FR4/download	2026-10-06T15:58:00+00:00	2
9DRU	processed	1.0		Crystal structure of 04709_4F04 Fab in complex with H1 HA from A/California/04/2009(H1N1)	X-RAY DIFFRACTION	2.75	2024-09-26	2025-03-19	9911a2b30606e59100b101cceae9369c142b67d50727b1c7edad132f61232333	e37f5a68e9370077da4cc1b17c52d01c6b5c676422d4efa0388fa5ca2b0bc60f	https://files.rcsb.org/download/9DRU.cif.gz	https://www.rcsb.org/fasta/entry/9DRU/download	2026-10-06T15:58:00+00:00	1
9J3M	processed	1.0		ADP/Pi bound Arabidopsis ATP/ADP translocator AtNTT1	ELECTRON MICROSCOPY	2.77	2024-08-08	2025-03-19	44ee5aa95ad91605d480f8653f6e7be17f02612f63aa9373ddd8648dd1b8a2f8	ab12d149279d54d3da3e4259ff9a0c07fee185e54cae25f221b49a20bf97ea25	https://files.rcsb.org/download/9J3M.cif.gz	https://www.rcsb.org/fasta/entry/9J3M/download	2026-10-06T15:58:00+00:00	1
9DS1	processed	1.0		Crystal structure of 241_2F04 Fab in complex with H1 HA from A/California/04/2009(H1N1)	X-RAY DIFFRACTION	2.40	2024-09-26	2025-03-19	16c3e8cc5f1c5499a674a1dd2e807dd6d471ebe1879adf2b119394d870768160	df4919827cc72b5ca9c1f46653704891bfa84008e585ddc4217e417d7fb72f92	https://files.rcsb.org/download/9DS1.cif.gz	https://www.rcsb.org/fasta/entry/9DS1/download	2026-10-06T15:58:01+00:00	1
9DS2	processed	3.0		Crystal structure of 346-54 Fab in complex with H1 HA from A/California/04/2009(H1N1)	X-RAY DIFFRACTION	3.29	2024-09-26	2025-03-19	30091fc3dd1b188130293ab407dff0f17210482c822d98cef0234b283c1a8f51	a8bc58c523b72b2a69854102f48a6ffe057224b0b8f764e1f09a3224964742a4	https://files.rcsb.org/download/9DS2.cif.gz	https://www.rcsb.org/fasta/entry/9DS2/download	2026-10-06T15:58:00+00:00	3
8UIO	processed	2.0		anti-Phosphohistidine Fab hSC44.ck	X-RAY DIFFRACTION	1.75	2023-10-10	2025-03-19	73e24f806a983ce59b482d1328ebd2dbb08fa4f5fce60cdf709fc32e6a74b8a4	c54d33cb7adb2d955f8c02429d196e72c590c94268dae09478f95cae6e3251ec	https://files.rcsb.org/download/8UIO.cif.gz	https://www.rcsb.org/fasta/entry/8UIO/download	2026-10-06T15:58:01+00:00	2
9DSC	processed	2.0		Crystal structure of Apo-241_2F04-A95a mutant Fab	X-RAY DIFFRACTION	2.01	2024-09-26	2025-03-19	6b0fdeb8a4da54152acb1ea1eb2529551d47475f2d540fc4991e5aca864c2599	980dc1c5c7f4f4aeb27b8152f93c4e0876d4a9f96528dd7e1e9683af7685ca6b	https://files.rcsb.org/download/9DSC.cif.gz	https://www.rcsb.org/fasta/entry/9DSC/download	2026-10-06T15:58:01+00:00	2
9J3J	processed	1.0		Arabidopsis ATP/ADP translocator AtNTT1	ELECTRON MICROSCOPY	2.83	2024-08-08	2025-03-19	dcecfef501670f7f6585194de5778e66a0e80eb6940c424139b909490c849f4a	d06349bc53c57de919dc5c3e0fa3d28e9d794238c90afc717fa964800411e305	https://files.rcsb.org/download/9J3J.cif.gz	https://www.rcsb.org/fasta/entry/9J3J/download	2026-10-06T15:58:01+00:00	1
8UIT	processed	2.0		anti-Phosphohistidine Fab hSC44.ck with 3pHis peptide	X-RAY DIFFRACTION	2.20	2023-10-10	2025-03-19	95b05686f0a4b5f46cba5a1c5b1037fc26909cb2d114ce80b049bf41a5c30032	dbeba66b32f710c993fffad7b299a46585cd062c9a94e103a5c136e005278695	https://files.rcsb.org/download/8UIT.cif.gz	https://www.rcsb.org/fasta/entry/8UIT/download	2026-10-06T15:58:01+00:00	2
8UHP	processed	2.0		anti-Phosphohistidine Fab hSC44.ck.20.N32F with 3pTZA peptide	X-RAY DIFFRACTION	1.98	2023-10-09	2025-03-19	3a6a5ef5c32ee024c0bc0e85ac5b314ba0f371cb1591397dcebcc40e86ab84e9	7061e7f0d73403181d487bf7e191cf16bdfa5ff0f2f98c715376378195fc7929	https://files.rcsb.org/download/8UHP.cif.gz	https://www.rcsb.org/fasta/entry/8UHP/download	2026-10-06T15:58:01+00:00	2
8UHS	processed	1.0		anti-Phosphohistidine Fab hSC44.ck.20.elbow bound to phosphate	X-RAY DIFFRACTION	2.40	2023-10-09	2025-03-19	acc0f600bcc058d84b7bbc11ed40128257e697e3770d98354179c844eba2eb8c	e856991a5489ed554845f2ad41cf8a3f8599d44ee30345f33073a0533c236b87	https://files.rcsb.org/download/8UHS.cif.gz	https://www.rcsb.org/fasta/entry/8UHS/download	2026-10-06T15:58:01+00:00	1
8UIH	processed	1.0		anti-Phosphohistidine Fab hSC44.ck.20 with 3pTza peptide	X-RAY DIFFRACTION	1.85	2023-10-10	2025-03-19	fb8d54973c035aa52b0c4a36d8d20938c305d0e23ae0db50ad7672a81faf6b11	c5c1a9a08b20d9a25584ad33d9ce00961ce2d7ca4ef2287a18ebb963c0d930f0	https://files.rcsb.org/download/8UIH.cif.gz	https://www.rcsb.org/fasta/entry/8UIH/download	2026-10-06T15:58:01+00:00	1
8UJI	processed	2.0		anti-Phosphohistidine Fab hSC44.ck with 3pTza peptide	X-RAY DIFFRACTION	1.95	2023-10-11	2025-03-19	e10aff96895fde2fd32a61bd3dc0b87d7d607fb4fa1dfe7a2794db43e8bad109	c1d4ef2dcdcef5ce5390bf0875f68b6e1fa4651ec6dfb7ca2551182a82e9170c	https://files.rcsb.org/download/8UJI.cif.gz	https://www.rcsb.org/fasta/entry/8UJI/download	2026-10-06T15:58:01+00:00	2
8VPF	processed	3.0		Structure of SARS-CoV spike in complex with CoV1-65 Fab (NTD-bound)	ELECTRON MICROSCOPY	3.2	2024-01-16	2025-03-19	66a782966025a29e0cce70b55046326bf5688f5333e4bdf728f5fb330c1a8e0b	e51663487b8eb45b1bcee61cad9fbf430c888713a99db88b65365daaa054c2aa	https://files.rcsb.org/download/8VPF.cif.gz	https://www.rcsb.org/fasta/entry/8VPF/download	2026-10-06T15:58:02+00:00	3
8VEF	processed	3.0		Cryo-EM structure of antibody T5-1E08 UCA (unmutated common ancestor) in complex with stabilized H1N1 Influenza Hemagglutinin Trimer (A/Kiev/1/57)	ELECTRON MICROSCOPY	3.04	2023-12-18	2025-03-19	3a96db483786a32047341fb1282a1dee51490d74a58a76f803214fec9ef02f4e	11b3ec1446c73d08c312f20ab4969eed04883b86c925c525e6fe33c3b14ca243	https://files.rcsb.org/download/8VEF.cif.gz	https://www.rcsb.org/fasta/entry/8VEF/download	2026-10-06T15:58:02+00:00	3
8VEE	processed	3.0		Cryo-EM structure of antibody T5-1E08 in complex with H7N9 Influenza Hemagglutinin Trimer (A/Shanghai/2/13)	ELECTRON MICROSCOPY	3.18	2023-12-18	2025-03-19	11dbe7289a6fce3d17444164a25b4dee813692bb92a0e089eeee6e6b3fb42b18	e36762709de66c98406c45123e1e0a662bb74b657c3c4331c546d91c4a0845c5	https://files.rcsb.org/download/8VEE.cif.gz	https://www.rcsb.org/fasta/entry/8VEE/download	2026-10-06T15:58:02+00:00	3
8UHJ	processed	1.0		anti-Phosphohistidine Fab hSC44.ck.20.N32F	X-RAY DIFFRACTION	1.94	2023-10-09	2025-03-19	741b2529675a4402e56875c525dfc506add812ac4585dde97d99e485bf186ae2	78ba8bb6fdf56b6503d6d664430d790f75c791b50609fdf3187846a402962aff	https://files.rcsb.org/download/8UHJ.cif.gz	https://www.rcsb.org/fasta/entry/8UHJ/download	2026-10-06T15:58:02+00:00	1
8VED	processed	3.0		Cryo-EM structure of antibody T5-1E11 in complex with stabilized H1N1 Influenza Hemagglutinin Trimer (A/Kiev/1/57)	ELECTRON MICROSCOPY	2.98	2023-12-18	2025-03-19	b7473e2783aa3f2f33c91dada5825189d1925f5c0214dc34a0e10bed56816590	48ac28250d8aa52bcbe065731f1e24a73d5f2f7344b1c5c2aa9f4cdb388e577f	https://files.rcsb.org/download/8VED.cif.gz	https://www.rcsb.org/fasta/entry/8VED/download	2026-10-06T15:58:02+00:00	3
9J3L	processed	1.0		ATP bound Arabidopsis ATP/ADP translocator AtNTT1	ELECTRON MICROSCOPY	2.72	2024-08-08	2025-03-19	09f036a177ca72d3e2f574e8c8d234875c66e328f4e97bac493e51a75ee37a29	7c3826cb8db2ea78be93b4348186140b35a1445e91195bff14afc92efeca9979	https://files.rcsb.org/download/9J3L.cif.gz	https://www.rcsb.org/fasta/entry/9J3L/download	2026-10-06T15:58:02+00:00	1
8VEB	processed	3.0		Cryo-EM structure of antibody T5-1E08 in complex with stabilized H1N1 Influenza Hemagglutinin Trimer (A/Kiev/1/57)	ELECTRON MICROSCOPY	2.97	2023-12-18	2025-03-19	5b060d076419af699bf72d4a2915f82776f97bd106c125a360baae19335ec11d	ef3643928ab8b8a76dfa68d9c21efa75377277d42fb6100f5e10d1ca51de82dc	https://files.rcsb.org/download/8VEB.cif.gz	https://www.rcsb.org/fasta/entry/8VEB/download	2026-10-06T15:58:02+00:00	3
8ZYF	processed	2.0		Crystal structure of ZW2G10 Fab in complex with omicron RBD	X-RAY DIFFRACTION	2.60	2024-06-17	2025-03-26	5ff386c3646f2bc6dade779a004de430b28e856d18dab097a23e8d0578775eaf	17ed7f7da9e96468ac30bdf10883edd73bfb579fb27a73ee9af1c447dc4bea06	https://files.rcsb.org/download/8ZYF.cif.gz	https://www.rcsb.org/fasta/entry/8ZYF/download	2026-10-06T15:58:03+00:00	2
9B0A	processed	2.0		GA10 nanobody bound to 2C7 peptide mimitope of Neisseria gonorrhoeae lipooligosaccharide	X-RAY DIFFRACTION	1.87	2024-03-11	2025-03-26	13de6ca2eba718b996dd81dda950ee0161fd20a5add021a8fcf91146e6d87320	92c48fdc2dba8452a2700f2a32810b735f015b77ab2b68cdbe5d4d7b96ac7d2f	https://files.rcsb.org/download/9B0A.cif.gz	https://www.rcsb.org/fasta/entry/9B0A/download	2026-10-06T15:58:03+00:00	2
8REW	processed	2.0		CryoEM structure of human GARP-lTGFbeta1 in complex with a Fab fragment derived from an activating antibody.	ELECTRON MICROSCOPY	2.98	2023-12-12	2025-03-26	2a686201831180ec295c79545b2536b4c27f9a71a42a9c5bd1fe4dc911a9b85a	59e96f52770635e203cdfaee1b2d6048cce99b5a05df2e236980d86265c8b007	https://files.rcsb.org/download/8REW.cif.gz	https://www.rcsb.org/fasta/entry/8REW/download	2026-10-06T15:58:03+00:00	2
9LYO	processed	3.0		Alpha SARS-CoV-2 spike protein in complex with REGN10987 Fab homologue.	ELECTRON MICROSCOPY	3.07	2025-02-20	2025-04-02	c8df50bac450bcd67872f9809c0157f5a921ed66c2a9cc2e2ffef73b9d1f64f3	7c706db7ec0824f7eb13dcefa25a22288b7c573adb717a20e79007de33dbd505	https://files.rcsb.org/download/9LYO.cif.gz	https://www.rcsb.org/fasta/entry/9LYO/download	2026-10-06T15:58:03+00:00	3
9LDS	processed	2.0		Crystal structure of nanobody H145 bound to SARS-CoV-2 spike stem-helix	X-RAY DIFFRACTION	1.60	2025-01-06	2025-04-02	c04a073c5726dc9c6aad0c6670eafa78ecdeaa4a7a5e2f5ab2576cd349c14bb9	fc295b7caf606158ef3dde4866d6b60b81a874473009f627070f12d5560ed536	https://files.rcsb.org/download/9LDS.cif.gz	https://www.rcsb.org/fasta/entry/9LDS/download	2026-10-06T15:58:03+00:00	2
8ZU9	processed	1.0		The complex structure of MPXV M1R and neutralizing antibody A129	X-RAY DIFFRACTION	2.17	2024-06-08	2025-04-02	c6f0110877a5187b717628630a1b6410a88cfb3df9cba84345c3f54496a206b8	1559700e038df2b8b924c970f424290c652af009863369eac3a9dc68d959f35f	https://files.rcsb.org/download/8ZU9.cif.gz	https://www.rcsb.org/fasta/entry/8ZU9/download	2026-10-06T15:58:03+00:00	1
8ZUA	processed	4.0		The complex structure of MPXV M1R and neutralizing antibody A138	X-RAY DIFFRACTION	3.49	2024-06-08	2025-04-02	d6602e090a9dce315cb8e0391887f30de67f457e164f0122d90995dcd7c7d51f	448d60c99cc79de61cdb6c0a1919c6313e03e76b59ac235e4d266dcc018944a6	https://files.rcsb.org/download/8ZUA.cif.gz	https://www.rcsb.org/fasta/entry/8ZUA/download	2026-10-06T15:58:03+00:00	4
9FIK	processed	1.0		Structure of the FAB fragment of the Antibody NTF30037 in complex with NTF3	X-RAY DIFFRACTION	1.86	2024-05-29	2025-04-02	1846193fcc33d13c55717fa08ec88d8b7957dcbcd6d6d70e4cdf2b27d7465e92	dd57405bc3d0348e16577119487cf6ec2ed7b96fbaa710c6871ae73abe69d1e2	https://files.rcsb.org/download/9FIK.cif.gz	https://www.rcsb.org/fasta/entry/9FIK/download	2026-10-06T15:58:03+00:00	1
9LYP	processed	1.0		Alpha SARS-CoV-2 spike protein RBD-down in complex with REGN10987 Fab homologue (local refinement)	ELECTRON MICROSCOPY	3.6	2025-02-20	2025-04-02	bce974547377db81045875772afe63554bd888759a07d4a386ab568c2c68764b	7a869d33c680ff599e6da3a8ddda043545f054e47047739704342b0c75f0746e	https://files.rcsb.org/download/9LYP.cif.gz	https://www.rcsb.org/fasta/entry/9LYP/download	2026-10-06T15:58:03+00:00	1
9KPD	processed	1.0		Cryo-EM structure of GPCR16-miniGs complex	ELECTRON MICROSCOPY	2.84	2024-11-22	2025-04-02	a5921fab14e83435cd106151b6a4858cc8464c4544560573e94df860b72d7d37	719a60bc302999803edb6fea121365b5b09b5fe5c234ed7a6d9ccf38835b39f4	https://files.rcsb.org/download/9KPD.cif.gz	https://www.rcsb.org/fasta/entry/9KPD/download	2026-10-06T15:58:03+00:00	1
9EE9	processed	1.0		Cryo-EM structure of the adenosine A2A receptor intermediate bound to a miniGs heterotrimer	ELECTRON MICROSCOPY	3.16	2024-11-18	2025-04-09	24d45ad00c6732e3e06e18d4434da438a286e67c53be016210fbe625ca741014	a1a00878fa267de567de18e4c3e10026dff9b7e710ddbbf12fc2fcd8a15b399b	https://files.rcsb.org/download/9EE9.cif.gz	https://www.rcsb.org/fasta/entry/9EE9/download	2026-10-06T15:58:03+00:00	1
9EEA	processed	1.0		Cryo-EM structure of the adenosine A2A receptor intermediate bound to a miniGs heterotrimer	ELECTRON MICROSCOPY	3.36	2024-11-18	2025-04-09	9c4de1f990d5484eb76e249853661cfd57b780739b4c0810a9f3243f2a09db04	2227ede99717e7b76b6ca070f9fc52d4e5c1f3587fdcc721beb024a0986bb2f4	https://files.rcsb.org/download/9EEA.cif.gz	https://www.rcsb.org/fasta/entry/9EEA/download	2026-10-06T15:58:03+00:00	1
9HML	processed	1.0		KIR2DL1 bound to RIFIN PfKE01_040007400	X-RAY DIFFRACTION	2.171	2024-12-09	2025-04-09	8b1f0034020bb50047ed9313a69adbca8f68f5577a88a48c1dedd8063f3609ef	a83eb3677d6d8af377a0ee5daba888f0f0cddfe23b173bec9a01c02378ae8049	https://files.rcsb.org/download/9HML.cif.gz	https://www.rcsb.org/fasta/entry/9HML/download	2026-10-06T15:58:04+00:00	1
9DAO	processed	1.0		AlphaIIbbeta3 in fully-extended conformation in complex with R6H8 Fab	ELECTRON MICROSCOPY	2.8	2024-08-22	2025-04-09	50d189ff506fbe49ed79bb2c5b131991a574f55fec7b3c6772c2d0e5b431ac91	f123435e4c64819aa5fda7c014821e6dd1bb259694e3258351d5a814ee21063f	https://files.rcsb.org/download/9DAO.cif.gz	https://www.rcsb.org/fasta/entry/9DAO/download	2026-10-06T15:58:04+00:00	1
9B88	processed	1.0		Anti-OspC Fab 8C1	X-RAY DIFFRACTION	1.73	2024-03-29	2025-04-09	b42fb174b30e1032600a824ee774e44b80346714a852d28899add909cdf9ed9a	d80a2c55bcd77e8c197a86fadd98353299a4634bf6b82a5c3381b408002d13e2	https://files.rcsb.org/download/9B88.cif.gz	https://www.rcsb.org/fasta/entry/9B88/download	2026-10-06T15:58:04+00:00	1
9EE8	processed	1.0		Cryo-EM structure of the adenosine A2A receptor intermediate bound to a miniGs heterotrimer	ELECTRON MICROSCOPY	2.63	2024-11-18	2025-04-09	ab6ad7902724e0c9728d2bf0566df8d934a02565220d52e4225c3341bb2fe8f4	ab978cefdc2517fc7ef0e69a2400d4fc606882119632ccb5f74fc60f34248213	https://files.rcsb.org/download/9EE8.cif.gz	https://www.rcsb.org/fasta/entry/9EE8/download	2026-10-06T15:58:04+00:00	1
9LYC	processed	1.0		Cryo-EM structure of GPR3-G protein-dimer complex	ELECTRON MICROSCOPY	3.06	2025-02-19	2025-04-09	ced4ff76faad1f05f86c05149a7710efac3e9c0200ada990dca195f96f96d21a	ddedca812def0de0d96cc9e72b6ccb8ec88a75a53debb964a640b1b240b50428	https://files.rcsb.org/download/9LYC.cif.gz	https://www.rcsb.org/fasta/entry/9LYC/download	2026-10-06T15:58:04+00:00	1
9LYB	processed	1.0		Cryo-EM structure of GPR3-G protein-monomer complex	ELECTRON MICROSCOPY	3.16	2025-02-19	2025-04-09	5930304b21840af9e5a24d2fea4f6e655447a2a212f4f39e7de318b7f3a0526a	48604afedbe8db7ca60dc976973675a8d4ff40acd67229371f3a2095a3e7705d	https://files.rcsb.org/download/9LYB.cif.gz	https://www.rcsb.org/fasta/entry/9LYB/download	2026-10-06T15:58:04+00:00	1
9BTW	processed	1.0		Human Amylin3 Receptor in complex with Gs and cagrilintide	ELECTRON MICROSCOPY	3.0	2024-05-15	2025-04-16	c780bb01ea56a062f4c0e5814f8890a0da61a2fd8c7f49bd2ae069d4c8fb36c1	117df2b8e22716d1ef52ea9ff3883cea4a5d3cd72261f155175deea0dd144f45	https://files.rcsb.org/download/9BTW.cif.gz	https://www.rcsb.org/fasta/entry/9BTW/download	2026-10-06T15:58:04+00:00	1
9BLB	processed	1.0		Human Calcitonin Receptor in Complex with Gs and Cagrilintide Backbone (non-acylated) in bypass conformation	ELECTRON MICROSCOPY	3.2	2024-04-30	2025-04-16	6c04ba4b1801bde1246a252f790cf9fc5f68da6fb113b2f7eea5c63adf1db0e9	4d59ac20bc4855a1cbafba07b5ea7f398f54f0a31d82769a8240e42b2e776fb0	https://files.rcsb.org/download/9BLB.cif.gz	https://www.rcsb.org/fasta/entry/9BLB/download	2026-10-06T15:58:04+00:00	1
8ULS	removed_by_strict_cleaning	3.0		Cryo-EM structure of the BG505 SOSIPv2 in complex with bNAb 01_D03 Fabs	ELECTRON MICROSCOPY	3.2	2023-10-16	2025-04-16	a4fe4e8d9b0f28a362a4f8a3586230876489f52d8e2d58063db0adf494da7819	be50e95897d4aa85fbbdd9f1f8d89ae06926f1bd9d114d322175d573b2c29fd4	https://files.rcsb.org/download/8ULS.cif.gz	https://www.rcsb.org/fasta/entry/8ULS/download	2026-10-06T15:58:04+00:00	0
8ULR	processed	3.0		Cryo-EM structure of the BG505 SOSIPv2 in complex with bNAb 05_B08 Fabs	ELECTRON MICROSCOPY	3.3	2023-10-16	2025-04-16	a643c1b123f2fc42d1bf190ac2db1e6328f10ca309718d0ce2abe8869d2b8305	925e9a1b736d982006b62f5465acb2e2234b2ad92c9f95c93f11c4a349026718	https://files.rcsb.org/download/8ULR.cif.gz	https://www.rcsb.org/fasta/entry/8ULR/download	2026-10-06T15:58:05+00:00	3
8UKI	processed	1.0		Crystal structure of 04_A06 Fab	X-RAY DIFFRACTION	1.75	2023-10-13	2025-04-16	a9b4c22e5c675b9be57fb759245a7cc8e5fd2163a3108c600a3021a59510d6c6	14333171f7975f33f9e7836fa60a4ff848dca67dcb190d9a1ff8a0eed7b21fd4	https://files.rcsb.org/download/8UKI.cif.gz	https://www.rcsb.org/fasta/entry/8UKI/download	2026-10-06T15:58:05+00:00	1
9BDO	processed	3.0		Crystal structure of anti-abTCR NANOBODY VHH	X-RAY DIFFRACTION	1.948	2024-04-12	2025-04-16	3676798229e58cc136fd345defe3ea812341c0f8de47fd1709d844e2c9d4008c	3e45435d189770a67b0da042e0b8e0913ae8fe26763c3490cb4d8c67bd8b174d	https://files.rcsb.org/download/9BDO.cif.gz	https://www.rcsb.org/fasta/entry/9BDO/download	2026-10-06T15:58:05+00:00	3
8ULT	processed	3.0		Cryo-EM structure of the BG505 SOSIPv2 in complex with bNAb 04_A06 Fabs	ELECTRON MICROSCOPY	3.8	2023-10-16	2025-04-16	29dfda71794def61fb02bb361e3404abfb24c59d09ab00bf37f20a70031daf71	980617b472ffca24f341960ecfcaab2330eee82c800bd0efb73e22760af5f2f9	https://files.rcsb.org/download/8ULT.cif.gz	https://www.rcsb.org/fasta/entry/8ULT/download	2026-10-06T15:58:05+00:00	3
9BUE	processed	1.0		Human calcitonin Receptor in complex with Gs and cagrilintide in the CT-like conformation (repeat)	ELECTRON MICROSCOPY	3.6	2024-05-16	2025-04-16	7cef7ee5100de9b50fbe2ac76536019b80d14433cdf4e0786cbe92937dce52f0	fa1d308268b7551aa74b41c45b5eb38ce38b892721f09244e51bfddd89b42fdb	https://files.rcsb.org/download/9BUE.cif.gz	https://www.rcsb.org/fasta/entry/9BUE/download	2026-10-06T15:58:05+00:00	1
8RTF	processed	6.0		Crystal structure of Trypanosoma congolense pyruvate kinase in complex with a single-domain antibody (TcoPYK-sdAb42)	X-RAY DIFFRACTION	2.80	2024-01-26	2025-04-16	453f26be2ba890de4a6723965098711d47d796ae74f8f8d270d5985b0e2e9efd	8ae82f3edfc88ec0ba1977137dedcbe0132c99b8a17f7079d4ac1dd499795cc4	https://files.rcsb.org/download/8RTF.cif.gz	https://www.rcsb.org/fasta/entry/8RTF/download	2026-10-06T15:58:05+00:00	6
9EVZ	processed	1.0		HIV-1 envelope glycoprotein (BG505 gp140 SOSIP.664) trimer in complex with ELC07 broadly neutralizing antibody.	ELECTRON MICROSCOPY	2.92	2024-04-02	2025-04-16	6bf19447c19ca0c1b5d775e2dd30bf09a82de813792de8163cc05e18577fe890	43771ff0b5b09576684c49bc5cd37987b82257d89b3e62f8ef097aa84fd0a4c3	https://files.rcsb.org/download/9EVZ.cif.gz	https://www.rcsb.org/fasta/entry/9EVZ/download	2026-10-06T15:58:05+00:00	1
9BLC	processed	1.0		Human Calcitonin Receptor in Complex with Gs and Cagrilintide Backbone (non-acylated) in CT-like conformation	ELECTRON MICROSCOPY	3.3	2024-04-30	2025-04-16	62f94141440938a23b8334e4910f1d13c4375a3aa19e2d314109323c75999456	5f27f36e3a2d0c809c10b497322c1682b142bab997bf5c0fe39d31a5f18bfd4e	https://files.rcsb.org/download/9BLC.cif.gz	https://www.rcsb.org/fasta/entry/9BLC/download	2026-10-06T15:58:05+00:00	1
9BLW	processed	1.0		Human amylin1 Receptor in complex with Gs and Cagrilintide backbone (non-acylated)	ELECTRON MICROSCOPY	3.2	2024-05-01	2025-04-16	e72097739e1a15daeda27b1c5e9d85cb62758e8fdc2c0b665de7921796d47a31	e4f27ed71fafc94d72cdff40fb6dc7c83b4981e5d4dec6b730837af32eda41d8	https://files.rcsb.org/download/9BLW.cif.gz	https://www.rcsb.org/fasta/entry/9BLW/download	2026-10-06T15:58:06+00:00	1
8RVR	processed	6.0		Crystal structure of Trypanosoma congolense pyruvate kinase in complex with a single-domain antibody (TcoPYK-sdAb42) in the presence of sulfate	X-RAY DIFFRACTION	3.19	2024-02-02	2025-04-16	9fa825e674192d820dcab699c64a983a826ee4b2065b3ba41692860720776a3b	01f01b75c1002fc40abb9a461d2b993d40ef982a995a46f51184a4e789e4353b	https://files.rcsb.org/download/8RVR.cif.gz	https://www.rcsb.org/fasta/entry/8RVR/download	2026-10-06T15:58:06+00:00	6
9JFZ	processed	1.0		Cryo-EM structure of intermediate state GPR4 complexed with miniGs/q in pH7.5	ELECTRON MICROSCOPY	2.9	2024-09-05	2025-04-23	32f7f76cc5f4f8e5d30dce568440f6973dfa7e17f4b6b3bfcbdbf2219c031130	b6ece13b1bc19ee54f2832fa690a0b438377d934a4cd861c7766b678a0ed708c	https://files.rcsb.org/download/9JFZ.cif.gz	https://www.rcsb.org/fasta/entry/9JFZ/download	2026-10-06T15:58:06+00:00	1
9JFX	processed	1.0		Cryo-EM structure of GPR4 complexed with miniGs/q in pH7.5	ELECTRON MICROSCOPY	2.87	2024-09-05	2025-04-23	e77ae23506614983ee942627d2465e7cebccde2f07edac75aa9b8886f39fdd46	ad00bb19a3173f429635a76f4a7d0f0aba3b19ddf1b90e9da022a5f7afebdbff	https://files.rcsb.org/download/9JFX.cif.gz	https://www.rcsb.org/fasta/entry/9JFX/download	2026-10-06T15:58:06+00:00	1
9LGM	processed	1.0		Cryo-EM structure of GPR4 complexed with Gs in pH8.0	ELECTRON MICROSCOPY	2.84	2025-01-10	2025-04-23	4da6d2f5c66dd799580797c7d1c3b7588d6e0481502fcabc610b87483ea15b99	f5e9e442ee84b2b1a879b071502e021868dff63c80cbd81ee6ab173495e7426f	https://files.rcsb.org/download/9LGM.cif.gz	https://www.rcsb.org/fasta/entry/9LGM/download	2026-10-06T15:58:06+00:00	1
9KEF	processed	1.0		Crystal strucutre of RABV-G in complex with SOJB-Fab complex	X-RAY DIFFRACTION	3.40	2024-11-05	2025-04-23	6c5b038b2d4473a687e04a364f90d70743fe05c72c754b06337ad6a54e883f04	191fe03669734c0eb81f7cb63109e6da67a69c176889e5f5752a7e3cd69e4e97	https://files.rcsb.org/download/9KEF.cif.gz	https://www.rcsb.org/fasta/entry/9KEF/download	2026-10-06T15:58:06+00:00	1
9KEP	processed	1.0		RABV-G-PHD-FD/NM57-scFv	X-RAY DIFFRACTION	2.89	2024-11-05	2025-04-23	55c4408749f4506e196b1f9b821c65e3cf9fc2330fde4edc271a581a66cdf8c0	1beb36cfd8b18280eff344ef64e70d8a80cf19578ff408fee4df1f47eb3b38b4	https://files.rcsb.org/download/9KEP.cif.gz	https://www.rcsb.org/fasta/entry/9KEP/download	2026-10-06T15:58:06+00:00	1
9KFB	processed	3.0		RABV-G-ecto/NM57-scFv complex	X-RAY DIFFRACTION	4.30	2024-11-05	2025-04-23	61135c0575fba70563971115f1306df4b6071b48c3cd519335a293a781073b41	31b5420981f1678ee6646bca4955979a0e2f0e315b50a53db92715dd0ba1c4a0	https://files.rcsb.org/download/9KFB.cif.gz	https://www.rcsb.org/fasta/entry/9KFB/download	2026-10-06T15:58:06+00:00	3
9M7V	processed	1.0		Cryo-EM structure of enterovirus A71 mature virion in complex with Fab CT11F9	ELECTRON MICROSCOPY	3.04	2025-03-11	2025-04-23	a666bc0b1e17d1e171e26a65c5cc6fed198ae81dcb52f0c3eb5daa785d6e33f2	f024db718196eba49e86de9585e6ee4ff9684afadc27529de7e282ac0c9580a6	https://files.rcsb.org/download/9M7V.cif.gz	https://www.rcsb.org/fasta/entry/9M7V/download	2026-10-06T15:58:07+00:00	1
9JFW	processed	1.0		Cryo-EM structure of GPR4 complexed with Gs in pH6.8	ELECTRON MICROSCOPY	3.13	2024-09-05	2025-04-23	f933d1ee70b0f53c6aaf142f0a274a9232f7eb541493b8b9ef59485837fb573b	7eb7c13e5739141bb54de061cc86e71b51bba6015002fe478bff7716c570ca26	https://files.rcsb.org/download/9JFW.cif.gz	https://www.rcsb.org/fasta/entry/9JFW/download	2026-10-06T15:58:07+00:00	1
9BUD	processed	1.0		Human calcitonin Receptor in complex with Gs and cagrilintide in the CT-like conformation	ELECTRON MICROSCOPY	2.5	2024-05-16	2025-04-23	a5b812240236474646338e1fa20317fab448ec28e86a1c98e9fbf808bec4514d	1db5e0bdbd49dca6b0fe15ed9171968c4e75a33a30111c6b743f18ea37fe9120	https://files.rcsb.org/download/9BUD.cif.gz	https://www.rcsb.org/fasta/entry/9BUD/download	2026-10-06T15:58:07+00:00	1
9F02	processed	3.0		HIV-1 envelope glycoprotein (BG505 gp140 SOSIP.664) trimer in complex with three copies of ELC07 broadly neutralizing antibody.	ELECTRON MICROSCOPY	3.02	2024-04-15	2025-04-23	a5f995635497314678ac6ce4b60b8e1e686277e519d7954ad7bf7f7e3783b603	1792d32749ece7c756f2fb3e2c95b14bd97eb8229ab2f99caaed86211b0f3921	https://files.rcsb.org/download/9F02.cif.gz	https://www.rcsb.org/fasta/entry/9F02/download	2026-10-06T15:58:07+00:00	3
9BP3	processed	1.0		Human Amylin1 Receptor in complex with Gs and cagrilintide	ELECTRON MICROSCOPY	2.2	2024-05-06	2025-04-23	b0a9d95bbe98369ae7cb0544f2c8712265aee7e1e74854ae07b4040f6ac96b0f	27af634d79f8db28e1a805d5a3c0618243d1d89cfbf99a4ce04409bf5a8daff2	https://files.rcsb.org/download/9BP3.cif.gz	https://www.rcsb.org/fasta/entry/9BP3/download	2026-10-06T15:58:07+00:00	1
9BUB	processed	1.0		Human calcitonin Receptor in complex with Gs and cagrilintide in the bypass conformation	ELECTRON MICROSCOPY	2.3	2024-05-16	2025-04-23	8a95f621feaa9b5b7665708c9eeb2ba07a85d572d610b30207d18f5781931d00	7b510552221361c22722024c7be98a9bb0bdc6aaa89a47cc70710e13765eceef	https://files.rcsb.org/download/9BUB.cif.gz	https://www.rcsb.org/fasta/entry/9BUB/download	2026-10-06T15:58:08+00:00	1
9BUC	processed	1.0		Human calcitonin Receptor in complex with Gs and cagrilintide in the bypass conformation (repeat)	ELECTRON MICROSCOPY	3.4	2024-05-16	2025-04-23	6d1b3032feb9eecbe5d4a23263b06ae312b529ed7d02b34f36cb3b808dc830e3	3ec150eac25614b22f5c7bf5312e59a8f5f8fe0cbdda6e54ba35eb8ae70eb261	https://files.rcsb.org/download/9BUC.cif.gz	https://www.rcsb.org/fasta/entry/9BUC/download	2026-10-06T15:58:07+00:00	1
8ZCF	processed	1.0		Cryo-EM structure of GPR4 complexed with Gs in pH7.5	ELECTRON MICROSCOPY	2.9	2024-04-29	2025-04-23	5609ad5fae94c531c2c48b2d5743b31178885969d1b2753652065117e727ff39	0f0f095567805f4948b319d516227ec896f0c83410027d5a6e6fd6c33350a51b	https://files.rcsb.org/download/8ZCF.cif.gz	https://www.rcsb.org/fasta/entry/8ZCF/download	2026-10-06T15:58:07+00:00	1
9BQ3	processed	1.0		Human Amylin2 Receptor in Complex with Gs and Cagrilintide	ELECTRON MICROSCOPY	2.8	2024-05-08	2025-04-23	fd8805386b2de963b165b710c655eb30b33f6cf26352121e2afcc3e03a358194	198f14f2d28ecd030581c9c440e27e16ea223bdd2540afade86ad8e176f4645d	https://files.rcsb.org/download/9BQ3.cif.gz	https://www.rcsb.org/fasta/entry/9BQ3/download	2026-10-06T15:58:08+00:00	1
8Z4C	processed	2.0		The Fab fragment of anti-Fibrin monoclonal antibody 59D8	X-RAY DIFFRACTION	2.060	2024-04-17	2025-04-23	252680f1cbf73a18e77d23a2be55d92093b70e7b8086c9bc8941f3a81f12d97d	8000af28ee482ef11aa3028b00d0c907e436801b462b2ce34543835da09536ae	https://files.rcsb.org/download/8Z4C.cif.gz	https://www.rcsb.org/fasta/entry/8Z4C/download	2026-10-06T15:58:08+00:00	2
8ZCE	processed	1.0		Cryo-EM structure of GPR4 complexed with Gs in pH6.0	ELECTRON MICROSCOPY	3.10	2024-04-29	2025-04-23	0511c80ca3dd24e2fe30876bd2acc9c7d9809a42b5ba7cddaff544a52abb1144	d8810eaaaf454674e63e5e7d14c9ab3be227c759e19376b28daf8ba5ac16adf0	https://files.rcsb.org/download/8ZCE.cif.gz	https://www.rcsb.org/fasta/entry/8ZCE/download	2026-10-06T15:58:08+00:00	1
9HY3	processed	1.0		sc-4E (scFv derived from the mAb 4E1 against CD93) crystallized at pH 5.5	X-RAY DIFFRACTION	1.62	2025-01-09	2025-04-30	4ab3f030b1089f8dbf6d2a1865dcf8d27446aa4d3cc9f50828caa7275b3e7e00	0d019de75fc438e8b139beab75ec7d0722072700fbe9d1ab232d1a31a0f30b42	https://files.rcsb.org/download/9HY3.cif.gz	https://www.rcsb.org/fasta/entry/9HY3/download	2026-10-06T15:58:08+00:00	1
8Z8L	processed	1.0		structure of IL-4Ra in complex with an nanobody 4E9	X-RAY DIFFRACTION	3.96	2024-04-22	2025-04-30	fff29ae868da8b957e5dd5f74043acc56b1b7ecc06c90518591ecb6e4eaf1452	d50cc16d38a545bbcfe0672d515d3c496df7f536f76afd48908712c06f0e564c	https://files.rcsb.org/download/8Z8L.cif.gz	https://www.rcsb.org/fasta/entry/8Z8L/download	2026-10-06T15:58:08+00:00	1
9HY2	processed	1.0		sc-4E (scFv derived from the mAb 4E1 against CD93) crystallized at pH 7.5 (monomeric state from gel filtration)	X-RAY DIFFRACTION	1.70	2025-01-09	2025-04-30	a524be87d077204b8f434e018e3c20b0046c937a605300fa0842d5d7207842e8	23f80914d2e4e1154b719b0c8cdf601c2497449aba85aa1da2c16c5927b7a479	https://files.rcsb.org/download/9HY2.cif.gz	https://www.rcsb.org/fasta/entry/9HY2/download	2026-10-06T15:58:08+00:00	1
9IXV	processed	1.0		Cryo-EM structure of MERS-CoV S1-NTD bound with KNIH-88 Fab	ELECTRON MICROSCOPY	3.11	2024-07-29	2025-04-30	68dfb6403c31ef0c37ffa5e7d337504d806d8f1314e7d09749e8d73e232d4b30	9690c77852b19417e7384707b2d55c3e2b537f1edadec1d1b3aa2fd557b34788	https://files.rcsb.org/download/9IXV.cif.gz	https://www.rcsb.org/fasta/entry/9IXV/download	2026-10-06T15:58:08+00:00	1
9HY5	processed	1.0		sc-4E (scFv derived from the mAb 4E1 against CD93) crystallized at pH 9.0	X-RAY DIFFRACTION	1.60	2025-01-09	2025-04-30	8c1ae73eafbbc81b055828cb4b5602f85e54851c1c95d3ef283a85c5819f5530	594e443bb82d56cd9f5d3c71205274e1b3d719cc81803f8281a600357ea0f50d	https://files.rcsb.org/download/9HY5.cif.gz	https://www.rcsb.org/fasta/entry/9HY5/download	2026-10-06T15:58:08+00:00	1
9ECI	processed	1.0		Crystal structure of a humanized 5E5 antibody	X-RAY DIFFRACTION	1.57	2024-11-14	2025-04-30	f52b838e719b99879ca0eace033eb1ab949adc270789ddfb56c948d39b567414	eb4d4b617a1d836d452877074bcc1953a194ddfd265ef10bc2640acf989a5217	https://files.rcsb.org/download/9ECI.cif.gz	https://www.rcsb.org/fasta/entry/9ECI/download	2026-10-06T15:58:09+00:00	1
9CB5	processed	2.0		Crystal structure of nucleolin in complex with MYC promoter G-quadruplex	X-RAY DIFFRACTION	2.60	2024-06-18	2025-04-30	8679e701faf80144634679668ad9ecceef9b2698ff2d2e6238a1b72cb3a3aabc	f3aafa6f31d1b878595b7b83fccaf17880d55babe2c7cf1025b19a942da3efac	https://files.rcsb.org/download/9CB5.cif.gz	https://www.rcsb.org/fasta/entry/9CB5/download	2026-10-06T15:58:09+00:00	2
9HY1	processed	1.0		sc-4E (scFv derived from the mAb 4E1 against CD93) crystallized at pH 7.5 (dimeric state from gel filtration)	X-RAY DIFFRACTION	1.81	2025-01-09	2025-04-30	a4a51040557b74d32cbe1a64911629bf2cb2993162cc7e940974241a4081577e	a4ebbe5bb7befa3be0238b3d446d6d1b7fe9a2ccd030977856e4e93d1c718583	https://files.rcsb.org/download/9HY1.cif.gz	https://www.rcsb.org/fasta/entry/9HY1/download	2026-10-06T15:58:09+00:00	1
8ZYM	processed	3.0		Complex structure of 60 Fab bound to DS2 prefusion F trimer	ELECTRON MICROSCOPY	3.23	2024-06-18	2025-04-30	fc06cd701d1db92553a4af979083fb438323695ea83bb6275dfca7ae2ce7a21a	c33d25533a242c62fcd1449b6aa8cca739cd366dd8de831995b52ddb3553d87e	https://files.rcsb.org/download/8ZYM.cif.gz	https://www.rcsb.org/fasta/entry/8ZYM/download	2026-10-06T15:58:09+00:00	3
9BNK	processed	1.0		Cryo-EM structure of rhesus antibody V031-a.01 in complex with HIV-1 Env BG505 DS-SOSIP	ELECTRON MICROSCOPY	3.1	2024-05-02	2025-05-07	0e2ad306e3cffa58e3d852b9a1694783811726e16972aadf170fea92390a53cc	5389405965d11cc37be1cd6273b6bb5071ab5180ca619c6698bef6e497e910e2	https://files.rcsb.org/download/9BNK.cif.gz	https://www.rcsb.org/fasta/entry/9BNK/download	2026-10-06T15:58:09+00:00	1
9GIW	processed	1.0		Structure of the human mitochondrial pyruvate carrier inhibited by zaprinast	ELECTRON MICROSCOPY	3.92	2024-08-19	2025-05-07	76b6e7a47816c0527b23bc093ca8d097780d3bbd2021af8f207b24f15e4c33dc	a3bea81c67618e78a4432d4a849efa29e568c737143acc6519156fa8927da04d	https://files.rcsb.org/download/9GIW.cif.gz	https://www.rcsb.org/fasta/entry/9GIW/download	2026-10-06T15:58:09+00:00	1
9GIV	processed	1.0		Structure of the human mitochondrial pyruvate carrier inhibited by a UK5099-derivative	ELECTRON MICROSCOPY	3.65	2024-08-19	2025-05-07	a6c7e8ea4866dbd36b3e4b9a3a941bcb4a3f6e0ef2d8a735e6d9b9471fe3daa6	09aecb86e982c63b10fdc3539cb68f7b9660928cf24ff80fdb288e0553c2a8a1	https://files.rcsb.org/download/9GIV.cif.gz	https://www.rcsb.org/fasta/entry/9GIV/download	2026-10-06T15:58:10+00:00	1
9GIX	processed	1.0		Structure of the human mitochondrial pyruvate carrier in the apo-state	ELECTRON MICROSCOPY	3.65	2024-08-19	2025-05-07	4c3e84ecd0e9e39461151a0e0dd121cb78043c846d8e0ba959165d663f21e97e	40c7adeefabe43edb64b39cf5d9a1c508e87b5562e800cb44f9569a7e2196a07	https://files.rcsb.org/download/9GIX.cif.gz	https://www.rcsb.org/fasta/entry/9GIX/download	2026-10-06T15:58:09+00:00	1
9BNP	processed	1.0		Cryo-EM structure of rhesus antibody V033-a.01 in complex with HIV-1 Env BG505 DS-SOSIP	ELECTRON MICROSCOPY	3.17	2024-05-02	2025-05-07	9af24feaac671f814438c773cb06ab34719d2b1dfd91fcde6d2e4fbbaa54b203	1596fbe25c45e4c7be783e263b4e1548e88a6d5024063f93c7cdcf30a58c595e	https://files.rcsb.org/download/9BNP.cif.gz	https://www.rcsb.org/fasta/entry/9BNP/download	2026-10-06T15:58:10+00:00	1
9BNL	processed	1.0		Cryo-EM structure of rhesus antibody 6070-a.01 in complex with HIV-1 Env trimer Q23.17 MD39	ELECTRON MICROSCOPY	3.6	2024-05-02	2025-05-07	79ea5aae797ed93a5eda578f48ad668e468ecfd150cf30389b08e5ec5495f16e	fc417536e1fed6462318854b7bb6ee620b7757e6b37d1abcf0d676e4b42ec008	https://files.rcsb.org/download/9BNL.cif.gz	https://www.rcsb.org/fasta/entry/9BNL/download	2026-10-06T15:58:09+00:00	1
9BNM	processed	1.0		Cryo-EM structure of rhesus antibody 44715-a.01 in complex with HIV-1 Env BG505 DS-SOSIP	ELECTRON MICROSCOPY	3.97	2024-05-02	2025-05-07	a74bb60f530a2a0711283a5118b00c03df9c692f722e0e9c5457d9374312485c	45c38319bde4a7b6a694746b2d64a1731942d4c70df0c00e7cbe7b82218091f2	https://files.rcsb.org/download/9BNM.cif.gz	https://www.rcsb.org/fasta/entry/9BNM/download	2026-10-06T15:58:10+00:00	1
9B7G	processed	3.0		Cryo-EM structure of antibody TJ5-13 bound to H3 COBRA NG2 hemagglutinin	ELECTRON MICROSCOPY	2.61	2024-03-27	2025-05-07	0d47d6c84515ca7aaf3ab23309f2bd4acf533e79b67417b010c94d9d4d441cdb	6a4be5da9ce9716d6c1a49ae825271d9a8055c82cff1f2b5356a083f8cd63265	https://files.rcsb.org/download/9B7G.cif.gz	https://www.rcsb.org/fasta/entry/9B7G/download	2026-10-06T15:58:10+00:00	3
9FNT	processed	2.0		Cryo-EM structure of the P domain of the Hepatitis E Virus ORF2 protein in complex with Fab ES4.431	ELECTRON MICROSCOPY	3.5	2024-06-11	2025-05-14	a84d00d174763205b85f06352ac78d88fe9d8c61dfc394f467f2b2f4ba11d96b	f51ff30fe1e35c43e1de74268dc8435e3accc4b8fa96158e94cb545ccb817fab	https://files.rcsb.org/download/9FNT.cif.gz	https://www.rcsb.org/fasta/entry/9FNT/download	2026-10-06T15:58:10+00:00	2
9FNS	processed	2.0		Cryo-EM structure of the P domain of the Hepatitis E Virus ORF2 protein in complex with Fab ES1.327	ELECTRON MICROSCOPY	3.5	2024-06-11	2025-05-14	592ebb6f7eef9d622caf6b71ee043560b4e9ef6f3ee239ca14c32e9de872521a	e58daa90919db18216999187d9d2f78ab52ee972927fe841638428b7ea4d5c96	https://files.rcsb.org/download/9FNS.cif.gz	https://www.rcsb.org/fasta/entry/9FNS/download	2026-10-06T15:58:10+00:00	2
8ZH7	processed	4.0		Crystal structure of N-terminal domain of N-methyl-D-aspartate receptor subunit NR1 in complex with patient-derived antibody	X-RAY DIFFRACTION	3.50	2024-05-10	2025-05-14	2043c2be3b61a0587bc08c26f6ac8f44d33af7dc0366e65c9c16daf9034dcfc2	1f2a3c2ba90193694e8f293c84db3806cc551c46958272e8df56f08061559e03	https://files.rcsb.org/download/8ZH7.cif.gz	https://www.rcsb.org/fasta/entry/8ZH7/download	2026-10-06T15:58:10+00:00	4
9GGP	processed	1.0		Alpha-1-antitrypsin in complex with the Fab fragment of an anti-polymer antibody	X-RAY DIFFRACTION	1.84	2024-08-13	2025-05-14	3092cf5d7ea660e4d1ea82bd261b9b53f9b915b15f2f80bb62a822ce8e63eb7f	dabe2e9c2836983189c24176e42cb247a4e54703db761504d7bc6e9fe7b1c2ac	https://files.rcsb.org/download/9GGP.cif.gz	https://www.rcsb.org/fasta/entry/9GGP/download	2026-10-06T15:58:10+00:00	1
9R2E	processed	2.0		Structure of ARGX-121 Fab fragment in complex with the Fc fragment of IgA1	X-RAY DIFFRACTION	2.54	2025-04-30	2025-05-14	cc53f4139966672ee63b863ff80447f118e644ca7bcc23084b4db089303b61aa	b2fb83056c3267a597c33b2780e57aca7b442c67c9cb1df58e7e620baf2682c4	https://files.rcsb.org/download/9R2E.cif.gz	https://www.rcsb.org/fasta/entry/9R2E/download	2026-10-06T15:58:11+00:00	2
9NOX	processed	1.0		Transmembrane domains of the human TAS1R2 sweet receptor subunit in complex with miniGs/gust25	ELECTRON MICROSCOPY	3.00	2025-03-10	2025-05-14	66cc1c19a364ce86549345d416ca07f23cae4efaf8d82714bb6d4c9ac6693f18	5c401121fc4ee4e098aaac1fd1f00ab75f04b784f36cdd2c0030556973df08ee	https://files.rcsb.org/download/9NOX.cif.gz	https://www.rcsb.org/fasta/entry/9NOX/download	2026-10-06T15:58:11+00:00	1
9O38	processed	1.0		Transmembrane domains of the human sweet receptor (TAS1R2 + TAS1R3) from Class 3 particles (rigidly fitted from PDB:9NOX and 9NOR)	ELECTRON MICROSCOPY	3.0	2025-04-06	2025-05-14	e41c183f79e1b8e71324ace691109faf22a8a42e617344c3a68700a99a287046	fd6bea7c8d892719645c3f9f8ad7da41499e34883f23ac145c010697042e1583	https://files.rcsb.org/download/9O38.cif.gz	https://www.rcsb.org/fasta/entry/9O38/download	2026-10-06T15:58:11+00:00	1
9MFG	processed	4.0		Complex of IL23 receptor and VHH	X-RAY DIFFRACTION	2.85	2024-12-09	2025-05-21	c538033e3ba2a161b4ac5dd24f51da84f83f6d5ac9381963f2d58cd1be624f2a	dfca454be67bcf17bea6940caf1bb8e20f5f86a5c592258252921f001fc101ed	https://files.rcsb.org/download/9MFG.cif.gz	https://www.rcsb.org/fasta/entry/9MFG/download	2026-10-06T15:58:11+00:00	4
9F91	processed	2.0		Crystal structure of a designed Respiratory Syncytial Virus immunogen in complex with RSV90 fab	X-RAY DIFFRACTION	2.43	2024-05-07	2025-05-21	aab09cad1968c186f7351f01c3e9fb346b25f661e1ea898ad68be9cd86f29e77	ea6d8cad6ce4dd8d136b53c2d6246179c70ca1aa54275c9e541b3dd60e39c61f	https://files.rcsb.org/download/9F91.cif.gz	https://www.rcsb.org/fasta/entry/9F91/download	2026-10-06T15:58:11+00:00	2
9GF8	processed	1.0		Human Monocarboxylate Transporter 8	ELECTRON MICROSCOPY	3.5	2024-08-08	2025-05-21	7ed228a50ea4181c32a2b84a4fb3a08795adacbf857e1c44f1a69e058275a777	4712a27df4f0be8920223996160b528eff416810eea4a5040f528d24319bf200	https://files.rcsb.org/download/9GF8.cif.gz	https://www.rcsb.org/fasta/entry/9GF8/download	2026-10-06T15:58:11+00:00	1
9FCM	processed	3.0		Single-domain antibody binding the SARS-COV2 S2	X-RAY DIFFRACTION	1.94	2024-05-15	2025-05-21	31d905eac8953771c7565d56d1f4da55ebde82ce63b29546b203b22cb821c8c9	c80eacbf3f0ea841c0e3c2625bea73a12a743b7e5ec895e000a389dffbbf32ad	https://files.rcsb.org/download/9FCM.cif.gz	https://www.rcsb.org/fasta/entry/9FCM/download	2026-10-06T15:58:11+00:00	3
9FKN	processed	1.0		Human monocarboxylate transporter 8 bound to thyroxine	ELECTRON MICROSCOPY	3.4	2024-06-03	2025-05-21	bba3765231f6762b221b5b8f17e563b1d92d66119259e5619a36d33404954e92	9725a9d5f157c7787472b356ab7dcc569e174a98f92c84502c47b956c337a902	https://files.rcsb.org/download/9FKN.cif.gz	https://www.rcsb.org/fasta/entry/9FKN/download	2026-10-06T15:58:11+00:00	1
9CV7	processed	1.0		LJF-085 Fab in complex with HIV Env ZM233 NFL TD CC3+ trimer	ELECTRON MICROSCOPY	3.8	2024-07-28	2025-05-21	dbdf6d504c1b3d0ffe8692943de65a2d03dacb5dd421f54bc89048ea88497fe6	3bfef5f02e479f9eebd0f17e8d1430683324317dcddb0e95650d0d24f8cc81ef	https://files.rcsb.org/download/9CV7.cif.gz	https://www.rcsb.org/fasta/entry/9CV7/download	2026-10-06T15:58:12+00:00	1
9BTL	processed	1.0		Cryo-EM structure of rhesus antibody 41328-a.01 in complex with HIV-1 Env BG505 DS-SOSIP	ELECTRON MICROSCOPY	2.96	2024-05-15	2025-05-21	7370e70f1c4f1ec9e03dedc34f5b4405d463dc0fa18706aca5fe41fccef03c3e	9595de0a591a665e283b621f935e06bfa3950b1f68818949e0e07654609e20bc	https://files.rcsb.org/download/9BTL.cif.gz	https://www.rcsb.org/fasta/entry/9BTL/download	2026-10-06T15:58:12+00:00	1
9FOT	processed	1.0		Human monocarboxylate transporter 8 bound to Silychristin	ELECTRON MICROSCOPY	3	2024-06-12	2025-05-21	87fe97d7e714d8393f2b0c0957af766b7ca9e2492957d55320bff76de3503ecb	7001cc3a09d4966ec1c4d764c19c6a7378e7f88701d71590d969a248d522a647	https://files.rcsb.org/download/9FOT.cif.gz	https://www.rcsb.org/fasta/entry/9FOT/download	2026-10-06T15:58:12+00:00	1
9MDZ	processed	1.0		anti-IL23R VHH	X-RAY DIFFRACTION	1.27	2024-12-05	2025-05-21	030d38a625dd6ed7290aba277132aef9223e4fb7a06d1ca76fc48f8e1d230a14	641d93d52ba609808c5cfd8c6875785350eec8db8930c338540e56a119d0ecb1	https://files.rcsb.org/download/9MDZ.cif.gz	https://www.rcsb.org/fasta/entry/9MDZ/download	2026-10-06T15:58:12+00:00	1
8S2T	processed	1.0		Cryo-EM structure of cell-free synthesized Human beta-1 adrenergic receptor cotranslationally inserted into a lipidic nanodiscs	ELECTRON MICROSCOPY	3.3	2024-02-19	2025-05-21	897df644ed60f80430579bc596aa1bc5217397da92487699c4b35bf5b126288b	a30c6a963c5e67e5235521f25b777c6228fbfe5bedc0403796012bc9c397d85e	https://files.rcsb.org/download/8S2T.cif.gz	https://www.rcsb.org/fasta/entry/8S2T/download	2026-10-06T15:58:13+00:00	1
9MJ6	processed	2.0		Crystal structure of the VRC01-class antibody 7A03 derived from GT1.1 vaccination	X-RAY DIFFRACTION	3.06	2024-12-13	2025-05-28	833bd2a08aa0de976578c3c2194aa26e393975c473dcf4e6ffe201727b7fe048	059488ae9e18a2f9cf84194bd6d622693abbd4d3659d938c8f550e03418c00d9	https://files.rcsb.org/download/9MJ6.cif.gz	https://www.rcsb.org/fasta/entry/9MJ6/download	2026-10-06T15:58:13+00:00	2
8R4N	processed	1.0		Crystal structure of neutralizing Fab Eq4.Dp46-3A from equine antivenom bound to short chain three finger alpha-neurotoxin from Dendroaspis polylepis.	X-RAY DIFFRACTION	2.20	2023-11-14	2025-05-28	1ad1440916e8943cfa54fcc288277c7a0ca3278a546090736cbd9283268a924b	d69bb8c1928041146991a69a6a0b2753cfd10cc364a5010bcb5a40fc04c06171	https://files.rcsb.org/download/8R4N.cif.gz	https://www.rcsb.org/fasta/entry/8R4N/download	2026-10-06T15:58:13+00:00	1
9ISF	processed	1.0		Crystal structure of nanobody 14 in complex with HSV-2 gD	X-RAY DIFFRACTION	3.72	2024-07-17	2025-05-28	7f74392595838baac6d8f5ade544a16c561ff0f7b06426ebbfaa5a1917bb9066	afbbb785a2d3b0e35b0501059f4cc9908510f2c70abde339018d16a6075b6fce	https://files.rcsb.org/download/9ISF.cif.gz	https://www.rcsb.org/fasta/entry/9ISF/download	2026-10-06T15:58:12+00:00	1
9MJC	processed	2.0		Crystal structure of the VRC01-class antibody 4D01 derived from GT1.1 vaccination	X-RAY DIFFRACTION	2.70	2024-12-14	2025-05-28	078cb49d85c3e98171feedd3e99cfc1af4a6d310e39f9af351723ceea42985e3	632827c2165c1d144abeea0adae37ff283b15212ff2767b316342d2ae7aab831	https://files.rcsb.org/download/9MJC.cif.gz	https://www.rcsb.org/fasta/entry/9MJC/download	2026-10-06T15:58:13+00:00	2
9E7G	processed	1.0		Crystal structure of HIV-1 RRE SLII G34C mutant in complex with Fab BL3-6	X-RAY DIFFRACTION	3.00	2024-11-01	2025-05-28	0d98605c21329b791f6ba5a24d976d61f352f4cfc6a9d660ae335acdb356b9e9	ea106f1bae363689d54b6a5bb1c2d466d8a2896b284941f0d51c14933d6967ee	https://files.rcsb.org/download/9E7G.cif.gz	https://www.rcsb.org/fasta/entry/9E7G/download	2026-10-06T15:58:13+00:00	1
8ZVZ	processed	1.0		Cryo-EM strcuture of Prostaglandin D2 Receptor DP1 activated by BW245C	ELECTRON MICROSCOPY	2.35	2024-06-12	2025-05-28	154f206fc1de05d9c8ba8992531be012b652812b737d537f08cdb755cae9d00c	d50390f8a5bd141ee017e63bbff264f2377fc5b90b433e9fdd52ca99e026126e	https://files.rcsb.org/download/8ZVZ.cif.gz	https://www.rcsb.org/fasta/entry/8ZVZ/download	2026-10-06T15:58:13+00:00	1
9NK9	processed	1.0		Nano-body peptide complex	X-RAY DIFFRACTION	2.10	2025-02-28	2025-05-28	6a77e2a68c81064bb6fd9d6084aa84856b2a4c7fb0716f823162c978fd44cb3e	4ffa3297161e0b2917aff3d2d5a26f0fd5cbf9172d10a0a0c50cda56050ee8ca	https://files.rcsb.org/download/9NK9.cif.gz	https://www.rcsb.org/fasta/entry/9NK9/download	2026-10-06T15:58:13+00:00	1
8ZW0	processed	1.0		Cryo-EM strcuture of Prostaglandin D2 Receptor DP1 activated by PGD2	ELECTRON MICROSCOPY	2.72	2024-06-12	2025-05-28	fa44185f9cf418541ef851a2af6465905d27ac47ac566e2bf8630168677ac0a9	9146f781d2b75736633c942e4354e8e62540bfaa3d408d4b6113ae1213ca8a8a	https://files.rcsb.org/download/8ZW0.cif.gz	https://www.rcsb.org/fasta/entry/8ZW0/download	2026-10-06T15:58:13+00:00	1
9C2K	processed	2.0		The crystal structure of HIV-1 Rev Response Element Stem-Loop II in complex with a Fab	X-RAY DIFFRACTION	2.42	2024-05-31	2025-05-28	7847d7b048f89651294a0bac9bd5672d310c28e67bc086e9d275e1f8f08d30d2	59216e0273dc62158b1dcc39d0d06ed0ee4159b968f77ecce6850de9b7fb98e9	https://files.rcsb.org/download/9C2K.cif.gz	https://www.rcsb.org/fasta/entry/9C2K/download	2026-10-06T15:58:13+00:00	2
9MJ3	processed	1.0		Crystal structure of the VRC01-class antibody 12A01, derived from GT1.1 vaccination, in complex with eOD-GT8	X-RAY DIFFRACTION	2.20	2024-12-13	2025-05-28	bb0fb8b74703b3751732275709bc4f0a780da54b9f244061b3fd125dec0c12d4	3c44a7915d7d55787f95d67f5b7a46460f200bc2fc53d6a5053e339b288440a9	https://files.rcsb.org/download/9MJ3.cif.gz	https://www.rcsb.org/fasta/entry/9MJ3/download	2026-10-06T15:58:14+00:00	1
9E7E	processed	4.0		Crystal structure of HIV-1 RRE SLII A31CG39C mutant in complex with Fab BL3-6	X-RAY DIFFRACTION	2.75	2024-11-01	2025-05-28	57edc9871655bfffd0f80445cc012ecace640f3a07f01d69af20aa6e66e1cd04	e3bb621a2e3926dadf097469c4ac559145e84bb9c1f011014cddbb22d41fac68	https://files.rcsb.org/download/9E7E.cif.gz	https://www.rcsb.org/fasta/entry/9E7E/download	2026-10-06T15:58:14+00:00	4
9MIF	processed	1.0		Crystal structure of the VRC01-class antibody 9C09, derived from GT1.1 vaccination, in complex with eOD-GT8	X-RAY DIFFRACTION	1.93	2024-12-12	2025-05-28	b73fc0ccb57c63fdd151feca9f112e6fbf188e5860437f540fd9100728d23a9b	5d484a131be1fc28be96cebc4c0d8ec55ac7993f6a3a3443fd46acaeda80ecc3	https://files.rcsb.org/download/9MIF.cif.gz	https://www.rcsb.org/fasta/entry/9MIF/download	2026-10-06T15:58:14+00:00	1
9E7D	processed	2.0		Crystal structure of HIV-1 RRE SLII A31C mutant in complex with Fab BL3-6	X-RAY DIFFRACTION	3.11	2024-11-01	2025-05-28	45e8908f759efb0ce1fd3ff1e2e9bcc3e8c20e49a316b5aae4b112fcc358e53e	c69be1c9659be7d85705b3ad9233154ac6d205a6e40ffa45a3a43446adfb8402	https://files.rcsb.org/download/9E7D.cif.gz	https://www.rcsb.org/fasta/entry/9E7D/download	2026-10-06T15:58:14+00:00	2
9MID	processed	1.0		Crystal structure of the VRC01-class antibody 3G08, derived from GT1.1 vaccination, in complex with eOD-GT8	X-RAY DIFFRACTION	1.74	2024-12-12	2025-05-28	4af2d0c2e5450853bf5a6c85ceffff3ab9f02ce2d33fce6d3dd1efaa68731646	5959464ce958422d84233e449d635395477c9abd03df8a7fbdafd202e9997388	https://files.rcsb.org/download/9MID.cif.gz	https://www.rcsb.org/fasta/entry/9MID/download	2026-10-06T15:58:14+00:00	1
9MIC	processed	1.0		Crystal structure of the VRC01-class antibody 4D01, derived from GT1.1 vaccination, in complex with eOD-GT8	X-RAY DIFFRACTION	1.97	2024-12-12	2025-05-28	baa43cb4b930c906bd68ee0cf0d73b702cdae723a96cb281d4d16661ecb9670b	7c5f4bccc4e9a2fc2edf5cd8571924705cdbc1f9042166ac697b82d26f9a5b01	https://files.rcsb.org/download/9MIC.cif.gz	https://www.rcsb.org/fasta/entry/9MIC/download	2026-10-06T15:58:14+00:00	1
9ISH	processed	2.0		Crystal structure of nanobody 32 in complex with HSV-2 gD	X-RAY DIFFRACTION	2.88	2024-07-17	2025-05-28	dfdf9af063d4f3e07732c7341d8b5e777610ae061335e4365c0a758113c19bd6	954395422aec468de3fa6fb630f3d74170324d0a04a048db5a7061d1009b96de	https://files.rcsb.org/download/9ISH.cif.gz	https://www.rcsb.org/fasta/entry/9ISH/download	2026-10-06T15:58:14+00:00	2
9MJI	processed	2.0		Crystal structure of the VRC01-class antibody 9C09 derived from GT1.1 vaccination	X-RAY DIFFRACTION	2.40	2024-12-15	2025-05-28	9d4fd7fcdaae121b84cf1e5bc536d4787c08cc9cb2e69658f09696ad4317b399	a3437506c4dbbc886c45c9941f2163b2120b56b394a7d33d354f39ae66ad496f	https://files.rcsb.org/download/9MJI.cif.gz	https://www.rcsb.org/fasta/entry/9MJI/download	2026-10-06T15:58:14+00:00	2
9C75	processed	1.0		The crystal structure of HIV-1 Rev Response Element Stem-Loop II G34U mutant in complex with a Fab	X-RAY DIFFRACTION	3.04	2024-06-10	2025-05-28	3622d4d2d2e7196ebe8edfa1ef4edf3994512ac0885fe7559f37ad33b9281f08	d9b99880b56aa710d420b5842a639c1ed0974f01bf553f93b833a5e07bd1814a	https://files.rcsb.org/download/9C75.cif.gz	https://www.rcsb.org/fasta/entry/9C75/download	2026-10-06T15:58:14+00:00	1
8VTE	processed	2.0		Co-structure of the Fab of the anti-TIGIT Vibostolimab antibody with its antigen	X-RAY DIFFRACTION	2.29	2024-01-26	2025-05-28	2be785580b0ccfb8b0178ce88af9c349a31fe2ee564962cb15db0fbba60176c2	ba9772b87d4e69e7b2458d87a74d0e120d3d7a7fcb64ef12cfd59b14a29d6f6f	https://files.rcsb.org/download/8VTE.cif.gz	https://www.rcsb.org/fasta/entry/8VTE/download	2026-10-06T15:58:14+00:00	2
9MK4	processed	2.0		Crystal structure of the VRC01-class antibody 12A01 derived from GT1.1 vaccination	X-RAY DIFFRACTION	3.00	2024-12-16	2025-05-28	0a2bede52855454097d6d3a707ef2a285c1419b7c5a407340621a6bd0fcad823	7383f076f3cf0f54a1ec4d254e9d4eb1b47fb2ea262628c3cec8e5615c726e4f	https://files.rcsb.org/download/9MK4.cif.gz	https://www.rcsb.org/fasta/entry/9MK4/download	2026-10-06T15:58:15+00:00	2
9MJD	processed	4.0		Crystal structure of the VRC01-class antibody 3G08	X-RAY DIFFRACTION	3.50	2024-12-14	2025-05-28	e19f583c289d79e548ba418ba1509b8936aaa6badbb7295c866b0b69dd3ad715	4589070d81dd4fe5f83f78cd9cda6c1d0217d93a946e2fd57b57ba0bf5ff5b50	https://files.rcsb.org/download/9MJD.cif.gz	https://www.rcsb.org/fasta/entry/9MJD/download	2026-10-06T15:58:15+00:00	4
9CB1	processed	3.0		Cryo-EM Structure of the Human Neutralizing Antibody 5-1 in Complex with Prefusion Human Metapneumovirus F Glycoprotein	ELECTRON MICROSCOPY	4.24	2024-06-18	2025-05-28	09e981c3d3fa6a1bd6a8ca2316ea93f91ed5cbf56513568f1bbdc8e097b90bee	99d843ddb0029996ce499658640458874d5ebfc6d423e6e81e1c6326e831c13e	https://files.rcsb.org/download/9CB1.cif.gz	https://www.rcsb.org/fasta/entry/9CB1/download	2026-10-06T15:58:15+00:00	3
9CPH	processed	1.0		Structural basis of BAK sequestration by MCL-1 and consequences for apoptosis initiation	ELECTRON MICROSCOPY	3.34	2024-07-18	2025-06-04	db6218873dff2721ee6e6eceba6fa17f57b11ad98663842a0ff5af4e61c68102	4fbb5cfbc51b328bdacc2aa4e4dbabe71818ec23ad67759d18790104f2e14093	https://files.rcsb.org/download/9CPH.cif.gz	https://www.rcsb.org/fasta/entry/9CPH/download	2026-10-06T15:58:15+00:00	1
9IUT	processed	2.0		Crystal structure of cancer-specific anti-HER2 antibody H2Mab-250 in complex with epitope peptide	X-RAY DIFFRACTION	2.09	2024-07-22	2025-06-04	cfa8d32fe9fac0cfe897d28e087f4a174a488251976792e31e3ff3517d2afbf0	f963f5c97b6fae7d94a30e6d09d56b55b368aca46514022d4cf535d7d6eb386b	https://files.rcsb.org/download/9IUT.cif.gz	https://www.rcsb.org/fasta/entry/9IUT/download	2026-10-06T15:58:15+00:00	2
9ML5	processed	2.0		Structure of the SARS-CoV-2 Spike 6P in complex with the rabbit M8b-B8 Fab	ELECTRON MICROSCOPY	3.4	2024-12-18	2025-06-04	1c7e5b79b4f7682ec1803b55907b8a09f314efb8320505a5436fcdfc67acb20c	23b73287c488d0797261772265e786cdc4a4b6d0a5ba9b7c82ce9c16c5410626	https://files.rcsb.org/download/9ML5.cif.gz	https://www.rcsb.org/fasta/entry/9ML5/download	2026-10-06T15:58:15+00:00	2
9ENA	processed	1.0		Lysosomal glucocerebrosidase in complex with a stabilizing nanobody	X-RAY DIFFRACTION	1.70	2024-03-12	2025-06-04	628066cb56bf2c45570b8be0729a0a852f9dd2fcbb43adff8178fa40fb4ac0e2	95f1e8d486093f36b6ca33c691dcf1f2a37509eeb466ada769f9bed404e840cb	https://files.rcsb.org/download/9ENA.cif.gz	https://www.rcsb.org/fasta/entry/9ENA/download	2026-10-06T15:58:15+00:00	1
9AY1	processed	1.0		Cryo-EM structure of SINV/EEEV in complex with a potently neutralizing human antibody IgG EEEV-373	ELECTRON MICROSCOPY	4.6	2024-03-07	2025-06-11	e33dd9ca769458089ac1ff04078a0ca30220f42ad2e9aafb64154b75a8b827d0	47a409c1911c26b89d378200766038d16cc671fa46a77c2f40978e61fb850e8a	https://files.rcsb.org/download/9AY1.cif.gz	https://www.rcsb.org/fasta/entry/9AY1/download	2026-10-06T15:58:15+00:00	1
9GV4	processed	1.0		TBA G-quadruplex binding nanobody (free form)	X-RAY DIFFRACTION	1.534	2024-09-21	2025-06-11	b331b628396e69bcbd9a0da9b892fdfc056e35ff9fd72bb90b29748ab4202437	28be92c38150127a641639adb85b7adf107b80b6f4b4996c653870d3acb82cda	https://files.rcsb.org/download/9GV4.cif.gz	https://www.rcsb.org/fasta/entry/9GV4/download	2026-10-06T15:58:16+00:00	1
8VSV	processed	2.0		Cryo-EM structure of SINV/EEEV in complex with a potently neutralizing intact human antibody EEEV-373	ELECTRON MICROSCOPY	3.8	2024-01-24	2025-06-11	ad86b2094030a532a4522fe6f03cd72930f60ceaa7fcc21f5ff33d81c147ade7	f54de2807aa2c3b7800492facd15162f398a0aaef6a35675dc61ebbcfa377643	https://files.rcsb.org/download/8VSV.cif.gz	https://www.rcsb.org/fasta/entry/8VSV/download	2026-10-06T15:58:16+00:00	2
9BTJ	processed	1.0		Rhesus Fab 6561-a.01 in complex with HIV-1 Ce1176.A3 RnS SOSIP Env	ELECTRON MICROSCOPY	4.22	2024-05-15	2025-06-11	8d2f4a7caebe9cee83852db0177fc4385ab791702b819ab9c9621bdb7ee6579f	133d175631ece15068dfa924104ee7012c90086e5e5ce1831d490c643ad79ecb	https://files.rcsb.org/download/9BTJ.cif.gz	https://www.rcsb.org/fasta/entry/9BTJ/download	2026-10-06T15:58:16+00:00	1
9BTI	processed	1.0		Rhesus Fab 40591-a.01 in complex with T250.4 RnS SOSIP Env	ELECTRON MICROSCOPY	4.14	2024-05-15	2025-06-11	ee0527ac8c1697ae612619395987b9784d165afe7c77bb5f33e20add57a258a3	836541abe0b832dcb85b821fc35be879afef5e867386d9d1007887b545feea34	https://files.rcsb.org/download/9BTI.cif.gz	https://www.rcsb.org/fasta/entry/9BTI/download	2026-10-06T15:58:16+00:00	1
9DBO	processed	1.0		Crystal structure of a synthetic Fab (R3E9) in complex with the FRB domain of mTOR	X-RAY DIFFRACTION	1.55	2024-08-23	2025-06-11	5c86c63a0cd573ee5ce7b64e5257c426d007af5aaf1f582d5269908d5e1225de	1371177eb8f0c309182a61b15ec9e046f96c4d986af98ba69e10fd4723ffaa86	https://files.rcsb.org/download/9DBO.cif.gz	https://www.rcsb.org/fasta/entry/9DBO/download	2026-10-06T15:58:16+00:00	1
9K0X	processed	1.0		Cryo-EM structure of ATP-bound P2Y purinoceptor 2-miniGq-Nb35 complex	ELECTRON MICROSCOPY	2.83	2024-10-16	2025-06-11	8f2910d8f5fc55b8db7b69479a52f9278a6bb0bb3e5135f11a81239af23b8768	5f8dacb8f3f922636050f1e7109219bcd18b637c35964597001c3e6d4ae96d4b	https://files.rcsb.org/download/9K0X.cif.gz	https://www.rcsb.org/fasta/entry/9K0X/download	2026-10-06T15:58:16+00:00	1
9K25	processed	1.0		Cryo-EM structure of apo-P2Y purinoceptor 2-miniGq-Nb35 complex	ELECTRON MICROSCOPY	3.31	2024-10-17	2025-06-11	87a9072ae24e39e07ba7b502962d02a79707bd7c86b4ba084d0604f0289f5c66	ca0bbd21f5a5b427fa82c51c1260cee155ef48c70e6b14f69e1a176493924132	https://files.rcsb.org/download/9K25.cif.gz	https://www.rcsb.org/fasta/entry/9K25/download	2026-10-06T15:58:16+00:00	1
9LUY	processed	1.0		Single-chain Fv antibody of G2 fused with antigen peptide from chicken chromosome 6 C10orf76 homolog	X-RAY DIFFRACTION	1.62	2025-02-10	2025-06-11	2b0a1cfc903b587f6e07ee100d174bb078c8d25cc9f73cfebc2ce3d0550a0f97	b8899946809e23ede56ec807ed09ff7449eecfd7aa30a8663cb3f731686c9efc	https://files.rcsb.org/download/9LUY.cif.gz	https://www.rcsb.org/fasta/entry/9LUY/download	2026-10-06T15:58:16+00:00	1
9BTH	processed	1.0		Rhesus Fab 42056-a.01 in complex with CAP256SU.wk34 RnS SOSIP Env	ELECTRON MICROSCOPY	4.2	2024-05-15	2025-06-11	b96975d667ed769b9dcef78d62c29c4f79a2108f0aefa03ab9f69202fce8fa0b	f0e886c3dd5ff0cff772ad5a271d338ae9e3d61d48542077975cbadfe82daa82	https://files.rcsb.org/download/9BTH.cif.gz	https://www.rcsb.org/fasta/entry/9BTH/download	2026-10-06T15:58:16+00:00	1
9GXH	processed	2.0		Nanobody bound to TBA G-quadruplex	X-RAY DIFFRACTION	1.900	2024-09-30	2025-06-11	039c7b99bc54b2d16b7a8fab44d6472635a8963bd4894dfd316e84f5396bf7da	a489df9f5a2f029672e36c64bd992dbabdee19e1cd2188d8fa77a28a05e922a5	https://files.rcsb.org/download/9GXH.cif.gz	https://www.rcsb.org/fasta/entry/9GXH/download	2026-10-06T15:58:17+00:00	2
9LUX	processed	6.0		Single-chain Fv antibody of G2 fused with antigen peptide from chicken prion protein	X-RAY DIFFRACTION	1.85	2025-02-10	2025-06-11	f3899838d35da98136fa9ce1090b051ba8cd6b2058753898c435e0f93c9a452e	e56dbe3e67c3c14a781e2d90d48cbf1573396a67d6fde9741b4832acbc22c557	https://files.rcsb.org/download/9LUX.cif.gz	https://www.rcsb.org/fasta/entry/9LUX/download	2026-10-06T15:58:17+00:00	6
9LRB	processed	1.0		Cryo-EM structure of the histamine H1 receptor-Gs protein complex	ELECTRON MICROSCOPY	2.77	2025-01-30	2025-06-11	dec7e2ec5cbb54ba96d4c1e5b01d9e8587ace11d16434d859f563c45577cea62	b43c7abf2c0bba01753e0a5fb91e491fbee11b2ff15e31a281c332dd7a7fe1c7	https://files.rcsb.org/download/9LRB.cif.gz	https://www.rcsb.org/fasta/entry/9LRB/download	2026-10-06T15:58:17+00:00	1
9K0K	processed	1.0		Cryo-EM structure of UTP-bound P2Y purinoceptor 4-miniGq-Nb35 complex	ELECTRON MICROSCOPY	3.14	2024-10-15	2025-06-11	b28cf5b384c710de72b59be69e76f84999b52c53b5ef2eaf27fb09acc6d96c97	9cb98dc3ee6eeb064b09e8a14090a1c022ccb7fe75701ca9d42ae755e4487dd9	https://files.rcsb.org/download/9K0K.cif.gz	https://www.rcsb.org/fasta/entry/9K0K/download	2026-10-06T15:58:18+00:00	1
9FC2	processed	1.0		The crystal structure of the SARS-CoV-2 receptor binding domain in complex with the neutralizing nanobody 4.	X-RAY DIFFRACTION	1.21	2024-05-15	2025-06-11	d09d0a2f5aab5b4cfe2f82cf722449006d02fa2980353ece5edc13201d5435bd	9f693d3dbbd2592cd642401474fc9cf2792bbf27d123b0f30f65a7702cf3b5a3	https://files.rcsb.org/download/9FC2.cif.gz	https://www.rcsb.org/fasta/entry/9FC2/download	2026-10-06T15:58:17+00:00	1
9C7X	processed	1.0		Crystal structure of SARS-CoV-2 antibody 1H06 in complex with a HR2 peptide	X-RAY DIFFRACTION	1.96	2024-06-11	2025-06-18	bb59933e5b268325f1192667f4d0fa7d17b1bf70e358445cdbadf77c7a66a659	b80adecff72393ae2818c0d17cf220682c34cdeb8b78f5f3876e46d61607731d	https://files.rcsb.org/download/9C7X.cif.gz	https://www.rcsb.org/fasta/entry/9C7X/download	2026-10-06T15:58:17+00:00	1
9FMW	processed	1.0		Omicron BA.1 Spike protein with neutralizing NTD specific mAb K501SP6	ELECTRON MICROSCOPY	3.6	2024-06-07	2025-06-18	13742ede03904d7140afcd527c9b74466644ff731b3e3708a36ed5d91310260a	28be090879bd48dfd0bb59c10af10695cc69c419b6257d3a0ac1bf13ca0104a5	https://files.rcsb.org/download/9FMW.cif.gz	https://www.rcsb.org/fasta/entry/9FMW/download	2026-10-06T15:58:18+00:00	1
9L2K	processed	1.0		The crystal structure of SFTSV Gn and SD22 antibody complex	X-RAY DIFFRACTION	2.78	2024-12-17	2025-06-18	2f61d4c0507039068ff31a80482d92ab20c8fcbb2bc33568449de7fd83716e74	954109724ff9aead0ace21f026435f5251d0f237fb1200da2eaa513c16a93700	https://files.rcsb.org/download/9L2K.cif.gz	https://www.rcsb.org/fasta/entry/9L2K/download	2026-10-06T15:58:17+00:00	1
9FM0	processed	2.0		Human antibody (Fab) and P. aeruginosa (T3SS) protein PcrV-fragment complex	X-RAY DIFFRACTION	2.560	2024-06-05	2025-06-18	f880769c1796314a056b2bcb78322cf06a40182d8aa2a61f32e63258b9452fa4	5f630cd30f97916ef342885b457f4d048d581f92fbdb3e60b108b72e664cddf8	https://files.rcsb.org/download/9FM0.cif.gz	https://www.rcsb.org/fasta/entry/9FM0/download	2026-10-06T15:58:18+00:00	2
9JQ6	processed	2.0		Cryo-EM structure of BTN2A1 in complex with antagonist antibody TH002	ELECTRON MICROSCOPY	3.34	2024-09-27	2025-06-18	a3557af128e5c51fd17b0325b50ebd18e2fbd8e08a7202105b18d928522d0478	2fa97a808701416e0b5ed4410634af158340f8f5adb6b4589bc99823f74427da	https://files.rcsb.org/download/9JQ6.cif.gz	https://www.rcsb.org/fasta/entry/9JQ6/download	2026-10-06T15:58:18+00:00	2
9JQP	processed	2.0		Cryo-EM structure of the HMBPP-primed BTN3A1-BTN3A2-BTN2A1 in complex with agonist antibody TH001	ELECTRON MICROSCOPY	3.34	2024-09-28	2025-06-18	3b648b80577f7ac1966da63989a31b059b08497df4f2c0ca518035dc157e2707	979c8283edc72b8c491546a2a326e2fe64adde5c20f5eb9f25efcd9111fbcb77	https://files.rcsb.org/download/9JQP.cif.gz	https://www.rcsb.org/fasta/entry/9JQP/download	2026-10-06T15:58:18+00:00	2
9DMB	processed	3.0		Rhesus RHA10.01 Fab in complex with HIV-1 Env BG505 DS-SOSIP trimer	ELECTRON MICROSCOPY	4.27	2024-09-12	2025-06-18	4b969ed7c0102de78ab8e67b5ac6b56a9aaa44d176cc2680ee54b7ba7d09481b	c25db2cebe3b821ed4a06576b9b549539a69924381ffce63586d7bc8c977532c	https://files.rcsb.org/download/9DMB.cif.gz	https://www.rcsb.org/fasta/entry/9DMB/download	2026-10-06T15:58:18+00:00	3
8YOT	processed	2.0		Nanobody in complex with LILRB3	ELECTRON MICROSCOPY	2.48	2024-03-13	2025-06-18	41e1769c1a65444740debdbc555cdde587279230e7a434c27cbc6f5885b198a5	ea85bb649bc6f49c9b2f761d400b59dd43b2c6893938735b4d7def197fb1f827	https://files.rcsb.org/download/8YOT.cif.gz	https://www.rcsb.org/fasta/entry/8YOT/download	2026-10-06T15:58:18+00:00	2
9JQU	processed	1.0		The crystal structure of SFTSV Gn and SD4 antibody complex	X-RAY DIFFRACTION	3.30	2024-09-28	2025-06-18	7cc892445207fefff21877cdc2981e5145e0b5c33f1fee00847fce41acf59b4e	023589480b10988f580faba2e7cc8090e96416f2af23aa486f1733ebfe05220b	https://files.rcsb.org/download/9JQU.cif.gz	https://www.rcsb.org/fasta/entry/9JQU/download	2026-10-06T15:58:18+00:00	1
9JQV	processed	2.0		The crystal structure of SFTSV Gn and SD12 antibody complex	X-RAY DIFFRACTION	2.40	2024-09-28	2025-06-18	7610c1e9aa273680b6832f9e70bc678344b1872b101441f7697e7ee4fe6bc223	1c1325f5b372ab5c4ed59e50ba28e32a062f5b1e2b24aabe6cde63acaf600405	https://files.rcsb.org/download/9JQV.cif.gz	https://www.rcsb.org/fasta/entry/9JQV/download	2026-10-06T15:58:19+00:00	2
8REX	processed	2.0		CryoEM structure of mouse GARP-lTGFbeta1 in complex with a Fab fragment derived from an activating antibody.	ELECTRON MICROSCOPY	3.0	2023-12-12	2025-06-25	583bc3db4b15afe2375f965beccde6f6f092a9e5d7721fb8c19726bb73fa327d	120d35a76a905c7673a290731c29b3177627764c1a5906258ab0b5846b1fbcc9	https://files.rcsb.org/download/8REX.cif.gz	https://www.rcsb.org/fasta/entry/8REX/download	2026-10-06T15:58:19+00:00	2
8S6T	processed	1.0		Crystal structure of Fab-3F1 complexed to a bis-STn glycopeptide	X-RAY DIFFRACTION	1.85	2024-02-28	2025-06-25	2419a185353bdc3751380245fc6b1f7310ed83126a92758e7901fb5e7eb2b0f6	132d5badf7b3e5dd54ee18177519c428adbba9950a3517d1f38eee242dacc133	https://files.rcsb.org/download/8S6T.cif.gz	https://www.rcsb.org/fasta/entry/8S6T/download	2026-10-06T15:58:19+00:00	1
9BT5	processed	2.0		The crystal structure of the HA1 domain of hemagglutinin from A/Shanghai/02/2013 (H7N9) bound to H7-235 Fab	X-RAY DIFFRACTION	2.50	2024-05-14	2025-06-25	8c9dd5dd28d576231413a4ae7e7d5e18978e5660c91d1568f035f232b420bac9	4728b773df2f435099211dc604dae20821cf25f3622f8ed91047777a7395cc2b	https://files.rcsb.org/download/9BT5.cif.gz	https://www.rcsb.org/fasta/entry/9BT5/download	2026-10-06T15:58:19+00:00	2
9OAR	processed	2.0		Crystal structure of antibody Fab G001-179 from IAVI G001 human trial in complex with a germline-targeting gp120 engineered outer domain eOD-GT8-mingly	X-RAY DIFFRACTION	1.94	2025-04-21	2025-06-25	7b00dc25223846b80fcd7da0bdb1ffb72bb08dc5abf12c90220d802077209514	49dc86523de00858305231ba6a1f522918a7c69017acb07dddf997fd7dfbfbbb	https://files.rcsb.org/download/9OAR.cif.gz	https://www.rcsb.org/fasta/entry/9OAR/download	2026-10-06T15:58:21+00:00	2
9OAO	processed	1.0		Crystal structure of antibody Fab G001-0087 from IAVI G001 human trial in complex with a germline-targeting gp120 engineered outer domain eOD-GT8-mingly	X-RAY DIFFRACTION	2.58	2025-04-21	2025-06-25	b0f59d25885aa3257de6108b24045578614f5d8c098377536db805d42ca1a772	d698aee8df13615dead6aaf70e1c61cd902d72c2ab2570109f86041b8fef21e3	https://files.rcsb.org/download/9OAO.cif.gz	https://www.rcsb.org/fasta/entry/9OAO/download	2026-10-06T15:58:19+00:00	1
9O58	processed	1.0		Zymogen ADAM17-iRhom2 complex bound by the MEDI3622 Fab	ELECTRON MICROSCOPY	3.53	2025-04-09	2025-06-25	17b2b8b43297820ada0d7af38fee075c2f8c68c7c05423f17f37b069ace82da5	701ed737cc45e48756396927e4bfc522a1efc7255a7ebb1766ad6a0648d582a8	https://files.rcsb.org/download/9O58.cif.gz	https://www.rcsb.org/fasta/entry/9O58/download	2026-10-06T15:58:19+00:00	1
9OAP	processed	1.0		Crystal structure of antibody Fab G001-58 from IAVI G001 human trial in complex with a germline-targeting gp120 engineered outer domain eOD-GT8-mingly	X-RAY DIFFRACTION	2.80	2025-04-21	2025-06-25	94e1eb040897afafebe4780f4cc9d66a0ccaafeff3eb204005d5cedae768d818	2b04b1a4cd945a44f8baa0e532aebbe9f5e2a0a00e61623549cdb0e59685077f	https://files.rcsb.org/download/9OAP.cif.gz	https://www.rcsb.org/fasta/entry/9OAP/download	2026-10-06T15:58:20+00:00	1
9O54	processed	1.0		ADAM17 Prodomain-Metalloproteinase Domains bound to MEDI3622 Fab	ELECTRON MICROSCOPY	3.50	2025-04-09	2025-06-25	18f1b172de41718de61f5cb98b7174fac934351d02513426f790393422711d0a	4e95dfa8148c64e13c6218ff6941318176afa4aa14b6985157907d778c2a013e	https://files.rcsb.org/download/9O54.cif.gz	https://www.rcsb.org/fasta/entry/9O54/download	2026-10-06T15:58:20+00:00	1
9CF6	processed	1.0		Germline-targeting HIV-1 gp120 engineered outer domain eODgt8 in complex with Fab eOD-CL02.1	X-RAY DIFFRACTION	2.700	2024-06-27	2025-06-25	dd6821b3099299d47b3d4feba025d8e399bb864b8af345767829e810eeccdcbf	cf85296a6d2ac65184516bd0643387b7857f914e843c30715144d60d534a5845	https://files.rcsb.org/download/9CF6.cif.gz	https://www.rcsb.org/fasta/entry/9CF6/download	2026-10-06T15:58:20+00:00	1
9CF7	processed	1.0		Germline-targeting HIV-1 gp120 engineered outer domain eODgt8 in complex with Fab eOD-PL01.1	X-RAY DIFFRACTION	3.550	2024-06-27	2025-06-25	2de15e45777f94f4ed888eaa6072c4332216082582632380f3f4b02efab054b6	512d7687fbad052c5a78a7e3ce2f6f8d5de6a5e751053398b665e57c011504ea	https://files.rcsb.org/download/9CF7.cif.gz	https://www.rcsb.org/fasta/entry/9CF7/download	2026-10-06T15:58:20+00:00	1
9CFA	processed	3.0		Germline-targeting HIV-1 gp120 engineered outer domain eODgt8 in complex with Fab eOD-CL04.1	X-RAY DIFFRACTION	3.06	2024-06-27	2025-06-25	b0523edd0a41af0a4898ea7af77a81fc6a0fd825b1b813bce0c78c623d78c123	83f0cf728ae887c7d90100f05d35b0c3b4d398fcfe089b7840a7a8dfe0cb6e0f	https://files.rcsb.org/download/9CFA.cif.gz	https://www.rcsb.org/fasta/entry/9CFA/download	2026-10-06T15:58:20+00:00	3
8YRY	processed	1.0		HER3 in complex with FAb Hu3f8	ELECTRON MICROSCOPY	2.93	2024-03-22	2025-06-25	a95598bb425658efa3c5db708dd2f423b3556ffe5ee4f1a151748cc69d7623b3	0d53848de757da2f0fa9ba8ca79bc4342ab15b817993352e4515a26fe7660cbc	https://files.rcsb.org/download/8YRY.cif.gz	https://www.rcsb.org/fasta/entry/8YRY/download	2026-10-06T15:58:20+00:00	1
9BTV	processed	1.0		Cryo-EM structure of rhesus antibody T646-a.01 in complex with HIV-1 Env trimer Q23.17 MD39	ELECTRON MICROSCOPY	3.48	2024-05-15	2025-07-02	5b41a4bec84729e6a19f29e2e3a24da10058170576bd10b4070837f0781ef928	ee1de6da313dbb7b9ba0ae658ce62196a320f8a5f3886c99fe1d888fa377d047	https://files.rcsb.org/download/9BTV.cif.gz	https://www.rcsb.org/fasta/entry/9BTV/download	2026-10-06T15:58:21+00:00	1
8YVL	processed	4.0		Neuraminidase of A/California/04/2009 HIN1 in complex with CAV-F34 Fab	ELECTRON MICROSCOPY	2.47	2024-03-28	2025-07-02	c8c0f98bd7e8daa0f78acfec08b9f188251aa2fbd25a1b8fa40ec80b65a93db9	684c764557324ecdfbcc8824f1a06de98c1fc548362d36a16b783dca39e72a65	https://files.rcsb.org/download/8YVL.cif.gz	https://www.rcsb.org/fasta/entry/8YVL/download	2026-10-06T15:58:21+00:00	4
9U9B	processed	1.0		HBsAg in complex with HBC34 Fab	ELECTRON MICROSCOPY	3.25	2025-03-27	2025-07-02	2a303ef00314536391561ed2e90926519485a80913cddd289f4af092aaed00d2	785a633aa838430bf1db5baf499b28407b173c64ed499944cdd5134cf7f99c71	https://files.rcsb.org/download/9U9B.cif.gz	https://www.rcsb.org/fasta/entry/9U9B/download	2026-10-06T15:58:20+00:00	1
8ZYX	processed	1.0		Neuraminidase of A/Switzerland/9715293/2013 H3N2 in complex with CAV-F6-R54S Fab	ELECTRON MICROSCOPY	2.33	2024-06-18	2025-07-02	ed00d65a32f51ad2734ea90813035f94d0fbeaea7a1f18c415949e50f288b564	48840892fe90aea965eb2aabf1f4403871d112eca204994fb58d40bf212a010b	https://files.rcsb.org/download/8ZYX.cif.gz	https://www.rcsb.org/fasta/entry/8ZYX/download	2026-10-06T15:58:21+00:00	1
9KOD	processed	4.0		Neuraminidase of A/dairy cow/Minnesota/24_016288-003/2024 (dcMN24 N1) in complex with CAV-F6 Fab	ELECTRON MICROSCOPY	2.95	2024-11-20	2025-07-02	5d2f06c5fb1bd36f4c94669b32df120d536661964751ed97b4c67a228bdc29fa	7648a9660602bb6ec016c2eb41e24104cede4e38f5f6452263148e6cf2d5fd3e	https://files.rcsb.org/download/9KOD.cif.gz	https://www.rcsb.org/fasta/entry/9KOD/download	2026-10-06T15:58:21+00:00	4
9CCS	processed	1.0		CryoEM Structure of Escherichia coli FimCH in complex with 2H04 Fab	ELECTRON MICROSCOPY	3.17	2024-06-23	2025-07-02	76ad6787ccc82f48c23bb657b3caf359b0441ec12ff1ef5de7aa44cf348f3652	5a0d5594879932ebbe09e9c033bc469ad475a38755bbfb45cc04529dd5d97bc3	https://files.rcsb.org/download/9CCS.cif.gz	https://www.rcsb.org/fasta/entry/9CCS/download	2026-10-06T15:58:21+00:00	1
9LNG	processed	3.0		An antibody target the fusion protein of Nipah virus	ELECTRON MICROSCOPY	2.45	2025-01-21	2025-07-02	1386d06826fceca2bede3e1b7f72f81aaf6737b95fdaf48f4201117d2d04e6cd	b718db09738fd17490dc64cb9953640be2058ee783658ba7bcaf5bbd86613703	https://files.rcsb.org/download/9LNG.cif.gz	https://www.rcsb.org/fasta/entry/9LNG/download	2026-10-06T15:58:21+00:00	3
9CCT	processed	1.0		CryoEM Structure of Escherichia coli FimCH in complex with B7 Fab	ELECTRON MICROSCOPY	3.46	2024-06-23	2025-07-02	a64d8d224666c3f44a14ef0228875c90ed1d25f2800dff0c64943bb410a4fc21	6df86d3c455afa815e4909d167817d3c59bc9d623802557d3eb50ec061fb2cd6	https://files.rcsb.org/download/9CCT.cif.gz	https://www.rcsb.org/fasta/entry/9CCT/download	2026-10-06T15:58:21+00:00	1
8PET	processed	1.0		Cryo-EM structure of the full-length human alpha1beta3 GABA(A) receptor (babba arrangement) in complex with nanobody Nb25, expressed with a 5-fold excess of beta3 over alpha1	ELECTRON MICROSCOPY	2.6	2023-06-14	2025-07-02	040571668e43c25c44399d0d30941e2f9ff5679fbfab7de0eeaef7a4754336ee	de4d062630e0d6e1c6ffc876eb677b5d05a8c73a8b148beec99dd1761b63254b	https://files.rcsb.org/download/8PET.cif.gz	https://www.rcsb.org/fasta/entry/8PET/download	2026-10-06T15:58:22+00:00	1
9IYY	processed	1.0		Structure of HBsAg in complex with Fab H006	ELECTRON MICROSCOPY	3.13	2024-07-31	2025-07-02	bac3c945b26e5b5508d89dd82ddae29c3fa17ab668fe146553cadb32fb576783	0c619b15f881620181c7e5c1795716725449051bd57aaaa31876f3b41a5dd2ab	https://files.rcsb.org/download/9IYY.cif.gz	https://www.rcsb.org/fasta/entry/9IYY/download	2026-10-06T15:58:21+00:00	1
9CFH	processed	1.0		Cryo-EM Refinement of Antibody 19-77 R71V in complex with SARS-CoV-2 JD.1.1 RBD	ELECTRON MICROSCOPY	3.1	2024-06-27	2025-07-02	ab9c3669dd9fdcd29152e4a8eee3d524d58ac2511cc0dd7b81cac707128bdd7a	b5498008763724dc79b4b71ab60550a8655c59ae668fb5500eced12b472580c2	https://files.rcsb.org/download/9CFH.cif.gz	https://www.rcsb.org/fasta/entry/9CFH/download	2026-10-06T15:58:21+00:00	1
9CFG	processed	1.0		Cryo-EM Refinement of Antibody 19-77 R71V in complex with SARS-CoV-2 HK.3 RBD	ELECTRON MICROSCOPY	2.9	2024-06-27	2025-07-02	2d7349edf7ef384f97acf67d8892aa865ff6eb740b400e7dc7fd6084a67a049c	14b0c5defe57373577b0a3b7a74c7ac3ef38decd754feb145588133dce1399ed	https://files.rcsb.org/download/9CFG.cif.gz	https://www.rcsb.org/fasta/entry/9CFG/download	2026-10-06T15:58:22+00:00	1
8YVK	processed	4.0		Neuraminidase of A/Red knot/Delaware Bay/310/2016 H10N4 in complex with CAV-F6 Fab	ELECTRON MICROSCOPY	3.09	2024-03-28	2025-07-02	1d0bf3a3b6eda67c2ece13e9368679b8ab4ffdbec90eb9371fa89c741eec382c	17c6cdf833ed4677ea7ed2f0e9b2e441c16cc2fcbc28f568e04e70548c77c157	https://files.rcsb.org/download/8YVK.cif.gz	https://www.rcsb.org/fasta/entry/8YVK/download	2026-10-06T15:58:22+00:00	4
8YVM	processed	1.0		Neuraminidase of A/Switzerland/9715293/2013 H3N2 in complex with CAV-F34 Fab	ELECTRON MICROSCOPY	3.02	2024-03-28	2025-07-02	80cff0b4e87e0e8890ceca5c4ef46666d12de818f024167bc764e9dbb75f2523	724f2431f0d83bb2cf011556bfe371c7d3130a22ba238bb6cbd62c4dfdfb6b7d	https://files.rcsb.org/download/8YVM.cif.gz	https://www.rcsb.org/fasta/entry/8YVM/download	2026-10-06T15:58:22+00:00	1
9CFE	processed	1.0		Cryo-EM Local Refinement of Antibody 19-77 in complex with prefusion SARS-CoV-2 Spike glycoprotein RBD	ELECTRON MICROSCOPY	3.03	2024-06-27	2025-07-02	aceecffeceab0f505959e450401a47808569635fd2d0b20e8e3b548efbf170dc	9b08c191c5f2813cf2b0f525a6e8cf9d53ae622ad4076e0c5bf2882d392ec9a3	https://files.rcsb.org/download/9CFE.cif.gz	https://www.rcsb.org/fasta/entry/9CFE/download	2026-10-06T15:58:22+00:00	1
9CCW	processed	1.0		CryoEM Structure of Escherichia coli FimCH in complex with 2C07 Fab	ELECTRON MICROSCOPY	3.69	2024-06-23	2025-07-02	fc64947e5b51f22d3c261ca347e8db6d47c0cc324240974b4001c2cdbf10ec17	7c1106de50019e58ea8c88a61d9d5fbdab87be1942650c0521461599819b62af	https://files.rcsb.org/download/9CCW.cif.gz	https://www.rcsb.org/fasta/entry/9CCW/download	2026-10-06T15:58:22+00:00	1
8YVN	processed	4.0		Neuraminidase of A/Switzerland/9715293/2013 H3N2 in complex with CAV-F6 Fab	ELECTRON MICROSCOPY	2.80	2024-03-28	2025-07-02	5c2dea4c46d28771bc13d9e130304050ff32a48b8b0219193d7c5915512b6084	62d94b9b2d079fbac6c0c1f758e3cb32811b0b82b6edaba41290585eb71820b5	https://files.rcsb.org/download/8YVN.cif.gz	https://www.rcsb.org/fasta/entry/8YVN/download	2026-10-06T15:58:22+00:00	4
8VTD	processed	1.0		Co-structure of the Fab of the anti-TIGIT Vibostolimab antibody with its antigen	X-RAY DIFFRACTION	1.23	2024-01-26	2025-07-02	ac5694fd264ce08ab6ae8dbe2fcdc6bdabeabf47fc4cf7b9142abaec5da4121b	c3ba1b8b5ae44a5535d69c7aaeb1da8b12458ea83928f73c35324634959f365d	https://files.rcsb.org/download/8VTD.cif.gz	https://www.rcsb.org/fasta/entry/8VTD/download	2026-10-06T15:58:22+00:00	1
9CCU	processed	1.0		CryoEM Structure of Escherichia coli FimCH in complex with F7 Fab	ELECTRON MICROSCOPY	3.8	2024-06-23	2025-07-02	996c002acdf2aa4f23f9fe5957507bff159d82aeaa96eec67e5d383f8a7eff91	cd441aab1e8e985252147f98f6bd2feb71342d3e171c1b9b164eb258aa641421	https://files.rcsb.org/download/9CCU.cif.gz	https://www.rcsb.org/fasta/entry/9CCU/download	2026-10-06T15:58:22+00:00	1
8VWE	processed	1.0		HIV-1 neutralizing antibody D5_AR bound to HIV-1 gp41 coiled-coil pocket IQN17	X-RAY DIFFRACTION	2.20	2024-02-01	2025-07-02	db5ac6001a003f38a5c1ee9a02ec18d8e4fb188aafe3fecc9aab0968f11f958e	43ed8a4630c132de175f8304cfe999939b5ee32ea1bfe2494670846d38a7b6f4	https://files.rcsb.org/download/8VWE.cif.gz	https://www.rcsb.org/fasta/entry/8VWE/download	2026-10-06T15:58:23+00:00	1
9CFF	processed	1.0		Cryo-EM Refinement of Antibody 19-77 in complex with SARS-CoV-2 HK.3 RBD	ELECTRON MICROSCOPY	3.0	2024-06-27	2025-07-02	66bd919f40b2385aa066ee3c00fe5b764888560948c78492d768d12e9aaa4c2c	d00185318ba82ba825717bdaa0abf4936e3e96e832c4a40c548fe70cbe6d676d	https://files.rcsb.org/download/9CFF.cif.gz	https://www.rcsb.org/fasta/entry/9CFF/download	2026-10-06T15:58:23+00:00	1
9CJY	processed	3.0		CryoEM structure of NC99 hemagglutinin trimer in complex with Fab BB798E 3-C07	ELECTRON MICROSCOPY	3.7	2024-07-08	2025-07-09	ae68fe01334944b46cbdfd9d5eec09c2ffd6f7c4de0eaa631c8753631d0fc536	5787639bddb0c48901a95ca25fce52dbbc084601cac68f10ea82c4b6b064cb6a	https://files.rcsb.org/download/9CJY.cif.gz	https://www.rcsb.org/fasta/entry/9CJY/download	2026-10-06T15:58:23+00:00	3
9MPW	processed	1.0		SARS-CoV2 Spike S2 Subunit in complex with M15 Antibody Fragment	ELECTRON MICROSCOPY	3.37	2024-12-31	2025-07-09	b17576e7b93f76ce9299de60bd2482add91e457be687bdaa48e47e6406d7ca3a	28832b453595626f6e326dcbf1d4b578a69a1f4f18a135bd6dbe750bbdc68f77	https://files.rcsb.org/download/9MPW.cif.gz	https://www.rcsb.org/fasta/entry/9MPW/download	2026-10-06T15:58:23+00:00	1
9CR9	processed	2.0		Crystal structure of MA6 Fab in complex with PfCSP repeat region peptide NPNA3	X-RAY DIFFRACTION	1.80	2024-07-21	2025-07-09	11b7e0f19d523d05e2d9aea06bc7a1de47c4fad28a2b8a3bfbdea8f8aaee2dbc	c4e8fa82dce182743a2343ede25915f9d7a23d024244fbb64b84ed37a05ecd20	https://files.rcsb.org/download/9CR9.cif.gz	https://www.rcsb.org/fasta/entry/9CR9/download	2026-10-06T15:58:23+00:00	2
9CJZ	processed	3.0		CryoEM structure of NC99 hemagglutinin trimer in complex with Fab T009 3-E04	ELECTRON MICROSCOPY	3.8	2024-07-08	2025-07-09	3a37b24860e73579db96cb1305034e7694e2cd1aa983c5de906d8213f593c9d6	46731e1ae086f27f8050c4c386114f0bc2c9690f91461001b2b699d16ff2a108	https://files.rcsb.org/download/9CJZ.cif.gz	https://www.rcsb.org/fasta/entry/9CJZ/download	2026-10-06T15:58:23+00:00	3
9MX1	processed	1.0		Clostridioides difficile Toxin A with mCDIFA-248-25 Fab	ELECTRON MICROSCOPY	3.20	2025-01-17	2025-07-09	69a541e2d60692c2da3cd3cfb01ab371279ff5ebabd5256c11c56f97f2f5965f	a742ef86df4155afd46ed1a705245e4e319373efac156184129958cb7db3669b	https://files.rcsb.org/download/9MX1.cif.gz	https://www.rcsb.org/fasta/entry/9MX1/download	2026-10-06T15:58:24+00:00	1
9FM1	processed	3.0		Cryo-EM structure of Influenza B/Washington/02/2019 virus hemagglutinin in complex with single-domain antibody hVHH-69.	ELECTRON MICROSCOPY	2.93	2024-06-05	2025-07-09	aa2612c289aac23885f7c2c1dfdeeb2914f56ceffa65920a92aaa52b54bceb51	fa3a3e1721b4df5d0e96dda02a06cd763bbb89ea6a65810dc868769789e8f673	https://files.rcsb.org/download/9FM1.cif.gz	https://www.rcsb.org/fasta/entry/9FM1/download	2026-10-06T15:58:24+00:00	3
9JCO	processed	1.0		Cryo-EM structure of the proton-sensing GPCR (GPR4)-Gs protein complex at pH 6.5	ELECTRON MICROSCOPY	2.36	2024-08-30	2025-07-09	52708b492e11b6ceb24dd8f457442497c430ad86bc3c2637e4dd58422e3469b3	dd511926a30e5ae82c1ac179857ace2e31b3b2b502b080eef712cb110b5471b7	https://files.rcsb.org/download/9JCO.cif.gz	https://www.rcsb.org/fasta/entry/9JCO/download	2026-10-06T15:58:24+00:00	1
9JCP	processed	1.0		Cryo-EM structure of the proton-sensing GPCR (GPR4)-Gq protein complex at pH 7.4	ELECTRON MICROSCOPY	2.55	2024-08-30	2025-07-09	b280a9ac588d85bf9c17f2c8292b2353009745f1b5a7ffd501e6f2dafac3fda5	5c5509c3719fc38ddd36c9c8b0e528b3ba473b144103c4e9de4542c09e67a91d	https://files.rcsb.org/download/9JCP.cif.gz	https://www.rcsb.org/fasta/entry/9JCP/download	2026-10-06T15:58:24+00:00	1
9JCQ	processed	1.0		Cryo-EM structure of the proton-sensing GPCR (GPR4)-Gs protein complex at pH 7.4	ELECTRON MICROSCOPY	2.59	2024-08-30	2025-07-09	7c676d58334edc68843f67a4f2cac1632765f69e5abb879d2b2f6827a0faac51	82ace5034edd70e1b6e664f84a79027714a0675f72cb2545fefa2b4271dffeb6	https://files.rcsb.org/download/9JCQ.cif.gz	https://www.rcsb.org/fasta/entry/9JCQ/download	2026-10-06T15:58:24+00:00	1
9FM2	processed	1.0		Cryo-EM structure of Influenza B/Washington/02/2019 virus neuraminidase in complex with single-domain antibody hVHH-525.	ELECTRON MICROSCOPY	3.60	2024-06-05	2025-07-09	fc53739d204d2edbe5ce2ff7f036b1886047f8d2c3e5547665f031c0df04751a	62d0af7b4fd3a8944b4d2e55ad5cc0930625f6ae4d93b54f9e041b91d1ee6a42	https://files.rcsb.org/download/9FM2.cif.gz	https://www.rcsb.org/fasta/entry/9FM2/download	2026-10-06T15:58:24+00:00	1
9RM2	processed	5.0		BKPyV VP1 IN COMPLEX WITH 319C07-FAB	X-RAY DIFFRACTION	1.96	2025-06-17	2025-07-09	870dadf776daad9558a92da2948b09ecde792ac24c4caaf4e79ace642369c1c1	4de42114456f2abd1e3d4f48f5d543d61bb8f6faaa965f1e4fab5f38241bfebf	https://files.rcsb.org/download/9RM2.cif.gz	https://www.rcsb.org/fasta/entry/9RM2/download	2026-10-06T15:58:24+00:00	5
9E69	processed	2.0		Antibody 5E10	X-RAY DIFFRACTION	2.63	2024-10-29	2025-07-16	a0c8597ff8f818c8daafc2c570e9675cdab0e299124f00da6b9e6420d2c20474	879661b9abba0b9bd8f6cab0e1d3f57c6da135eafab92af5a8d17b1d27227763	https://files.rcsb.org/download/9E69.cif.gz	https://www.rcsb.org/fasta/entry/9E69/download	2026-10-06T15:58:24+00:00	2
9H39	processed	2.0		Crystal structure of Lotus japonicus CHIP13 extracellular domain in complex with a nanobody	X-RAY DIFFRACTION	1.66	2024-10-16	2025-07-16	ea97e3f310cef1d95d0b4f9a700f7594efb62527e862aef8ce031e3b1a3edb10	e28f7791ead4263f6571ca81eea43c2a2126951bed88a883eb6f887ba21b98d3	https://files.rcsb.org/download/9H39.cif.gz	https://www.rcsb.org/fasta/entry/9H39/download	2026-10-06T15:58:24+00:00	2
9FYT	removed_by_strict_cleaning	2.0		mAbs in complex with cobratoxin at pH 4.5	X-RAY DIFFRACTION	1.55	2024-07-03	2025-07-16	6b6710a50c930ee25dfd3725f9363d31820387b92a81c2c37ec657634cdcf260	8a2dc4b8d83548660e6b393f3d7afbe5be4266cbcc4673b788f7c3b11d0a47f9	https://files.rcsb.org/download/9FYT.cif.gz	https://www.rcsb.org/fasta/entry/9FYT/download	2026-10-06T15:58:25+00:00	0
9EZA	processed	2.0		Interleukin-31 Receptor D1D2 in complex with Nemolizumab derived scFv	X-RAY DIFFRACTION	2.147	2024-04-11	2025-07-16	7896aa1a59380ff004e2f002d00e048ebaa7c38d809ccbe814e2a5f710f0a18d	0c551a3b795a72e8d0f7aa1c93887ac59936059e3b81f26e4950d7e87d7c75a6	https://files.rcsb.org/download/9EZA.cif.gz	https://www.rcsb.org/fasta/entry/9EZA/download	2026-10-06T15:58:24+00:00	2
9UXD	processed	3.0		SARS-CoV2 Spike protein with Fab fragment antibody KXD355,state1	ELECTRON MICROSCOPY	3.03	2025-05-13	2025-07-16	26583a9dd0c216ee1293eeca8e801ae08b07aedcc6530bc03bd69f63087e278d	90940f5977a2658ef7bb314aaf04e7fcd16019b6b528db20c15e938df2d29db8	https://files.rcsb.org/download/9UXD.cif.gz	https://www.rcsb.org/fasta/entry/9UXD/download	2026-10-06T15:58:25+00:00	3
9EI9	processed	2.0		Cryo-EM structure of 5E10 Fab in complex with H3 influenza Victoria 2011 HA trimer	ELECTRON MICROSCOPY	3.89	2024-11-25	2025-07-16	dec465d8ae58b5ea6fcb57afd0ad5012f090cc135223eb3411b445af8fd33961	cbd3496eb9207ce730d11d3a3bb80b106fd5c0e56c68a1a754b9540dfcd80b32	https://files.rcsb.org/download/9EI9.cif.gz	https://www.rcsb.org/fasta/entry/9EI9/download	2026-10-06T15:58:25+00:00	2
9IQP	processed	1.0		Crystal structure of the Wuhan SARS-CoV-2 Spike RBD (319-541) complexed with 1p1B10 nanobody	X-RAY DIFFRACTION	1.550	2024-07-13	2025-07-16	5a5c34c5bc05e4bdb887c0bc3177c417ef0e98299964676124272118c269a780	5d6b0d19b221c71016a2dedf72b2468254cf39208d1dadd6bace70c494794af2	https://files.rcsb.org/download/9IQP.cif.gz	https://www.rcsb.org/fasta/entry/9IQP/download	2026-10-06T15:58:25+00:00	1
9UXE	processed	3.0		SARS-CoV2 Spike protein with Fab fragment antibody KXD355,state2	ELECTRON MICROSCOPY	3.17	2025-05-13	2025-07-16	b1579b467ac2bab09648036284fa0e54055b436e2853967c60bcb2b8732227ac	46a590aa3ab296b9d19ab06b0d04150f39d8706a0ddc5e8cfe44ba0c33f26a96	https://files.rcsb.org/download/9UXE.cif.gz	https://www.rcsb.org/fasta/entry/9UXE/download	2026-10-06T15:58:25+00:00	3
9NAB	processed	1.0		Cryo-EM structure of the alpha5beta1 integrin headpiece with OS2966 Fab	ELECTRON MICROSCOPY	2.54	2025-02-11	2025-07-23	20bbbb3c1d2939afb6caafe815fd504fe79376d41c49394365562127b643d19c	22aac8e1c920ed4a49f4e20d33134c22e9908f1bb15fea6e819eefbd1cfd2dac	https://files.rcsb.org/download/9NAB.cif.gz	https://www.rcsb.org/fasta/entry/9NAB/download	2026-10-06T15:58:25+00:00	1
9MQV	processed	1.0		Crystal structure of human 1122A11 Fab in complex with influenza virus neuraminidase from A/Singapore/INFIMH-16-0019/2016 (H3N2)	X-RAY DIFFRACTION	2.20	2025-01-06	2025-07-23	024ee5291b2df0967eeb5d8b577963e30ccc83f213e1e7f35bc14b310ceafad3	8e8dfa24f0d7765635b9b2a318cedce3861e39de35fce4045583c79d0336bfaf	https://files.rcsb.org/download/9MQV.cif.gz	https://www.rcsb.org/fasta/entry/9MQV/download	2026-10-06T15:58:25+00:00	1
9JIE	processed	2.0		Rat hepatitis E virus capsid protein E2s domain in complex with Fab C6	ELECTRON MICROSCOPY	2.76	2024-09-11	2025-07-23	0191bcb21c71dcb686376d1c5fe5727e6b7fc9e97256d811cac5e1e7b079c21e	ba8a77995e9a67694788e0c5034a72b0b69a64aceff989480bf466f7c3ffb841	https://files.rcsb.org/download/9JIE.cif.gz	https://www.rcsb.org/fasta/entry/9JIE/download	2026-10-06T15:58:25+00:00	2
9JIF	processed	2.0		Hepatitis E virus capsid protein E2s domain (genotype I) in complex with Fab C6	ELECTRON MICROSCOPY	2.79	2024-09-11	2025-07-23	b108d14a66dbb99bedcb46a41b5b2a09ca3f7130eb14042e7e10aa835b28d112	ae4bb237ba9890a7adf26fe378e21f75215a72c7cbadd6f8b3821e1eb797ecca	https://files.rcsb.org/download/9JIF.cif.gz	https://www.rcsb.org/fasta/entry/9JIF/download	2026-10-06T15:58:26+00:00	2
9DMF	processed	1.0		Crystal structure of LJF-0085 Fab, a non-human primate antibody targets HIV-1 envelope protein	X-RAY DIFFRACTION	1.48	2024-09-13	2025-07-23	b8b72506bbf32f038f18c44f479bd4fabe98c83ef5283577f38be1a5424f34e3	03b96986a22c6d780d778bc39331788ecb19b7ab6ac29e1eb4ac27592d05fa36	https://files.rcsb.org/download/9DMF.cif.gz	https://www.rcsb.org/fasta/entry/9DMF/download	2026-10-06T15:58:26+00:00	1
9O5S	processed	4.0		minibinder-antigen complex BXMart1-3-MART1-HLA*A02	X-RAY DIFFRACTION	2.27	2025-04-10	2025-07-23	67cbeb9dfa9c2f32d917a3e57808e729737e0be9cad77f3b59f8bc8f55146cfc	bc8b0e4305bc6183d964cf69d30826414d44cc64ff944d0e2885f9b4c348cf23	https://files.rcsb.org/download/9O5S.cif.gz	https://www.rcsb.org/fasta/entry/9O5S/download	2026-10-06T15:58:26+00:00	4
9JIG	processed	2.0		Hepatitis E virus capsid protein E2s domain (genotype IV) in complex with Fab C6	ELECTRON MICROSCOPY	2.38	2024-09-11	2025-07-23	1c1dae07ece97bbf0deaf0fadff7b99c8d749dc164bf62097fe26e44127ff3ec	ef2fd63d3ccbdfb9c399587e28359eb7985e849ea9a2fece2ae759f21cb0fe34	https://files.rcsb.org/download/9JIG.cif.gz	https://www.rcsb.org/fasta/entry/9JIG/download	2026-10-06T15:58:26+00:00	2
9JII	processed	2.0		Rat hepatitis E virus capsid protein E2s domain in complex with Fab C158	ELECTRON MICROSCOPY	2.54	2024-09-11	2025-07-23	8e63acdfb6ec8a958d7e758f146bdbd2c5e9dc97abd39f1b40880ac5c318ca8a	e1905a162437f94d29ef40e64f9dcb835be94648ad097bb0236b402c9c6d6ad6	https://files.rcsb.org/download/9JII.cif.gz	https://www.rcsb.org/fasta/entry/9JII/download	2026-10-06T15:58:26+00:00	2
9PC6	processed	2.0		Antibody (1B2) Bound Crosslinked Rifamycin Synthetase Module 1 with a C-terminal Type II Thioesterase	ELECTRON MICROSCOPY	3.96	2025-06-27	2025-07-23	16b8eccb37e18199587bc70cafb716f7120504d60ed85ee62b660513c047a9d0	d1e62ae25486e4a96bd81a2cd96597debdcdbf188f04310a697ceb950c020e56	https://files.rcsb.org/download/9PC6.cif.gz	https://www.rcsb.org/fasta/entry/9PC6/download	2026-10-06T15:58:26+00:00	2
9H6U	processed	1.0		SARS-CoV-2 S protein in complex with pT1679 Fab	ELECTRON MICROSCOPY	3.27	2024-10-25	2025-07-23	eb1d3872e7bfb9c96cfe2021cf00289afc60050aadc047d0bbf3fbbe5d26c450	16421d8212edcfe4bcbcac007093df6bfc8fdd573d12edd54d9b7ff0ac999119	https://files.rcsb.org/download/9H6U.cif.gz	https://www.rcsb.org/fasta/entry/9H6U/download	2026-10-06T15:58:26+00:00	1
9MEW	processed	3.0		JUNV GP1, GP2, SSP and CR1-28 Fab complex in a pseudotyped virus membrane	ELECTRON MICROSCOPY	3.8	2024-12-09	2025-07-23	341b81a72e38a82e6321e129b82e5d370a75421829462f914565c5d24193f1fb	3db4bbda1d20dbe170b6f019bbd160d1bf2f1665f5e0c210369d82d617d2a1bf	https://files.rcsb.org/download/9MEW.cif.gz	https://www.rcsb.org/fasta/entry/9MEW/download	2026-10-06T15:58:26+00:00	3
9JIO	processed	2.0		Hepatitis E virus capsid protein E2s domain (genotype I) in complex with Fab H4	ELECTRON MICROSCOPY	2.87	2024-09-12	2025-07-23	b43a9d01eeca6efbb22cdb55d06c12867a292e899b8389b45abe0de9c0153e09	7babfd0d647dfad0b491a5dd044cecd48db639b1e21473ff38dd7c2ac57eb270	https://files.rcsb.org/download/9JIO.cif.gz	https://www.rcsb.org/fasta/entry/9JIO/download	2026-10-06T15:58:27+00:00	2
9JIM	processed	2.0		Rat hepatitis E virus capsid protein E2s domain in complex with Fab C145	ELECTRON MICROSCOPY	2.86	2024-09-12	2025-07-23	2d227e05a9262c53a96e09405f2de8d4808f66750e0655d398135a05ad2ee86a	9f62799176e88b692a171413fffb13d7731608f0bac3431c9160e9eda11bb7f4	https://files.rcsb.org/download/9JIM.cif.gz	https://www.rcsb.org/fasta/entry/9JIM/download	2026-10-06T15:58:27+00:00	2
9JIL	processed	2.0		Rat hepatitis E virus capsid protein E2s domain in complex with Fab C131	ELECTRON MICROSCOPY	2.44	2024-09-12	2025-07-23	ab013789db0dc1dfde589386bffbbb55bfa0fd3613217fc90fe35bad11c36010	df9d01e4ccd56a25acf1e6fb95c404fd6187c3d00fb66810ce3faa77fde50770	https://files.rcsb.org/download/9JIL.cif.gz	https://www.rcsb.org/fasta/entry/9JIL/download	2026-10-06T15:58:27+00:00	2
9PAT	processed	2.0		Antibody (1B2) Bound Rifamycin Synthetase Module 1 in the Transacylation Mode	ELECTRON MICROSCOPY	3.96	2025-06-25	2025-07-23	876b4e022fa553ed1d9f0e7eb8fcfbe0f1934570e45dcbafc024029e031f9340	418391e7ff4d5b56222ac57710ab2ec532065f0db672cc9bf8848d155e7de2b5	https://files.rcsb.org/download/9PAT.cif.gz	https://www.rcsb.org/fasta/entry/9PAT/download	2026-10-06T15:58:27+00:00	2
9PAV	processed	2.0		Antibody (1B2) Bound Rifamycin Synthetase Module 1 in the Elongation Mode	ELECTRON MICROSCOPY	3.22	2025-06-25	2025-07-23	6ee1103ac6186617ed26ca5c676fb9c5848f2ed3e933a28c1e7764dcb0f46a3b	4d599a54e253a2925a9d494240f293e5f07203d56eab3fdeae95fd44ca6a06cf	https://files.rcsb.org/download/9PAV.cif.gz	https://www.rcsb.org/fasta/entry/9PAV/download	2026-10-06T15:58:27+00:00	2
9JIJ	processed	2.0		Hepatitis E virus capsid protein E2s domain (genotype I) in complex with Fab C158	ELECTRON MICROSCOPY	2.64	2024-09-11	2025-07-23	cee6295c82b4807aa6493dee880daae09a4d881368d6590b675dcee82851c5e6	feb9e1ff39a2d6b81f01bc19140a7030783c2a2d10549372eb8ae41af1569ff8	https://files.rcsb.org/download/9JIJ.cif.gz	https://www.rcsb.org/fasta/entry/9JIJ/download	2026-10-06T15:58:27+00:00	2
9JIK	processed	2.0		Rat hepatitis E virus capsid protein E2s domain in complex with Fab C127	ELECTRON MICROSCOPY	2.91	2024-09-12	2025-07-23	adafa05bff72f0e444cd1dc9915c4a34b1f6a6993403d28bc287565a3df3994a	fdcda445b4c7cdd3f4435fdc8424603a7f17d95f0001be333470e8636c018aa2	https://files.rcsb.org/download/9JIK.cif.gz	https://www.rcsb.org/fasta/entry/9JIK/download	2026-10-06T15:58:27+00:00	2
9DN2	processed	3.0		TJ5-1 Fab in complex with NG2 COBRA hemagglutinin	ELECTRON MICROSCOPY	3.24	2024-09-16	2025-07-30	a9fe7d1723d990c3e66bc1eebe8d44270009c4a4f93edb194cf0395b05bd5ed5	f113fc0ca45d85ea3cce482f4c5ec578b2268fd8ddcfd6e99986271094e3a2b8	https://files.rcsb.org/download/9DN2.cif.gz	https://www.rcsb.org/fasta/entry/9DN2/download	2026-10-06T15:58:27+00:00	3
9ORE	processed	1.0		CryoEM structure of 4F11 Fab bound to stabilized MPV-2c HMPV preF	ELECTRON MICROSCOPY	4.13	2025-05-21	2025-07-30	2c1b54d96f85dfe39b404135e5d87fdf294eb42357c1cf24e814e635670ae792	cb69d6daa100f258caed171fe8b38bacb6fe27047865ec8ddbf63a5ea4762950	https://files.rcsb.org/download/9ORE.cif.gz	https://www.rcsb.org/fasta/entry/9ORE/download	2026-10-06T15:58:28+00:00	1
9NJY	processed	1.0		Terminal two domains of ClfA002 with bound Fab of AZD7745	X-RAY DIFFRACTION	1.580	2025-02-28	2025-07-30	d7e2d8b99811fdf0bafced5130040858c610ae93b9d1cb744eb0fb4d19e04c03	64d55a3fc83be778ae1267d7ccf08fd33455d4fe20c98b459b54c293c9500f06	https://files.rcsb.org/download/9NJY.cif.gz	https://www.rcsb.org/fasta/entry/9NJY/download	2026-10-06T15:58:28+00:00	1
9DO2	processed	1.0		#1664 Fab in complex with NG2 COBRA hemagglutinin	ELECTRON MICROSCOPY	3.45	2024-09-18	2025-07-30	300d546edd194465d5e23c91a0a52fed24d5a52f3e3c625c1fd532039d6f7335	500eee5636d03398b4329a6581ace787762d1175361ea7717d71a848ac4cc34e	https://files.rcsb.org/download/9DO2.cif.gz	https://www.rcsb.org/fasta/entry/9DO2/download	2026-10-06T15:58:28+00:00	1
9JD1	processed	1.0		Crystal structure of TMPRSS2 in complex with Fab	X-RAY DIFFRACTION	1.90	2024-08-30	2025-07-30	104f53d3daeac7ee0cea501a408f7e5d33782686d9ad0c6565675338f9599e4e	72aff8aff4065cde7041c85786985b1e20a62aeacb58906f9449d927de36e43f	https://files.rcsb.org/download/9JD1.cif.gz	https://www.rcsb.org/fasta/entry/9JD1/download	2026-10-06T15:58:28+00:00	1
9JCY	processed	1.0		Crystal structure of the HCoV-HKU1 RBD in complex with Fab	X-RAY DIFFRACTION	1.80	2024-08-30	2025-07-30	f0196a417e06e0af30ff7282f783d20e3ce2cd08fcab5f5343c7a103087389ac	bf13a31149b32f0c503affb7887adfe5bb99ff96a26daf27a87ee611d89aa92b	https://files.rcsb.org/download/9JCY.cif.gz	https://www.rcsb.org/fasta/entry/9JCY/download	2026-10-06T15:58:28+00:00	1
9JD0	processed	2.0		Crystal structure of TMPRSS2 in complex with nanobody	X-RAY DIFFRACTION	2.00	2024-08-30	2025-07-30	0b448ea6a3573c3bc67c24f28114dc063fd6ad64e6a774618c60dc428fb6370e	6840960dfc912c8bd4cc25f982018c23a81bd70b3b5a30a067bac1ae6c76beaf	https://files.rcsb.org/download/9JD0.cif.gz	https://www.rcsb.org/fasta/entry/9JD0/download	2026-10-06T15:58:28+00:00	2
9MLK	processed	3.0		Post-fusion HERV-K Envelope Protein in complex with Kenv-4 Fab	ELECTRON MICROSCOPY	2.84	2024-12-19	2025-07-30	b71dab8ba0b5e5c4c44e48783a8379b9fc9aa7304198d317ad90770ab845e33f	f6238c5dbec9787b26f23aee53fbe4734858d60eb8dc8cb896798e6674ea68c9	https://files.rcsb.org/download/9MLK.cif.gz	https://www.rcsb.org/fasta/entry/9MLK/download	2026-10-06T15:58:28+00:00	3
9P3Y	processed	4.0		Andes virus glycoprotein tetramer in complex with ADI-65534 Fab	ELECTRON MICROSCOPY	3.3	2025-06-14	2025-07-30	ebd9c50696b09e5f866f32f89a483590306403a198bd8c427f4af4f8b88ba95e	881765ce3b38ac5d6b515209989ed3f192e8c3d893ded107683792b372735d53	https://files.rcsb.org/download/9P3Y.cif.gz	https://www.rcsb.org/fasta/entry/9P3Y/download	2026-10-06T15:58:29+00:00	4
9IW2	processed	1.0		Chikungunya virus E protein complexed with C37 Fab	X-RAY DIFFRACTION	3.20	2024-07-25	2025-07-30	e37bae147260ee21b66d807d5f08a23cddb3825eda1dce6efed582ab3bfeaf33	84732ee7d21f8dfcfc5a288d5444e079172286e66325661f8f86e1dff7de9c21	https://files.rcsb.org/download/9IW2.cif.gz	https://www.rcsb.org/fasta/entry/9IW2/download	2026-10-06T15:58:28+00:00	1
9E7N	processed	2.0		Pfs230 D13D14 in complex with nanobody W2809	X-RAY DIFFRACTION	2.49	2024-11-03	2025-07-30	7fde7d04612ec48c77e86e78dc22aaa73247e2d10b132ef3a583266b760b3738	5001f8d3bd090f20249042c5ea089c0e2aaefe1b1450122286be4627f8852e46	https://files.rcsb.org/download/9E7N.cif.gz	https://www.rcsb.org/fasta/entry/9E7N/download	2026-10-06T15:58:28+00:00	2
9E7O	processed	1.0		Pfs230 D13D14 in complex with nanobody W2810	X-RAY DIFFRACTION	1.93	2024-11-03	2025-07-30	d191cff31b6cf39239bfa0d9c9f0a866bc4851e9ae76913663d4dbf584e14f7b	a01a8c577c24a446d7a36759f755e01929017d2438646f383f25e3dc255f0064	https://files.rcsb.org/download/9E7O.cif.gz	https://www.rcsb.org/fasta/entry/9E7O/download	2026-10-06T15:58:29+00:00	1
9E7P	processed	1.0		Pfs230 D13D14 in complex with nanobody W2812	X-RAY DIFFRACTION	3.22	2024-11-03	2025-07-30	385ba0d492453f5e9a36b97921ecf3f99c26e29f2811d7117e3cf79463e6027d	9ee9fe35a135d21fcefbfc87ab0e621f17c8537cef205e7fb1045ced85625fe5	https://files.rcsb.org/download/9E7P.cif.gz	https://www.rcsb.org/fasta/entry/9E7P/download	2026-10-06T15:58:29+00:00	1
9U8G	processed	2.0		Crystal structure of TMPRSS2 in complex with nanobody77_10	X-RAY DIFFRACTION	2.00	2025-03-26	2025-07-30	0a51d697ba2cfed2c02e4cad94712bc1321ee179872f630141243f38e300a9b2	ca66444507e4ed48776a588a56ac374775c6c55236054ee316c3bf4602386854	https://files.rcsb.org/download/9U8G.cif.gz	https://www.rcsb.org/fasta/entry/9U8G/download	2026-10-06T15:58:29+00:00	2
9MPC	processed	1.0		Crystal structure of the HIV V2-apex-targeting antibody RM018 from macaque	X-RAY DIFFRACTION	3.30	2024-12-30	2025-07-30	5e4718fd6509d4473dfe2fa750cf809844c83220146eab3eb3f890f19a1a81ca	54e59e29bcdcd5b5abd5d0ddbba446a2c9a22458a819dfac71d446b27dd1eb93	https://files.rcsb.org/download/9MPC.cif.gz	https://www.rcsb.org/fasta/entry/9MPC/download	2026-10-06T15:58:29+00:00	1
9MPB	processed	1.0		Crystal structure of the HIV V2-apex-targeting antibody RM038, derived from macaque ApexGT6 immunization	X-RAY DIFFRACTION	1.98	2024-12-30	2025-07-30	eba700319ebb912b0fc5f0deeffeb7a242faadab65ed6b3b8dc7d79bd2b766f9	0f9ed13ea376b0ae67d6d52f0d8db84283e3a0426da944644cc18cfad0b0c3c0	https://files.rcsb.org/download/9MPB.cif.gz	https://www.rcsb.org/fasta/entry/9MPB/download	2026-10-06T15:58:29+00:00	1
9BQW	processed	1.0		Fab F945-DbpA complex	X-RAY DIFFRACTION	2.55	2024-05-10	2025-08-06	a7cd2842a3c26cd2ee2a5210b76b3578d9ea37421d4f4ecca1cfd5c1aa052550	b9e86a076e28bd2116d4d567d0b84099945d591109bff276580f3f4d12731871	https://files.rcsb.org/download/9BQW.cif.gz	https://www.rcsb.org/fasta/entry/9BQW/download	2026-10-06T15:58:29+00:00	1
9MGB	processed	6.0		scFv antibody CL33 bound to R-phycoerythrin	ELECTRON MICROSCOPY	2.1	2024-12-10	2025-08-06	266c4db5a4bcf1fc66636818d730ca6747a30f477bd7ce9ea71cc0f843ff4ae9	a5006438ad85eeedce70d7d1a2f3a634665d9924720c2e629ec26612da5bf09b	https://files.rcsb.org/download/9MGB.cif.gz	https://www.rcsb.org/fasta/entry/9MGB/download	2026-10-06T15:58:30+00:00	6
9MIN	processed	2.0		Structure of a designed minibinder to NYESO1-A*02:01	X-RAY DIFFRACTION	2.05	2024-12-13	2025-08-06	0d847a0f2966cccfdad125985c2f7914bbae0107b362843dafe3ba039b925aed	def9f1ced2d03fefdecf07a60d00085d83f000d394aa9a7791b75a8d5df8332e	https://files.rcsb.org/download/9MIN.cif.gz	https://www.rcsb.org/fasta/entry/9MIN/download	2026-10-06T15:58:30+00:00	2
9IZ9	processed	4.0		VLP structure of Chikungunya virus complexed with C37 Fab, 2f block.	ELECTRON MICROSCOPY	3.30	2024-08-01	2025-08-06	9e23fab1a6a564894d252085f5cc8088e43fe34f943de12e3b3d0e36301732cd	372996813dce94d3ed52c8c1440a88250c5ab3090cca1613dbf76562fbc287f5	https://files.rcsb.org/download/9IZ9.cif.gz	https://www.rcsb.org/fasta/entry/9IZ9/download	2026-10-06T15:58:30+00:00	4
9J05	processed	1.0		Apo state purinergic receptor P2Y14-BRIL/PPTN/1B3 Fab-4/9Glue	ELECTRON MICROSCOPY	3.2	2024-08-02	2025-08-06	664fb78788cd4192515079b4ea92dfce5a85e55fe9a2322df8d050024a7bdb69	5a799bd4479c39f0692ad01016c83427d595ff3258a7dfe355ae85738f25cdd3	https://files.rcsb.org/download/9J05.cif.gz	https://www.rcsb.org/fasta/entry/9J05/download	2026-10-06T15:58:29+00:00	1
9GCN	processed	4.0		Co-crystal VHH (TPL1158_01_C09) - alpha-cobratoxin (Naja kaouthia)	X-RAY DIFFRACTION	3.00	2024-08-02	2025-08-06	5bb4a81d6aa6694edf7db9a58cc7cbfa64c1b47c6d1986b9a172c053f0726e8c	bae23b2aff87bc753a00dbb65c933ecb8920aa88ad1d28fdf728464529ea2807	https://files.rcsb.org/download/9GCN.cif.gz	https://www.rcsb.org/fasta/entry/9GCN/download	2026-10-06T15:58:30+00:00	4
9JFT	processed	1.0		Cryo-EM structure of GPR65 complexed with miniGs in pH6.5	ELECTRON MICROSCOPY	3.27	2024-09-05	2025-08-13	5452a4b251007e8657456c63a4220626e9febcc53b781ba4991e7eafe0a3ecf7	6150ccec26f6f488c83297439c110fa4ed21950d99c31aea6609b1425114aa90	https://files.rcsb.org/download/9JFT.cif.gz	https://www.rcsb.org/fasta/entry/9JFT/download	2026-10-06T15:58:30+00:00	1
9MVU	processed	3.0		C6 Herpes Virus Simplex Neutralizing Nanobody Bound to HSV Glycoprotein gB	ELECTRON MICROSCOPY	2.20	2025-01-16	2025-08-13	82e349af53f9866483a9217a20e731fa6823a1d4154a1767407a16c56a1e941d	17207a19c1bc88f11bf7f006b8705b9d7258d44b362bb975ec4917af7d09d3fc	https://files.rcsb.org/download/9MVU.cif.gz	https://www.rcsb.org/fasta/entry/9MVU/download	2026-10-06T15:58:30+00:00	3
9MQD	processed	3.0		Cryo-EM structure of hemagglutinin H5N1 in complex with Fab 310-12D03	ELECTRON MICROSCOPY	3.22	2025-01-02	2025-08-13	82a65afe89439e6c067f086c7fb066b4c755fad5895cdf417779283265eae4c8	96f6f9a74b3e6a99c2219ec1b79b1a0095625b9a2111f9743717e1f2662bb82f	https://files.rcsb.org/download/9MQD.cif.gz	https://www.rcsb.org/fasta/entry/9MQD/download	2026-10-06T15:58:30+00:00	3
9MQ9	processed	3.0		Cryo-EM structure of hemagglutinin H5N1 in complex with Fab 326-289.74	ELECTRON MICROSCOPY	3.38	2025-01-02	2025-08-13	f8c3a74e3c4195846828805ee9b75fe608bee56039f18f1bcd648af4cb03c1f0	b49200b0b7d3d8abc7c44a8506fdcff32349ad5b00327afcd61957c6eafeded6	https://files.rcsb.org/download/9MQ9.cif.gz	https://www.rcsb.org/fasta/entry/9MQ9/download	2026-10-06T15:58:31+00:00	3
9O4O	processed	4.0		Cryo-EM structure of CR12044 Fab in complex with influenza virus neuraminidase from A/California/07/2009 (H1N1)	ELECTRON MICROSCOPY	2.53	2025-04-08	2025-08-13	4d7bf2536c7f3e1928a28a5e53ab7bf85bf21c82ecaeb57f5bf2f4f323ef4d2b	2bc37306344b8604c4a0bd4b25565c2f9fab15c5846a74c35f34a554ba59ce63	https://files.rcsb.org/download/9O4O.cif.gz	https://www.rcsb.org/fasta/entry/9O4O/download	2026-10-06T15:58:31+00:00	4
9O9V	processed	4.0		NCS.1.1 Fab in complex with the sNAp of A/California/04/2009 (CA09, H1N1) -- 4 Fabs [C1 Reconstruction]	ELECTRON MICROSCOPY	2.50	2025-04-18	2025-08-13	ab928e68859d73cf255e4e01a5b8bde97fb53cf58a817efeddf0482b8c4be5e8	bfa7bc1e814fef34d94286474f1c9dbd8a5382424ea2de4b9147bebbcda9f566	https://files.rcsb.org/download/9O9V.cif.gz	https://www.rcsb.org/fasta/entry/9O9V/download	2026-10-06T15:58:30+00:00	4
9O4Q	processed	4.0		Cryo-EM structure of Z1A11-GL Fab in complex with influenza virus neuraminidase from A/California/07/2009 (H1N1)	ELECTRON MICROSCOPY	2.76	2025-04-08	2025-08-13	e41dacfb010c4c980e8f4d75a438af231a5ec1970a587bcb0de09729efc23afb	fd1dadfa02016af95d449371a8e3b91fd6434c7c20469973f09d7be72a02ab05	https://files.rcsb.org/download/9O4Q.cif.gz	https://www.rcsb.org/fasta/entry/9O4Q/download	2026-10-06T15:58:31+00:00	4
9MQ7	processed	3.0		Cryo-EM structure of hemagglutinin H5N1 in complex with Fab 326-366.26	ELECTRON MICROSCOPY	3.63	2025-01-02	2025-08-13	1eda943fa7ab421a1059cc2cbbcef0aa3cfc2045481ed18bd3f49344635bbd5c	792684049522436abab0bb4bf3cfbacc9ccaa1e05348e8e3c593692b47242445	https://files.rcsb.org/download/9MQ7.cif.gz	https://www.rcsb.org/fasta/entry/9MQ7/download	2026-10-06T15:58:31+00:00	3
9O4N	processed	4.0		Cryo-EM structure of CR12042 Fab in complex with influenza virus neuraminidase from A/California/07/2009 (H1N1)	ELECTRON MICROSCOPY	2.48	2025-04-08	2025-08-13	687edd4c22b31c7134aa51231413b94ace05c3a49f845630f6b0622c5fe7d4ca	414a8238e0ff6e64ebb8eed9cfbda64e259cc50adda194a7b48c8352b6bf53b5	https://files.rcsb.org/download/9O4N.cif.gz	https://www.rcsb.org/fasta/entry/9O4N/download	2026-10-06T15:58:31+00:00	4
9MW5	processed	3.0		D1 Herpes Virus Simplex Neutralizing Nanobody Bound to HSV Glycoprotein gB	ELECTRON MICROSCOPY	2.1	2025-01-16	2025-08-13	cad519b658b7007587d63e4ee53c21a29962b25fe597572bc7a8d69c2982424c	7a8f2803d4e4e266eb1c29e916009e9df3ac7743ef84e58d450666902a6c3df8	https://files.rcsb.org/download/9MW5.cif.gz	https://www.rcsb.org/fasta/entry/9MW5/download	2026-10-06T15:58:31+00:00	3
9EJF	processed	4.0		NCS.1.1 Fab in complex with the sNAp of A/California/04/2009 (CA09, H1N1) -- 4 Fabs [C4 Reconstruction]	ELECTRON MICROSCOPY	2.29	2024-11-27	2025-08-13	429fa41f2f2ab1e061f7b259d0f97816b6a3f46882671a346cb17b40c2828067	f3efbfcec24d6db6ba33d6b3f5643832f5e74cdcc8b47a8ec960b2a3a68e4617	https://files.rcsb.org/download/9EJF.cif.gz	https://www.rcsb.org/fasta/entry/9EJF/download	2026-10-06T15:58:31+00:00	4
9EJE	processed	3.0		NCS.1 Fab in complex with N5 NA of A/shorebird/Delaware Bay/309/2016 (DB16, H10N5) -- 3 Fabs	ELECTRON MICROSCOPY	4.18	2024-11-27	2025-08-13	97a957a79fb8978dc9586ab7305443fe569de386f01c047a12d5357bb64f60da	cb3b76ec91979c235b9eb50f1e1fae8c2420126a9984b1aaf87617ccef9875d1	https://files.rcsb.org/download/9EJE.cif.gz	https://www.rcsb.org/fasta/entry/9EJE/download	2026-10-06T15:58:32+00:00	3
9MQ8	processed	3.0		Cryo-EM structure of hemagglutinin H5N1 in complex with Fab 310-33-1_H02	ELECTRON MICROSCOPY	3.73	2025-01-02	2025-08-13	b0c1389a6c412fb84fac11e09bc52c7db08d92417576f84e413920f18505c3a2	f5a0786c649abe77d771e3d42f72c4f19876473499b95fc340745017036dad8f	https://files.rcsb.org/download/9MQ8.cif.gz	https://www.rcsb.org/fasta/entry/9MQ8/download	2026-10-06T15:58:31+00:00	3
9MQA	processed	3.0		Cryo-EM structure of hemagglutinin H5N1 in complex with Fab 310-7D11	ELECTRON MICROSCOPY	3.22	2025-01-02	2025-08-13	84592ac8d8d1926ebf6b649d44e14d5fd7e4e719a5ffe30612f754aed2dc2398	6055aab5e5a5ebc9b41c353c15ea277ea7927e5b8162e139f80dd594420c09d8	https://files.rcsb.org/download/9MQA.cif.gz	https://www.rcsb.org/fasta/entry/9MQA/download	2026-10-06T15:58:32+00:00	3
9O4P	processed	4.0		Cryo-EM structure of AF9C-GL Fab in complex with influenza virus neuraminidase from A/California/07/2009 (H1N1)	ELECTRON MICROSCOPY	2.55	2025-04-08	2025-08-13	298959fa53d86211c08d249dce4cbb15ed250b6fe54f2d6ecb366fab6d0b0345	0bf4ad0aa645eb527479c40ba7267fcccb61382eb4945fd4a3ecf7014ca652a6	https://files.rcsb.org/download/9O4P.cif.gz	https://www.rcsb.org/fasta/entry/9O4P/download	2026-10-06T15:58:32+00:00	4
9Q8L	processed	1.0		Crystal Structure of 21A08Ap1-Fab in Complex with Human PD-1 at 1.85 angstrom Resolution	X-RAY DIFFRACTION	1.850	2025-02-25	2025-08-13	0a08a6ccb13ca7d68f23a23697f2d109d170c24e769bb837106a5ee21937d7f8	92ca05d0ed9196ace10823dbd430514e0d0557cbc9d73faf2daf9903a62d1211	https://files.rcsb.org/download/9Q8L.cif.gz	https://www.rcsb.org/fasta/entry/9Q8L/download	2026-10-06T15:58:32+00:00	1
9CYE	processed	4.0		Cryo-EM structure of DA03E17 Fab in complex with influenza virus neuraminidase from A/California/07/2009 (H1N1)	ELECTRON MICROSCOPY	2.7	2024-08-02	2025-08-13	85c6bb164fc420efeb1a5f3ba17578f2342175294522988c4c185b1ced913a00	cf1ffa6d6d2af40e91920a34d8514ba3ae80ec83f63f54678cd918720dd21551	https://files.rcsb.org/download/9CYE.cif.gz	https://www.rcsb.org/fasta/entry/9CYE/download	2026-10-06T15:58:32+00:00	4
9CYF	processed	4.0		Cryo-EM structure of DA03E17 Fab in complex with influenza virus neuraminidase from A/Kansas/14/2017 (H3N2)	ELECTRON MICROSCOPY	2.86	2024-08-02	2025-08-13	d0d0a0e43d094207cdd6bd59cfca8a6273e1ec3679ee6bf330d057a039bc497c	4e61050efabaea1b2cb54a63252dda1f85913920ded6434ca24f702792a406a6	https://files.rcsb.org/download/9CYF.cif.gz	https://www.rcsb.org/fasta/entry/9CYF/download	2026-10-06T15:58:32+00:00	4
9CYH	processed	4.0		Cryo-EM structure of DA03E17 Fab in complex with influenza virus neuraminidase from B/Colorado/06/2017	ELECTRON MICROSCOPY	2.47	2024-08-02	2025-08-13	623eb536c8e5a277ee5530099a6ef9bc51090152621cee87670b59ee8d8b8974	3903f091a06c128680c517d3766bc96363f4e980cd272f3a0bfc287288f9df2e	https://files.rcsb.org/download/9CYH.cif.gz	https://www.rcsb.org/fasta/entry/9CYH/download	2026-10-06T15:58:32+00:00	4
9ML2	processed	5.0		A7M08 Fab bound to HPV16 L1 pentamer	ELECTRON MICROSCOPY	2.7	2024-12-18	2025-08-20	7690f0890e6f1cd25049045bc19e50156dcc658732c12bcc0b04cb77ebd0d37f	7c24fe8ee3693b52dad54f19a799f0730cc0e4aa800d737756ecdc25960dcdad	https://files.rcsb.org/download/9ML2.cif.gz	https://www.rcsb.org/fasta/entry/9ML2/download	2026-10-06T15:58:32+00:00	5
9D41	processed	1.0		Crystal structure of N-terminal domain of Borealin (20-88) in complex with synthetic antibody fragment	X-RAY DIFFRACTION	1.84	2024-08-12	2025-08-20	df94556ded38e8bccc81940a323a56c780be803c0520ca8e7a3cf91284ad2a24	0a7d176453491131db6cc4033a7125996279bb7e4288d5e0fa33f26639f9a12a	https://files.rcsb.org/download/9D41.cif.gz	https://www.rcsb.org/fasta/entry/9D41/download	2026-10-06T15:58:33+00:00	1
9GF5	processed	1.0		CRYSTAL STRUCTURE OF COMPLEX OF ASO BINDING FAB FRAGMENT IN COMPLEX WITH ASO980	X-RAY DIFFRACTION	1.57	2024-08-08	2025-08-20	aa511d23a8410533954b91d3e60117638dee65aa7d7ccd8014ce0fe022a47400	382c5cbe8a41b70ef0776f3ecba9f11c5a15832e5dafc800334695af64d21226	https://files.rcsb.org/download/9GF5.cif.gz	https://www.rcsb.org/fasta/entry/9GF5/download	2026-10-06T15:58:32+00:00	1
9ECZ	processed	1.0		Cryo-EM structure of SARS-CoV-2 spike protein in complex with human neutralizing antibody WRAIR-2008 (focused refinement of NTD and WRAIR-2008)	ELECTRON MICROSCOPY	3.89	2024-11-15	2025-08-20	e7e4de62efc049e715deec383218a7ce1d785b249b8bc42eaa3e57deea848b5b	e7c9706e36799247a00b1e3d8860ffb02fcee8b8fe5f048e2df1c84b01c2ab34	https://files.rcsb.org/download/9ECZ.cif.gz	https://www.rcsb.org/fasta/entry/9ECZ/download	2026-10-06T15:58:33+00:00	1
9ECX	processed	2.0		Crystal structure of the SARS-CoV-2 NTD-targeted neutralizing antibody WRAIR-2008	X-RAY DIFFRACTION	2.67	2024-11-15	2025-08-20	c53d3216ad0dac806be5d6ac127de69b387850857c400409d5675ba0a670c8ed	1cc337a188734c346f5fb6175a8d8b004950cc65f9a3bf8bbff215371648b39a	https://files.rcsb.org/download/9ECX.cif.gz	https://www.rcsb.org/fasta/entry/9ECX/download	2026-10-06T15:58:33+00:00	2
9GFD	processed	1.0		Crystal structure of ASO binding Fab fragment with ASO139	X-RAY DIFFRACTION	1.43	2024-08-09	2025-08-20	75758d38c1aa6458a0a3dfdc4f096cde237e0e32b44f3906c187dcb07b170f01	a972287390b804ef1fdf446917a35a550a821b1a00466e9a5c25d7e161b54254	https://files.rcsb.org/download/9GFD.cif.gz	https://www.rcsb.org/fasta/entry/9GFD/download	2026-10-06T15:58:33+00:00	1
9MI3	processed	3.0		Cryo-EM structure of SARS-CoV-2 spike protein in complex with neutralizing human antibody WRAIR-2008	ELECTRON MICROSCOPY	3.23	2024-12-12	2025-08-20	7695a175d256d113be193f37dc6426cfab35a8d4174d344b5b7e469d9c0b967e	4aa5f1a92c70706f10f3cc5644cafcfc381e99c9138252f519a09798767bb9c3	https://files.rcsb.org/download/9MI3.cif.gz	https://www.rcsb.org/fasta/entry/9MI3/download	2026-10-06T15:58:33+00:00	3
9ECY	processed	1.0		Crystal structure of the SARS-CoV-2 NTD-targeted neutralizing antibody WRAIR-2039	X-RAY DIFFRACTION	1.54	2024-11-15	2025-08-20	e4d8ed2978ebdb6ed0adc7842dbdfe3c86bd20fd76142d03f4c86bca259c18f1	2bd812ff1534ea9dfbdb80f0b58a42991cfd357f998ad0cd87e79bd59b459fe9	https://files.rcsb.org/download/9ECY.cif.gz	https://www.rcsb.org/fasta/entry/9ECY/download	2026-10-06T15:58:33+00:00	1
9GFJ	processed	1.0		Crystal structure of ASO binding Fab fragment with ASO143	X-RAY DIFFRACTION	1.48	2024-08-09	2025-08-20	112c1f0cd3e1249a0ec1e3b86dccb9af7a9b8c3e19b0f4b8785eec45105f5b0f	91c7f05b89f4f8a036296bc9b817ebf0b6a6b9b4e3e8dd5ba67c8b0d6fc6de8e	https://files.rcsb.org/download/9GFJ.cif.gz	https://www.rcsb.org/fasta/entry/9GFJ/download	2026-10-06T15:58:33+00:00	1
9GFL	processed	1.0		Crystal structure of ASO binding Fab fragment	X-RAY DIFFRACTION	1.68	2024-08-09	2025-08-20	04c0172a29fe8ae47bd9138a30bf25e47cf9513aa24e8d7c83084b940f1ad628	c484ad5b5735e2d53881c50b2d1ef8d7b41f7bb99a2415e272d46712b86f35b1	https://files.rcsb.org/download/9GFL.cif.gz	https://www.rcsb.org/fasta/entry/9GFL/download	2026-10-06T15:58:33+00:00	1
9NPH	processed	1.0		X-ray crystal structure of recombinant Can f 1 in complex with human IgE mAb 1J11 Fab	X-RAY DIFFRACTION	2.592	2025-03-11	2025-08-27	39bfd0385e19609e36ba2953c35551b46f0578477fb2da444d53ab6600fe96f6	817224a9969a9e8437bb3cc961db929c8f40a603613bdc78211c349f3192da54	https://files.rcsb.org/download/9NPH.cif.gz	https://www.rcsb.org/fasta/entry/9NPH/download	2026-10-06T15:58:33+00:00	1
9NPI	processed	1.0		X-ray crystal structure of recombinant Can f 1 in complex with human IgE 12F3 Fab	X-RAY DIFFRACTION	1.850	2025-03-11	2025-08-27	2ecfcad8cd3a992d284f2df8945f94422b35c1fc2dc80ff1a6eedb57056e7a16	cf1625374e12c0cc5f0d1b35fd04e96cb2303a5b0d64566edde1360fa95f77c4	https://files.rcsb.org/download/9NPI.cif.gz	https://www.rcsb.org/fasta/entry/9NPI/download	2026-10-06T15:58:34+00:00	1
9NAQ	processed	1.0		Cryo-EM structure of 110_C4 Fab in complex with CIDRa1.7 PfEMP1	ELECTRON MICROSCOPY	3.40	2025-02-12	2025-08-27	7612b820dfd1525562aebfe302d611720f863d4121c17f074410dbc8cfb3f815	38e50bc58d156ff55bb12481d75e1c35e17f61aa1e8bf620c1e39fc7649aade9	https://files.rcsb.org/download/9NAQ.cif.gz	https://www.rcsb.org/fasta/entry/9NAQ/download	2026-10-06T15:58:34+00:00	1
9NPG	processed	4.0		X-ray crystal structure of recombinant Can f 1-C100S in complex with human IgE mAb 12F3 Fab	X-RAY DIFFRACTION	3.12	2025-03-11	2025-08-27	74bdbe93cdd3695c761e7e6442249b68b3a0361a36401d20d982a04cb73d74ba	e24f918b160c1146711eb29aa0cb3506d96f45256058d3270453a5939be55dfa	https://files.rcsb.org/download/9NPG.cif.gz	https://www.rcsb.org/fasta/entry/9NPG/download	2026-10-06T15:58:34+00:00	4
9BX5	processed	1.0		Human Fab 8C1 in complex with OspCA peptide P4 (residues 141-144)	X-RAY DIFFRACTION	1.57	2024-05-22	2025-08-27	74bc35f882750e542d4e2ecf0a64eccb2bc6e9a9d133b95ad92171e14c72b05f	2920e3de15361d78d564534ff175458efbbb23cb3c816afd0023936cfd2546dd	https://files.rcsb.org/download/9BX5.cif.gz	https://www.rcsb.org/fasta/entry/9BX5/download	2026-10-06T15:58:34+00:00	1
9C1S	processed	2.0		Fab F946 in complex with OspC type A	X-RAY DIFFRACTION	2.60	2024-05-29	2025-08-27	fcf68197d53b1235ed48cabadf5c3e18d49503c82acec7c70691c2d1d0385123	77a69545fe3ca278776ee51d36958e2fde886cb819f9afe02f70b7eadf277b3f	https://files.rcsb.org/download/9C1S.cif.gz	https://www.rcsb.org/fasta/entry/9C1S/download	2026-10-06T15:58:34+00:00	2
9C24	processed	2.0		Fab F946 in complex with OspCB	X-RAY DIFFRACTION	2.80	2024-05-30	2025-08-27	7d0d19c0c7c51739d30d7fbe6c293c58b93749fd989a16a98982bfc4c4200228	084b5a5a769deef351d5a7897b26cf732069cb47b8e888b50aefdbce92893371	https://files.rcsb.org/download/9C24.cif.gz	https://www.rcsb.org/fasta/entry/9C24/download	2026-10-06T15:58:34+00:00	2
8VXJ	processed	2.0		The crystal structure of human apolipoprotein A-I in complex with Fab 55201	X-RAY DIFFRACTION	2.70	2024-02-04	2025-08-27	9228649b635e2b2bcf41411062c0991a76152039b0b59e91e071627a3e0ca228	b0a7e1a642c887c5c44849eb6513db7c87941b49b99007e7df25d7817fd7205b	https://files.rcsb.org/download/8VXJ.cif.gz	https://www.rcsb.org/fasta/entry/8VXJ/download	2026-10-06T15:58:34+00:00	2
9BYF	processed	1.0		Fab 212-55 in complex with OspA	X-RAY DIFFRACTION	2.85	2024-05-23	2025-08-27	949909a0c6601b8a6f257fadfa01ffaefe7c23479521096b7c5c33b052ad5bf6	cc1c4d8e0d4f64516145d364b68542961eea94946578357b6114f0baace478dc	https://files.rcsb.org/download/9BYF.cif.gz	https://www.rcsb.org/fasta/entry/9BYF/download	2026-10-06T15:58:34+00:00	1
9CFD	processed	1.0		Fab 8C1 in complex with OspCA peptide P15 (residues 132-146)	X-RAY DIFFRACTION	1.64	2024-06-27	2025-08-27	6109c6cd7d13db01d3b333c2e615108e9ec980ada64f5fa5eb0e5561187ec69a	59ed62223494854e778ee1c09269a9ce2e6625e8d7513b8f4db1c712e7afc47a	https://files.rcsb.org/download/9CFD.cif.gz	https://www.rcsb.org/fasta/entry/9CFD/download	2026-10-06T15:58:35+00:00	1
9AU0	processed	1.0		Cryo-EM structure of the BW245C-bound prostaglandin D2 receptor (DP1)-Gs complex	ELECTRON MICROSCOPY	2.45	2024-02-27	2025-08-27	acab802ef3f120c4974b379769a7a138aa469a62523e3e8039698f434ff320d8	e21751f37365d44eaa2b819da3ba0e7c3cef7e500ac0a2b0b356b3595a8d169b	https://files.rcsb.org/download/9AU0.cif.gz	https://www.rcsb.org/fasta/entry/9AU0/download	2026-10-06T15:58:35+00:00	1
9BR5	processed	1.0		IL1RAP-specific Fab	X-RAY DIFFRACTION	2.90	2024-05-10	2025-08-27	1e5db6d23a532dfe44bffc59abc74a30bd3b5b40ba19ae39ed5cdf6263e2faf5	7d9e3303d7f92859e8d2156aa0fcdad4d6e6fc9363a1519e30dfd8a1b4810cb5	https://files.rcsb.org/download/9BR5.cif.gz	https://www.rcsb.org/fasta/entry/9BR5/download	2026-10-06T15:58:35+00:00	1
9BX7	processed	1.0		Fab 8C1 in complex with OspCA peptide P20 (residues 131-150)	X-RAY DIFFRACTION	1.70	2024-05-22	2025-08-27	0fa381a808c3645a89f58a4e865cd180777adc307caa07fe9a741c1235e352d9	4f34aeaac674df005e97bbedabb51b5dfb86409cebd2b8c6786380fce3ae91b6	https://files.rcsb.org/download/9BX7.cif.gz	https://www.rcsb.org/fasta/entry/9BX7/download	2026-10-06T15:58:35+00:00	1
9IJR	processed	1.0		Cryo-EM structure of the orphan GPR52 beta-arrestin 1 complex bound to ligand c17	ELECTRON MICROSCOPY	3.86	2024-06-25	2025-09-03	02cea6f836af1f4b88bfae1d7a1ed4c097f974f2fd288e744ad87e9bcbb04b26	991d687cca922096daca080d33ad720ec0c09af3c97d4f5e8923ca972e70cd20	https://files.rcsb.org/download/9IJR.cif.gz	https://www.rcsb.org/fasta/entry/9IJR/download	2026-10-06T15:58:35+00:00	1
9IMX	processed	4.0		Immune complex of HEV E2s and P1-5B nanobody	X-RAY DIFFRACTION	2.20	2024-07-04	2025-09-03	0430dba461031b38b6edef5d4a7f882d4c8799a6ab2d9ff8b281cf7562e7ef5d	18ff1dc8594cd7ed276d9136c6edad57db213e52fbfd408e2c7aa6c6a22fe818	https://files.rcsb.org/download/9IMX.cif.gz	https://www.rcsb.org/fasta/entry/9IMX/download	2026-10-06T15:58:35+00:00	4
9OS5	processed	3.0		Human antibody Fab MPV498 bound to hMPV B2 post-fusion F	ELECTRON MICROSCOPY	2.61	2025-05-23	2025-09-03	4cff913c6c9b971b0e9b07165c4a4f7f990ffd2958bad7f53df9ea430b2d3de2	7a763924cfed67d9eb79094d084839462e355f61cca66c3f3af50d66cd0764de	https://files.rcsb.org/download/9OS5.cif.gz	https://www.rcsb.org/fasta/entry/9OS5/download	2026-10-06T15:58:35+00:00	3
9HNG	processed	1.0		Structure of A16/G9 (G9 mutant - H44Y) of Vaccinia virus in complex with VHH D07	X-RAY DIFFRACTION	2.50	2024-12-10	2025-09-03	1266089c3345669dab08c0a21202883e0dba5e8deeee7c0d5131a746545d6024	baca98bd4d425bdcad9368b950f0ddb1eb96500edc256d60ff97fcf0b5e357f8	https://files.rcsb.org/download/9HNG.cif.gz	https://www.rcsb.org/fasta/entry/9HNG/download	2026-10-06T15:58:35+00:00	1
9PDX	processed	1.0		Human antibody Fab MPV513 bound to hMPV DsCav-ES2	ELECTRON MICROSCOPY	3.94	2025-07-01	2025-09-03	aa13c21614cb059facf12c6fae8614c7844b989234ee4283f6fe5a781933e381	31bb1d443be76b9f7b35d19e59643d07ba16eb9e5e0eabba2770f2825e810aaa	https://files.rcsb.org/download/9PDX.cif.gz	https://www.rcsb.org/fasta/entry/9PDX/download	2026-10-06T15:58:36+00:00	1
9JEB	processed	2.0		Crystal structure of SARS-CoV-2 RBD in complex with a neutralizing antibody scFv N1	X-RAY DIFFRACTION	2.30	2024-09-03	2025-09-03	c999880282fe39714c926f17d1be21d70d80367ff34ad6cc0c5efcb9f9f07031	ec03f9fcf4f36207e6c9446bb02cd9967b7202d8bec7704e92a933ee82d79582	https://files.rcsb.org/download/9JEB.cif.gz	https://www.rcsb.org/fasta/entry/9JEB/download	2026-10-06T15:58:35+00:00	2
9R0J	processed	1.0		Structure of A16/G9 (vaccinia virus) in complex with VHH D07 at pH 7.2	X-RAY DIFFRACTION	2.45	2025-04-24	2025-09-03	cb9b77380dd52401ec817666a020b4aa729c63f376e050720e958adabf7172ea	be12e7a7ad8fc50bf99393ed4f23853b3cd83694277e092b44c9f500b9e040d3	https://files.rcsb.org/download/9R0J.cif.gz	https://www.rcsb.org/fasta/entry/9R0J/download	2026-10-06T15:58:36+00:00	1
9R0B	processed	1.0		Structure of A16/G9 (vaccinia virus) in complex with VHH D07 at pH 6.5	X-RAY DIFFRACTION	2.45	2025-04-24	2025-09-03	9cac2529fdb5c8b6dbba194a5d9cea3581244e6a6c41dc485efbe1a5448fee59	55e2ec2ac1403a5b26d56cc8bcd67ed57eadc0e90b92565e4dae36a622797437	https://files.rcsb.org/download/9R0B.cif.gz	https://www.rcsb.org/fasta/entry/9R0B/download	2026-10-06T15:58:36+00:00	1
9U9V	processed	1.0		beta2-adrenergic receptor in complex with methamphetamine	ELECTRON MICROSCOPY	2.85	2025-03-29	2025-09-03	0c454176e293b43a9c84f915422f1ceb0b2d621974bec415ddf7b44a81526418	0328afc50eae8edd96480c30d4f5c0491ed718e6dc79c7de38c3be8951d186a1	https://files.rcsb.org/download/9U9V.cif.gz	https://www.rcsb.org/fasta/entry/9U9V/download	2026-10-06T15:58:36+00:00	1
9S36	processed	1.0		Cryo-EM structure of Candida albicans Vrg4 bound to an inhibitory nanobody and GDP-Mannose.	ELECTRON MICROSCOPY	3.40	2025-07-23	2025-09-03	a379f66291d5f3cc283705591b7fe4a8a330000f44f87036c87191e38f408bde	2e7d5abb0c5ef8245f9f243648db9cf1cbf3396c978bac11aa0dd2087c139c60	https://files.rcsb.org/download/9S36.cif.gz	https://www.rcsb.org/fasta/entry/9S36/download	2026-10-06T15:58:36+00:00	1
9IJS	processed	1.0		Cryo-EM structure of the orphan GPR52 bound to beta-arrestin 1 in ligand-free state	ELECTRON MICROSCOPY	3.64	2024-06-25	2025-09-03	517c0f514b10fbeeec6bb9fade07786f4d7939bd19544ec24c1a4e305e1ce463	05c7ae02d510e9b93f1fcf0d6c598cc94a7f370a72abac4d3e03b320910d6cbb	https://files.rcsb.org/download/9IJS.cif.gz	https://www.rcsb.org/fasta/entry/9IJS/download	2026-10-06T15:58:37+00:00	1
9DBX	processed	3.0		Structure of AG11-2F01 Fab in complex with A/Solomon Islands/3/2006 (H1N1) influenza virus hemagglutinin	ELECTRON MICROSCOPY	2.9	2024-08-23	2025-09-03	80e833b612f2de2d42052cc1dda315bb8169ad6cf71ce8bad237bcba16deffbf	ddc1033e65e478f083b215b548b226c760ee1949bc33298393b9c0c7e40d82c2	https://files.rcsb.org/download/9DBX.cif.gz	https://www.rcsb.org/fasta/entry/9DBX/download	2026-10-06T15:58:37+00:00	3
9R09	processed	1.0		Structure of A16/G9 (vaccinia virus) in complex with VHH D07 at pH 5.7	X-RAY DIFFRACTION	2.45	2025-04-24	2025-09-03	7ac0acbc5f4676ff704ce7d42ab75a0c4d751cc2a09ce6185100028f131f54ca	9f9fb05331c28fd9266808b0b1fdda07d2ddc426d0cb50f486a6138c7b6f0706	https://files.rcsb.org/download/9R09.cif.gz	https://www.rcsb.org/fasta/entry/9R09/download	2026-10-06T15:58:36+00:00	1
9E7K	processed	1.0		Crystal structure of the UCH37 RPN13 DEUBAD complex bound to an inhibitory nanobody in the canonical ubiquitin binding site	X-RAY DIFFRACTION	2.41	2024-11-01	2025-09-03	23ed1e8e3b43cabfb955034a1bedcb8c780f7353f2d3f3fd564482dea9169744	cffe15b532d3ba3b80cf5faf5972686054e77633cc5ccda390864a94c222cdd7	https://files.rcsb.org/download/9E7K.cif.gz	https://www.rcsb.org/fasta/entry/9E7K/download	2026-10-06T15:58:37+00:00	1
9S35	processed	1.0		Cryo-EM structure of Candida albicans Vrg4 bound to an inhibitory nanobody.	ELECTRON MICROSCOPY	3.0	2025-07-23	2025-09-03	21ce884159ac8879da013d2bd7bbad348cea10aa577857c09c265f845570a711	2254e6f0716e032a01188a1029c31c250fbfbd6618d2f094d60f8912057a9c19	https://files.rcsb.org/download/9S35.cif.gz	https://www.rcsb.org/fasta/entry/9S35/download	2026-10-06T15:58:37+00:00	1
9PDY	processed	3.0		Human antibody Fab MPV510 bound to hMPV DsCav-ES2-IPDS F protein	ELECTRON MICROSCOPY	2.85	2025-07-01	2025-09-03	0907df74a0f31e45b0f34a6ef41fd497432c1c043159d56b77f064843e5db5e9	4e7b3ed7791ac3b88dfac5d4a76373b5e18ebc3233a9405687e0e0e6d5cfe72b	https://files.rcsb.org/download/9PDY.cif.gz	https://www.rcsb.org/fasta/entry/9PDY/download	2026-10-06T15:58:37+00:00	3
9MSO	processed	2.0		Crystal structure of MPXV A35R in complex with neutralizing antibody EV35-6	X-RAY DIFFRACTION	3.18	2025-01-10	2025-09-10	77bf9acbc50b0ae2e4a0b59cdb363aef9788d56a88b6a7c54fda04887b03f0f9	4590b5d8c6fa1c26b123d91b62f61d6dc53ac434079da2f11992d9a79171fb02	https://files.rcsb.org/download/9MSO.cif.gz	https://www.rcsb.org/fasta/entry/9MSO/download	2026-10-06T15:58:37+00:00	2
9MSP	processed	2.0		Crystal structure of MPXV A35R in complex with neutralizing antibody EV35-7	X-RAY DIFFRACTION	2.19	2025-01-10	2025-09-10	8d9d5389a0ab52716617aa0b59ae4c2c00f515d873d1e2712c4254e099bdf33a	989702c821e1667f8bfd74336a5fe1c0f88a5640644da782bd5a602d36581d02	https://files.rcsb.org/download/9MSP.cif.gz	https://www.rcsb.org/fasta/entry/9MSP/download	2026-10-06T15:58:37+00:00	2
8S72	processed	2.0		Crystal structure of neutralizing Fab Eq4.Dp46-3D from equine antivenom bound to a consensus short chain three finger alpha-neurotoxin.	X-RAY DIFFRACTION	2.78	2024-02-28	2025-09-10	fc4930e91d7292e310e37566d983ae26b4930bc902a3f6f9117701e26999e89a	4342969da78a19c1d99b1c50e438070549450244558f80d5642161928545a9d5	https://files.rcsb.org/download/8S72.cif.gz	https://www.rcsb.org/fasta/entry/8S72/download	2026-10-06T15:58:38+00:00	2
9PX5	processed	1.0		Crystal structure of Fab 7268 in complex with MBP-TREM2 Ig domain fusion	X-RAY DIFFRACTION	3.70	2025-08-05	2025-09-10	630d26f378453084aacbac4a562285edc1d92f4719f88f37b3dcd56e6d138456	a79d42f196919ae13c6c03fac8b454cf6f40f6ce9a4d8fd5e7c5f1d2cab53aa0	https://files.rcsb.org/download/9PX5.cif.gz	https://www.rcsb.org/fasta/entry/9PX5/download	2026-10-06T15:58:37+00:00	1
9PWN	processed	1.0		Crystal structure of Fabs 7411 in complex with TREM2 peptide	X-RAY DIFFRACTION	1.80	2025-08-04	2025-09-10	8996ba3911f7975f789b52b11ae4ff9e0a58c48faaa7681063de7574cdbf36aa	d8fbbd19b77130cf51226807d9439d5e5be598d83b4568fb518b1af8c5394d3c	https://files.rcsb.org/download/9PWN.cif.gz	https://www.rcsb.org/fasta/entry/9PWN/download	2026-10-06T15:58:37+00:00	1
9DD6	processed	3.0		Cryo-EM structure of neutralizing murine antibody WS.HSV-1.24 in complex with HSV-1 glycoprotein B trimer gB-Ecto.516P.531E	ELECTRON MICROSCOPY	3.1	2024-08-27	2025-09-10	1f3df90f96f432803961941232f7e396927f4061b04d848f42982cffd43da606	3bae46cd950e0dd79f9e56dbae2ac2bc6134f3dd2092f4b0c3f673ef895bffc4	https://files.rcsb.org/download/9DD6.cif.gz	https://www.rcsb.org/fasta/entry/9DD6/download	2026-10-06T15:58:38+00:00	3
8ZRD	processed	2.0		The complex structure of SARS-CoV-2 RBD and llama single-domain antibody S4	X-RAY DIFFRACTION	2.715	2024-06-04	2025-09-10	1122ebbbb60c1a483a26622176f63771b2d0e7ca08e85e13606e04750d81d80f	35d13ca27c2c8b23867635dc2fddff36ae828e453d1150067d6aa46c4c51b3e9	https://files.rcsb.org/download/8ZRD.cif.gz	https://www.rcsb.org/fasta/entry/8ZRD/download	2026-10-06T15:58:38+00:00	2
9GMU	processed	2.0		Structure ofhuman aM ligand binding domain in complex with the aCR3 nanobody	X-RAY DIFFRACTION	3.80	2024-08-29	2025-09-10	8acde42a46232ed41246c2d82df4107a463d010888e4d9c6b4a6e74d7c14abee	c20b1a92aad3834530197cbfaf9e6aa0ce137542f66eb698660f9865125a044a	https://files.rcsb.org/download/9GMU.cif.gz	https://www.rcsb.org/fasta/entry/9GMU/download	2026-10-06T15:58:38+00:00	2
9DET	processed	1.0		Human V-ATPase Vo subcomplex (containing subunit isoform a4) bound to nanobody and inhibitor	ELECTRON MICROSCOPY	3	2024-08-29	2025-09-10	d375454ae868317226ad34516fd421cd365ed4bd2727c2cd8bb58ac4f059aed3	0410dce74db1278f2ec1e6a6929a33ca06e2018b504e990d0d4b4b955400ee5a	https://files.rcsb.org/download/9DET.cif.gz	https://www.rcsb.org/fasta/entry/9DET/download	2026-10-06T15:58:38+00:00	1
9DD8	processed	3.0		Cryo-EM structure of neutralizing human antibody D48 in complex with HSV-1 glycoprotein B trimer gB-Ecto.516P	ELECTRON MICROSCOPY	3.08	2024-08-27	2025-09-10	0edb58dc8d8c5b9cf17d6846111c9cc40f64bf56f30227757a6f633b35c91734	62ebb202e84b82228709d9a4d8404e269f5f7ba93711fdfe29d0707836b62f87	https://files.rcsb.org/download/9DD8.cif.gz	https://www.rcsb.org/fasta/entry/9DD8/download	2026-10-06T15:58:38+00:00	3
8ZYE	processed	1.0		Crystal structure of CD38 in complex with RP02 antibody	X-RAY DIFFRACTION	2.72	2024-06-17	2025-09-17	5a27fbccd902090c27fc3c0af251ce86a67c6d22ed3013ca1fb6c271ecbbdcd0	b3761e717d8a4125f91afe7a8c8525741c7d0ef0e7106da5493e3fb049cc7963	https://files.rcsb.org/download/8ZYE.cif.gz	https://www.rcsb.org/fasta/entry/8ZYE/download	2026-10-06T15:58:38+00:00	1
9CCG	processed	2.0		Fusobacterium nucleatum BamA-Fab 9 complex	ELECTRON MICROSCOPY	3.87	2024-06-21	2025-09-17	5b1f3960ef37e797ea4081b77103838d3fa4268bff726e9e0279e7350f5ac80e	84315481aa98a27b6cfd1fcf25e0883e1f5fe2305f3ad9179fb9130c9bd89a8c	https://files.rcsb.org/download/9CCG.cif.gz	https://www.rcsb.org/fasta/entry/9CCG/download	2026-10-06T15:58:38+00:00	2
9P98	removed_by_strict_cleaning	1.0		CryoEM structure of the open integrin alphaEbeta7 bound to fab LF61	ELECTRON MICROSCOPY	2.93	2025-06-24	2025-09-24	8b90634bbb11c1f18beb784dd368a0593fbca324e3989217489482f41c8fca0a	c63e7d5aaa78f5a9c4b66f495da0e449176abbed9bda7c899799b0e3423f1322	https://files.rcsb.org/download/9P98.cif.gz	https://www.rcsb.org/fasta/entry/9P98/download	2026-10-06T15:58:38+00:00	0
9S8W	processed	1.0		Human heparanase in complex with neutralizing antibody A54 Fab fragment	X-RAY DIFFRACTION	3.490	2025-08-05	2025-09-24	23aad21cd3bd9764479a27e832667f70b326058e2c68694b90b0b0b23ed59d03	8282b1e3eb48406e5bceca4f190897db8a7740dbf3e71941432821396d6b371d	https://files.rcsb.org/download/9S8W.cif.gz	https://www.rcsb.org/fasta/entry/9S8W/download	2026-10-06T15:58:39+00:00	1
9GST	processed	1.0		LN02-ML85 Fab in complex with crosslinked DS-SOSIP HIV-1 Env trimer	ELECTRON MICROSCOPY	3.1	2024-09-16	2025-09-24	e1429e4e81d81a2b414dbe7a40f82ec38a197d71ac32691ecb7ba0a4e777c43a	c3e906dc7d89d1bacfd5990c0014aae1e8322731a477e222619b0de31a630df8	https://files.rcsb.org/download/9GST.cif.gz	https://www.rcsb.org/fasta/entry/9GST/download	2026-10-06T15:58:39+00:00	1
9JMB	processed	1.0		Cryo-EM structure of HSV-2 gB and FAB 16F9 complex	ELECTRON MICROSCOPY	2.18	2024-09-20	2025-09-24	9ba5ec0f02f44b7d5d0b0278e255f996c343affd77e401a324b89bd9edc1bb3f	cde177d9c74e34f56226db3a1b7f5178485eb70b90b4ef46fed20812a877c6ad	https://files.rcsb.org/download/9JMB.cif.gz	https://www.rcsb.org/fasta/entry/9JMB/download	2026-10-06T15:58:39+00:00	1
9JMS	processed	1.0		Cryo-EM structure of VZV gB and FAB 16F9 complex	ELECTRON MICROSCOPY	3.12	2024-09-21	2025-09-24	4da120edca3b0e56122c482b60fa1ec24413b403f707b33c458380190d0c86a4	27f860e03c44f0869a10b4928c0970a0e3f4d199f264d1c1e7d994a0d950ac2b	https://files.rcsb.org/download/9JMS.cif.gz	https://www.rcsb.org/fasta/entry/9JMS/download	2026-10-06T15:58:39+00:00	1
9MQR	processed	1.0		A8 Fab in complex with CD97	ELECTRON MICROSCOPY	3.16	2025-01-06	2025-09-24	4a80b7da64812da20ad19d7c75fffd66bf342c0b7d9ff5cbd1cbf69fdc04f3f7	fb9d7e256533d7d0755ade27e6978e43c4d2ab823988d2ea76d7458cba7f4f07	https://files.rcsb.org/download/9MQR.cif.gz	https://www.rcsb.org/fasta/entry/9MQR/download	2026-10-06T15:58:40+00:00	1
9JMR	processed	1.0		Cryo-EM structure of PRV gB and FAB 16f9 complex	ELECTRON MICROSCOPY	2.78	2024-09-21	2025-09-24	03504e5ac9d1e4f332f3abe9dc3f73c213cb1705de9d907751f0c09b6df24d9d	910c3466af8c1fea7b83ff220409bd34d252fd73398df1b5dfa830f54452cd52	https://files.rcsb.org/download/9JMR.cif.gz	https://www.rcsb.org/fasta/entry/9JMR/download	2026-10-06T15:58:39+00:00	1
9JEC	processed	3.0		Cryo-EM structure of canine TNF-alpha complexed with nanobody TNF30K	ELECTRON MICROSCOPY	3.1	2024-09-03	2025-09-24	6944f3e1f8f4e1654b1bded55d1ee5e950d6d1d69afa319c7a958e6d24c7e9a4	682e21c2587efcce5f8a20ccb08bd607dcffc44594adbaba2b24a69e33ab6d13	https://files.rcsb.org/download/9JEC.cif.gz	https://www.rcsb.org/fasta/entry/9JEC/download	2026-10-06T15:58:39+00:00	3
9MTH	processed	3.0		Structure of porcine Fab 14-8 in complex with influenza H1N1 A/Solomon Island/3/2006 hemagglutinin	ELECTRON MICROSCOPY	2.50	2025-01-11	2025-09-24	e997efb4c0a385c5a3b442ad69232921e0ef096d3c059919915ed6e74d789cf9	291b538bca74b256d341b0cfe086cdb78f0b624009a2c466ece55ba47e2f767f	https://files.rcsb.org/download/9MTH.cif.gz	https://www.rcsb.org/fasta/entry/9MTH/download	2026-10-06T15:58:39+00:00	3
9MTF	processed	3.0		Structure of porcine Fab 14-1 in complex with influenza H1N1 A/Solomon Island/3/2006 hemagglutinin	ELECTRON MICROSCOPY	2.61	2025-01-11	2025-09-24	1b890d4ba736893a49ea993465b75b7e7e07994891fdc6f3a001a67e89182d56	dfa1ed8ae0e9a800a1794f6ee789cf09c964887a3244d61fb953e8879e9bf81f	https://files.rcsb.org/download/9MTF.cif.gz	https://www.rcsb.org/fasta/entry/9MTF/download	2026-10-06T15:58:39+00:00	3
9MTG	processed	3.0		Structure of porcine Fab 14-2 in complex with influenza H1N1 A/Hawaii/70/2019 hemagglutinin	ELECTRON MICROSCOPY	2.52	2025-01-11	2025-09-24	b084dccd684e3a53be5bd72ae4212a36b3fcdaee7810b470917776a87b5438d9	0ebc9a1a31dd269e282092751b33a16297c5e2795bace07259d597a4915a760c	https://files.rcsb.org/download/9MTG.cif.gz	https://www.rcsb.org/fasta/entry/9MTG/download	2026-10-06T15:58:40+00:00	3
9MTM	processed	3.0		Structure of porcine Fab 24-1G28 in complex with influenza H1N1 A/Hawaii/70/2019 hemagglutinin	ELECTRON MICROSCOPY	2.49	2025-01-11	2025-09-24	818b474ca3231792681288f3ae8d7ac9db3765c94e92119ece09f783728a8a9c	4a402748768be10d680166ee255210883c4beab007ffe1ecb0c9a674f7319cc5	https://files.rcsb.org/download/9MTM.cif.gz	https://www.rcsb.org/fasta/entry/9MTM/download	2026-10-06T15:58:40+00:00	3
9P97	removed_by_strict_cleaning	1.0		CryoEM structure of the closed integrin alphaEbeta7 bound to fab LF61	ELECTRON MICROSCOPY	2.92	2025-06-24	2025-09-24	e17eb843b67eeaae3c2e213ab59f1e3b5f760bb1b0dbfdf32c16282794b47b2a	d99a025f5cf3d103669e370d3491843894d7d1ee79003345823d94f2e5832a6d	https://files.rcsb.org/download/9P97.cif.gz	https://www.rcsb.org/fasta/entry/9P97/download	2026-10-06T15:58:40+00:00	0
9JME	processed	1.0		Cryo-EM structure of BV gB and FAB 16F9 complex	ELECTRON MICROSCOPY	2.18	2024-09-20	2025-09-24	d07554332195d3331c19e7396d04049754be27a095196ebc6028c1f8405a7f03	0821d185f6667590cce042303e06412af971699263e2b788780c974dd9eea844	https://files.rcsb.org/download/9JME.cif.gz	https://www.rcsb.org/fasta/entry/9JME/download	2026-10-06T15:58:40+00:00	1
9MTL	processed	3.0		Structure of porcine Fab 24-1G23 in complex with influenza H1N1 A/Hawaii/70/2019 hemagglutinin	ELECTRON MICROSCOPY	2.41	2025-01-11	2025-09-24	251b3c86e7e0e07900d0fe0cffaa4c57e93e47c2520d37fb9c2e72266410fad2	7a6f3a230610368c3dc751530018a4f47a40b159261d898894ab07cdda93a82c	https://files.rcsb.org/download/9MTL.cif.gz	https://www.rcsb.org/fasta/entry/9MTL/download	2026-10-06T15:58:40+00:00	3
9MTK	processed	3.0		Structure of porcine Fab 24-1G17 in complex with influenza H1N1 A/Hawaii/70/2019 hemagglutinin	ELECTRON MICROSCOPY	2.54	2025-01-11	2025-09-24	85fc15663d3a8e931f29066ea5d6ef7f3ad4d296a24c115609605b2b64b245cd	f87a6737774dc238abd1fdf081574ba7fbb76f593fbdaa013be52f519ce49202	https://files.rcsb.org/download/9MTK.cif.gz	https://www.rcsb.org/fasta/entry/9MTK/download	2026-10-06T15:58:40+00:00	3
9DS3	processed	2.0		Crystal structure of Apo-241_2F04 Fab	X-RAY DIFFRACTION	1.90	2024-09-26	2025-10-01	b5e012b48763d8f784376ad7d6b5bfcf675980fb846e32a16670075b90c02efe	b1c3258361501f72ffe78cb7a325e67c79383fd1f064ef67070aee664a8a3c4a	https://files.rcsb.org/download/9DS3.cif.gz	https://www.rcsb.org/fasta/entry/9DS3/download	2026-10-06T15:58:41+00:00	2
9DSS	processed	1.0		Crystal structure of Fab 7088 in complex with NPNA3 peptide from circumsporozoite protein	X-RAY DIFFRACTION	2.00	2024-09-28	2025-10-01	054270913cb47f4a7c0a97bf8d5fa0f20e6b8c001174f255b5b13c0e25a16287	9b8e67ec7009829e36ea9eb93a772757d156cadc850a55b9d6e20b34449f10b9	https://files.rcsb.org/download/9DSS.cif.gz	https://www.rcsb.org/fasta/entry/9DSS/download	2026-10-06T15:58:40+00:00	1
9DST	processed	1.0		Crystal structure of Fab MS-1805 in complex with N-terminal junction peptide from circumsporozoite protein	X-RAY DIFFRACTION	1.74	2024-09-28	2025-10-01	97964139553be55d6e5ed8c7915fdfbee369076e6cdc01c898e9c8f4b52b589d	63dfd00965d5f1553c037e4aa19b036889630ed508eee02bc5bf0e328fe9e450	https://files.rcsb.org/download/9DST.cif.gz	https://www.rcsb.org/fasta/entry/9DST/download	2026-10-06T15:58:40+00:00	1
9DSU	processed	1.0		Crystal structure of Fab 7088 in complex with N-terminal junction peptide from circumsporozoite protein	X-RAY DIFFRACTION	3.14	2024-09-28	2025-10-01	c41e94db30e3cef8db8922194e448cfdb753b83e17a6d1da080bca1ffe39c97b	57f551805d4b7751f91d5b75a678315da78768f7a3db6da46e4e9a7da845a06b	https://files.rcsb.org/download/9DSU.cif.gz	https://www.rcsb.org/fasta/entry/9DSU/download	2026-10-06T15:58:41+00:00	1
9JPV	processed	2.0		A Fab Fragment of IgG	X-RAY DIFFRACTION	1.94	2024-09-26	2025-10-01	0e57eda36ce44dd7b3cbad6defc045d5470dd8aa1a4689f621eac98daa9a51b4	d26b77ba208af946fcd9a6f7c512e09645b2cb3eef0e6fad24c40c766e4738d9	https://files.rcsb.org/download/9JPV.cif.gz	https://www.rcsb.org/fasta/entry/9JPV/download	2026-10-06T15:58:41+00:00	2
9DSR	processed	1.0		Crystal structure of Fab MS-1805 in complex with NPNA3 peptide from circumsporozoite protein	X-RAY DIFFRACTION	2.25	2024-09-28	2025-10-01	e745e6be064ad02541d6dcabfc685c289ae9cbe5dbfa6b4c266ebbb130a9b977	7ca14dc4c8ebd52b23e224ea98481f789e848eba1e738dcca1bd8c7843b3b286	https://files.rcsb.org/download/9DSR.cif.gz	https://www.rcsb.org/fasta/entry/9DSR/download	2026-10-06T15:58:41+00:00	1
9O2R	processed	1.0		BG505-DS SOSIP in complex with 007 bNAb Fabs - Class 1 (1 Fab bound)	ELECTRON MICROSCOPY	3.0	2025-04-04	2025-10-01	4dfcd527ee0626e70a6d5bb58b805baf641a52bf876036eaab6162bc764a519a	5e97ac4c1cd9573db62a2f5df3e7f98753c104b3fb94afe5f5c49e1517ebf6a1	https://files.rcsb.org/download/9O2R.cif.gz	https://www.rcsb.org/fasta/entry/9O2R/download	2026-10-06T15:58:41+00:00	1
8YUB	processed	2.0		Crystal structure of SARS-CoV-2 ConSp RBD in complex with neutralizing antibody CC25.4 Fab	X-RAY DIFFRACTION	2.49	2024-03-27	2025-10-01	a056736816f70cffffeb8230d24c570a5e718d79cc77b5329cfd693011d42fba	73303fb97768f6279481a700556b4c9f5919dcecdf2887a7bb8b2ea8893dbe4b	https://files.rcsb.org/download/8YUB.cif.gz	https://www.rcsb.org/fasta/entry/8YUB/download	2026-10-06T15:58:41+00:00	2
9O2S	processed	2.0		BG505-DS SOSIP in complex with 007 bNAb Fabs - Class 2 (2 Fabs bound)	ELECTRON MICROSCOPY	3.2	2025-04-04	2025-10-01	2248530ebeae90ae11d785a35e9fceebe5512029dacacf7eb4d605c8550ed57b	ae8f5cdf20e6bb5089fdd6403c5604c1050488fe42f2aa38cb5dd1e83db6a71a	https://files.rcsb.org/download/9O2S.cif.gz	https://www.rcsb.org/fasta/entry/9O2S/download	2026-10-06T15:58:41+00:00	2
9O2T	processed	3.0		BG505-DS SOSIP in complex with 007 bNAb Fabs - Class 3 (3 Fabs bound)	ELECTRON MICROSCOPY	3.4	2025-04-04	2025-10-01	bfde88ba7f37228cb4fd08c3b48984fb038fb5d7ac5afe9ce52784258134783c	ea725f19ea5895b0980780c7d1dce327a9baebbbbec769f96ff662701f218a9c	https://files.rcsb.org/download/9O2T.cif.gz	https://www.rcsb.org/fasta/entry/9O2T/download	2026-10-06T15:58:41+00:00	3
9NN9	processed	3.0		ISG15 complexed with nanobody	X-RAY DIFFRACTION	2.59	2025-03-05	2025-10-01	9ca9f963dd6bfddaad43e0567de0f650b573cc12ad5a52e1121ac88244b1835b	54b3fa3f40c5e1e47a195a291c21a480b8b11251badcf90c21f216f631e6fca1	https://files.rcsb.org/download/9NN9.cif.gz	https://www.rcsb.org/fasta/entry/9NN9/download	2026-10-06T15:58:41+00:00	3
9VHZ	processed	1.0		Structure of MPXV M1R and hmMM1-40 Fab complex	X-RAY DIFFRACTION	2.80	2025-06-17	2025-10-01	0942699da4e3a8e9f0215f94ddeb4960377123ac0b4d84cafc82b7a07504afbc	bc9fd86481689ab0ec0e8cc298f9d44a7a4766c30a879d9a1b0ef90d53eeb8cc	https://files.rcsb.org/download/9VHZ.cif.gz	https://www.rcsb.org/fasta/entry/9VHZ/download	2026-10-06T15:58:42+00:00	1
9OSR	processed	4.0		Structure of Fab HB420 in complex with influenza H3N2 A/Moscow/10/1999 neuraminidase	ELECTRON MICROSCOPY	2.16	2025-05-25	2025-10-01	5eba52203d68c8030c5e076d8dc332b2849cfb82c847b70b0a86f439fd36b141	f7f407d64631473e718cb90f0528d3fa02c1cf3801f53b2af186f640c7361337	https://files.rcsb.org/download/9OSR.cif.gz	https://www.rcsb.org/fasta/entry/9OSR/download	2026-10-06T15:58:42+00:00	4
9LF8	processed	4.0		Structure of MPXV M1R and mMM1-16 Fab complex	X-RAY DIFFRACTION	2.70	2025-01-08	2025-10-01	8c339bb8503e503d633897d91055a3c99c82dda56f4d02d3196481ea073df015	2cf93f45dce0fed671ab5af25cb6c8406c948d70f66e081d414b896d0984a5d7	https://files.rcsb.org/download/9LF8.cif.gz	https://www.rcsb.org/fasta/entry/9LF8/download	2026-10-06T15:58:42+00:00	4
9MBA	processed	2.0		Cryo-EM structure of complex of transducer-bound GPCR	ELECTRON MICROSCOPY	3.14	2025-03-15	2025-10-01	caea3bdcbf76a6ebfac36ddb3aa16d5420dfdf58f07a17024da8760dc0ea5a41	cca8ad7553984effd0d813f22b7be968165df1afe6ddf9556aff2846b1cf112f	https://files.rcsb.org/download/9MBA.cif.gz	https://www.rcsb.org/fasta/entry/9MBA/download	2026-10-06T15:58:42+00:00	2
9JRS	processed	1.0		Crystal structure of BH1	X-RAY DIFFRACTION	1.46	2024-09-29	2025-10-01	8945d3189266f2064530a399f0bfe5d71905564f387c16307f5921e026c55593	6da19a5d36f12f13c9e1c0043de2881ccc05b3ee4b41d33809f4f045993b1d34	https://files.rcsb.org/download/9JRS.cif.gz	https://www.rcsb.org/fasta/entry/9JRS/download	2026-10-06T15:58:42+00:00	1
9PKF	processed	1.0		Mur35 Fab with HBV c18I pMHC	X-RAY DIFFRACTION	2.60	2025-07-14	2025-10-01	5b336130e691c28e18c23c8eaab91bdc103d80a9960a0d1cb5cd443ece8d1381	05fa7a0646eabdd2c966fc062809248547de6ab91e4a29518f96beb731151645	https://files.rcsb.org/download/9PKF.cif.gz	https://www.rcsb.org/fasta/entry/9PKF/download	2026-10-06T15:58:43+00:00	1
9PKC	processed	1.0		Mur35 Fab with HBV c18V pMHC	X-RAY DIFFRACTION	2.50	2025-07-14	2025-10-01	9b39c855b6ac55b30155619266a7f40affebb872892e81e3edaf908c35cc7a9e	2fe10180a941af918111f40e57614e349f3e9e1025185762ba6c0b2b99a61e8b	https://files.rcsb.org/download/9PKC.cif.gz	https://www.rcsb.org/fasta/entry/9PKC/download	2026-10-06T15:58:42+00:00	1
9LUK	processed	1.0		Crystal structure of Switchbody based on anti-osteocalcin antibody KTM219 Fab	X-RAY DIFFRACTION	1.95	2025-02-08	2025-10-08	7442875121f28b726442a6b88b02f735d090548582c246ad61e282e63f36d88c	41086f59122576f9ce60bb520a418b35cfa9a235fb27a3d6f52c594e072e5df3	https://files.rcsb.org/download/9LUK.cif.gz	https://www.rcsb.org/fasta/entry/9LUK/download	2026-10-06T15:58:42+00:00	1
9NFC	processed	1.0		Structure of the cross-HLA supertype antibody R302 bound to a class I MHC presenting a divarasib-modified KRAS-G12C peptide on HLA-A*03	ELECTRON MICROSCOPY	2.58	2025-02-21	2025-10-08	95ef6ec22f9f96fe375c1062bf669d162d80c2baf90e70161a778e39a753ed28	628a034bf455bae7629290cc3bae3bd12b3e802b5fe721f367db1ce3f9f19e00	https://files.rcsb.org/download/9NFC.cif.gz	https://www.rcsb.org/fasta/entry/9NFC/download	2026-10-06T15:58:43+00:00	1
9GVL	processed	2.0		type-I interferons autoantibody pmab15 in complex with Interferon alpha-2	X-RAY DIFFRACTION	2.006	2024-09-25	2025-10-08	3fce22488daa0f49bf793d551cc9de739ee2821763f0205f28a0ebd13f3d08b3	3ca2cb73d6fe22ee08e3f8c8e48f0466f540bd7737a6b330cb4f81d24bff81c2	https://files.rcsb.org/download/9GVL.cif.gz	https://www.rcsb.org/fasta/entry/9GVL/download	2026-10-06T15:58:43+00:00	2
9NFB	processed	1.0		Structure of the cross-HLA supertype antibody R302 bound to a class I MHC presenting a divarasib-modified KRAS-G12C peptide on HLA-A*02	ELECTRON MICROSCOPY	3.23	2025-02-21	2025-10-08	c5beade36581e61a7cd184593b993a9c447a7d4de027bcc5bff61b45bf42ed4b	a35ce0223ad498ef17cd3db85efe0fc46bd17ae7a1f6037ef998c136c9270891	https://files.rcsb.org/download/9NFB.cif.gz	https://www.rcsb.org/fasta/entry/9NFB/download	2026-10-06T15:58:43+00:00	1
9BBN	processed	4.0		Cryo-EM structure of Chikungunya virus asymmetric unit with Fab C9	ELECTRON MICROSCOPY	3.3	2024-04-06	2025-10-08	794f8fd44d234fdc0923cf13e85dc6691902e00be5c8976c3e1a96d9059dd25e	b40c1cac82bc44bb5d8f73b6bc0909ba1a2da5245e8f7c9a1da896abc5819161	https://files.rcsb.org/download/9BBN.cif.gz	https://www.rcsb.org/fasta/entry/9BBN/download	2026-10-06T15:58:43+00:00	4
9C6Y	processed	2.0		Crystal structure of SARS-CoV-2 XBB.1.5 RBD bound to COV2-3906 Fab	X-RAY DIFFRACTION	2.68	2024-06-10	2025-10-08	cde5db9e77f1a7fb9bcd323475da2c947acca84b255d5c7878c897f8569bfc9c	99d51fb063a6f272212419bfefbc33a67cf25392101ba420450d705240489614	https://files.rcsb.org/download/9C6Y.cif.gz	https://www.rcsb.org/fasta/entry/9C6Y/download	2026-10-06T15:58:43+00:00	2
9N4F	processed	3.0		Structure of 240-14-IgA_2F02 Fab in complex with influenza H3N8 A/Mallard/Alberta/362/2017 Hemagglutinin	ELECTRON MICROSCOPY	2.71	2025-02-02	2025-10-08	3f74732c282fb968868875c5c8fbda4868920546cbaedfe567771d751f74f79b	18e94d7b10001ab2d0a285623f63eb3efd23a5cbd9d745c4aa69823f4c076b4b	https://files.rcsb.org/download/9N4F.cif.gz	https://www.rcsb.org/fasta/entry/9N4F/download	2026-10-06T15:58:43+00:00	3
9LRF	processed	1.0		Killer immunoglobulin receptor KIR2DL2 in complex with KIR2DL2_KIR2DL2/3 agonist 61-Fab	X-RAY DIFFRACTION	2.50	2025-01-31	2025-10-15	7f0ee9297e98e9a58d72f54763651167fd79f4443adce5d7d6ff83010276c051	7cdd1a24c98962804264ccfdca2a9bd13a517348733fa52d0e7b41d28fbeb133	https://files.rcsb.org/download/9LRF.cif.gz	https://www.rcsb.org/fasta/entry/9LRF/download	2026-10-06T15:58:43+00:00	1
9LRH	processed	2.0		Killer immunoglobulin receptor KIR2DL2 in complex with KIR2DL2_KIR2DL2/3 agonist 61-scFv	X-RAY DIFFRACTION	3.40	2025-01-31	2025-10-15	faee71759eef3c3b1ce89cd02dfd2b1815330ad828c63deaca94eb97313fd76f	ac95bf4098e88ca4f84752cdcfa80809a0fe667b0406fdef6239c133de5fb1dc	https://files.rcsb.org/download/9LRH.cif.gz	https://www.rcsb.org/fasta/entry/9LRH/download	2026-10-06T15:58:44+00:00	1
8YY6	processed	3.0		Structure of a murine monoclonal antibody Fab5 targeting Epstein-Barr virus gB	ELECTRON MICROSCOPY	3.4	2024-04-03	2025-10-15	71ee2e1f6a243ed602a558eae7a3baef9678c4388baf4610ecbdeed28ff943b5	a65d92a3082705debda61fafd6f25f4a95969f8e7b65d1c374dfe583a132fc5d	https://files.rcsb.org/download/8YY6.cif.gz	https://www.rcsb.org/fasta/entry/8YY6/download	2026-10-06T15:58:43+00:00	3
9N89	processed	1.0		Crystal structure of 2A2 malarial antibody	X-RAY DIFFRACTION	1.20	2025-02-07	2025-10-15	d353587c9bb8834cc822e2e0d5aa50237db77bd40a068929868cf613047bdfcf	c7a7e9d693badb9f6cdffad8648a97a6cc13aaa5b422751e95e05634e6389d47	https://files.rcsb.org/download/9N89.cif.gz	https://www.rcsb.org/fasta/entry/9N89/download	2026-10-06T15:58:44+00:00	1
9N7K	processed	2.0		Crystal structure of human anti-Pfs48/45 transmission-blocking antibody RUPA-71	X-RAY DIFFRACTION	2.28	2025-02-06	2025-10-15	999e63604e0921d8aa0f7fe960fdc2fdf2e70d3b8f2df29e743e69836b52f666	470d8c177c5b67697f6aad3c7f08fe7ceaf12eaa06a4f81c019f3eb75085fe6d	https://files.rcsb.org/download/9N7K.cif.gz	https://www.rcsb.org/fasta/entry/9N7K/download	2026-10-06T15:58:44+00:00	2
9I1Q	processed	4.0		HER3 receptor in complex with the Fab fragment of TK-hu A3 monoclonal antibody	X-RAY DIFFRACTION	2.80	2025-01-16	2025-10-15	4a94d4f809ae1c397c1d368faddb75af08b8f3901b979a07beae82b4eda0c9ed	b7ba416fb64e0d89714ad00542b4a8b99ce903251318e1d8ba8ac4e695df39ab	https://files.rcsb.org/download/9I1Q.cif.gz	https://www.rcsb.org/fasta/entry/9I1Q/download	2026-10-06T15:58:44+00:00	4
9DVD	processed	1.0		Cryo EM structure of Hendra G ectodomain in complex with Ephrin-B2 and Fab HENV-270	ELECTRON MICROSCOPY	2.9	2024-10-07	2025-10-15	026a64f98a40ed1ce6fb41b3dd7d5411b5a95b85ba937052195b42a46d4784ef	c297c19bc608038e01bb104a0bc1a50d0b60635507a8b500bd8ebedb6b16d7df	https://files.rcsb.org/download/9DVD.cif.gz	https://www.rcsb.org/fasta/entry/9DVD/download	2026-10-06T15:58:44+00:00	1
9UB6	processed	1.0		Crystal structure of SFTSV Gn head with nanobody Nb261	X-RAY DIFFRACTION	2.89	2025-04-02	2025-10-22	3049c7478289301b28077388e3638a2dc190d8a5db275d301d547ac4f78bdd90	649894b5ef4d22dd8235e69b74b0a8b9f803c84652221ff98b02e01222edad7b	https://files.rcsb.org/download/9UB6.cif.gz	https://www.rcsb.org/fasta/entry/9UB6/download	2026-10-06T15:58:44+00:00	1
9HH9	processed	3.0		Cryo-EM structure of VSV-Indiana glycoprotein (MUDD-SUMMERS strain) in its pre-fusion conformation in complex with 8G5F11 Fab	ELECTRON MICROSCOPY	2.93	2024-11-21	2025-10-22	79b9825ea1c5b603b7527060649a09d1a6bb5488ebb225d9d15352400aedbf01	02b8b6272e8de42daabf08c4b2e668ddb5a8a62b3fb9fd40dc6a55f5e39febe2	https://files.rcsb.org/download/9HH9.cif.gz	https://www.rcsb.org/fasta/entry/9HH9/download	2026-10-06T15:58:44+00:00	3
9BHH	removed_by_strict_cleaning	4.0		Cryo-EM structure of Chikungunya virus asymmetric unit with Fab IM-CKV063	ELECTRON MICROSCOPY	3.5	2024-04-20	2025-10-22	fd8f9ed6cf976d9916449567a70038f2913a155e389b190dc2098827db0ac1f7	a0e7d3c10eab4317ecfdb6f828948cd97fbdb9a1f3b4826b91c2ca9b19216a12	https://files.rcsb.org/download/9BHH.cif.gz	https://www.rcsb.org/fasta/entry/9BHH/download	2026-10-06T15:58:44+00:00	0
9UBQ	processed	2.0		HBsAg in complex with H020 Fab	ELECTRON MICROSCOPY	2.86	2025-04-03	2025-10-29	105d2ef7a19aec192cc5d4b40dbc63441a49c6626313c3a19541df0f0b593fc2	b8da21c5b83cf71c568398eecd23151d6649572b461d933852588938aee1dd3d	https://files.rcsb.org/download/9UBQ.cif.gz	https://www.rcsb.org/fasta/entry/9UBQ/download	2026-10-06T15:58:45+00:00	2
9UCP	processed	1.0		cryo-EM structure of M1 muscarinic acetylcholine receptor-alpha5 helix of G11 protein complex bound to iperoxo and nanobody Nb1B4	ELECTRON MICROSCOPY	2.88	2025-04-05	2025-10-29	b4b526b6055b1895d11f2849f835d2e4471e32ef4bd952f1ce443eff1fdcb00f	59104809f95d49c37bf06cb32598d216b82e540fd3dbf7c0af0889a4c46d4a9f	https://files.rcsb.org/download/9UCP.cif.gz	https://www.rcsb.org/fasta/entry/9UCP/download	2026-10-06T15:58:45+00:00	1
9SGH	processed	2.0		Bimekizumab Fab in complex with human interleukin-17A	X-RAY DIFFRACTION	2.661	2025-08-22	2025-10-29	83f683a126005873e8a3d9459769a1ee826c7bf1385282b3ef1ba3341fe3b8dd	0a4c5c62b2ed60ff6cb0b3b4e6903122d16e922b65976b0d927f565dba45bb0a	https://files.rcsb.org/download/9SGH.cif.gz	https://www.rcsb.org/fasta/entry/9SGH/download	2026-10-06T15:58:45+00:00	2
9UK5	processed	1.0		crystal structure of the complex of interleukin-31 and its antibody	X-RAY DIFFRACTION	1.90	2025-04-17	2025-10-29	ca1bf0d4c98d9b9b9ae3b6bb872d59dedcf345256f16f16edd52c94c60b2a684	28ef16e1159f43bad7d48ecb19f761ec2300dfa8643e96c53f6c34ed09fef265	https://files.rcsb.org/download/9UK5.cif.gz	https://www.rcsb.org/fasta/entry/9UK5/download	2026-10-06T15:58:45+00:00	1
9E2A	processed	1.0		Glucagon Like Peptide Receptor-1 (GLP1R) A316T mutant with GLP-1 peptide. Dominant negative Gs complex.	ELECTRON MICROSCOPY	3.3	2024-10-22	2025-10-29	06f1ced54cafecea9282b20c5948c5b6b8c04c3e7075d06a860a4099d64c3b26	70204cf6d19b3a1de8e9e592dcc06f7d839d97a8483104f0b5b13ff5c897e04d	https://files.rcsb.org/download/9E2A.cif.gz	https://www.rcsb.org/fasta/entry/9E2A/download	2026-10-06T15:58:45+00:00	1
9E3H	processed	2.0		Cryo EM structure of pertussis toxin in complex with neutralizing Fab PERT-61	ELECTRON MICROSCOPY	2.9	2024-10-23	2025-10-29	d113731fbbdf09fbaf3bf62f4e3eeabbeb8c5b7956005e095930e6df184f408e	b7b131fbafaf442bec5f4c5e09fe5c59074fe2931bf03459f6f236f6eb2ee205	https://files.rcsb.org/download/9E3H.cif.gz	https://www.rcsb.org/fasta/entry/9E3H/download	2026-10-06T15:58:45+00:00	2
9E3K	processed	2.0		Cryo EM structure of pertussis toxin in complex with neutralizing Fab PERT-199	ELECTRON MICROSCOPY	3.2	2024-10-23	2025-10-29	da3019545568cb7d2ba3677baf76a397923957d2542a8d5cbd492ae0a59ab9ee	382190cb5b14c4d8be6ef7e4208083dec11dea1878a62c6c66b78eb1d6fef7c9	https://files.rcsb.org/download/9E3K.cif.gz	https://www.rcsb.org/fasta/entry/9E3K/download	2026-10-06T15:58:45+00:00	2
9EYD	processed	1.0		Structural basis of specific lysine transport by Pseudomonas aeruginosa permease LysP	ELECTRON MICROSCOPY	3.68	2024-04-09	2025-10-29	35b165f8e72a313c6524fba42dd6536c95b33bda2571719440e0214494fb5f4f	5aa05a70be3662fb250866a7bc64af66b6919398f4a35e69c795636e8dea14b4	https://files.rcsb.org/download/9EYD.cif.gz	https://www.rcsb.org/fasta/entry/9EYD/download	2026-10-06T15:58:45+00:00	1
9EZE	processed	2.0		Structure of subdomain 3 of the Plasmodium vivx Duffy binding protein (PvDBP) bound to human antibody DB9	X-RAY DIFFRACTION	1.5500	2024-04-11	2025-10-29	a025279e558126e793c5ddff0ed2d7bf1654570beec694911cdbd64d33f17297	8deda2110b65abc5a45db159ed5b26c29857cf9e83d5412558a8544ed1cb6519	https://files.rcsb.org/download/9EZE.cif.gz	https://www.rcsb.org/fasta/entry/9EZE/download	2026-10-06T15:58:46+00:00	2
9EZU	processed	1.0		Structure of the single-domain antibody VHH_h1 in complex with human Vsig4	X-RAY DIFFRACTION	1.05	2024-04-14	2025-10-29	6b9ef318f2ca52bb569aad4b13fd625f06cdc083600e8fb402c118248b898342	2a107db43cfd7adfd8cb00bb4a9b4f35818e4da9376cecdac6e5e1cfd46500ea	https://files.rcsb.org/download/9EZU.cif.gz	https://www.rcsb.org/fasta/entry/9EZU/download	2026-10-06T15:58:46+00:00	1
9EZV	processed	1.0		Structure of the single-domain antibody VHH_h2 in complex with human Vsig4	X-RAY DIFFRACTION	1.45	2024-04-14	2025-10-29	d5c87f627daa962ba7a605bdb9f55393a6a509c6a26e07c1404439a1bf670ba6	22f5f1640af74320c3e2d1dbbdad9e40a255c64fd4c0e030b065b77c250523d1	https://files.rcsb.org/download/9EZV.cif.gz	https://www.rcsb.org/fasta/entry/9EZV/download	2026-10-06T15:58:46+00:00	1
9EZW	processed	4.0		Structure of the single-domain antibody VHH_h3 in complex with human Vsig4	X-RAY DIFFRACTION	1.90	2024-04-14	2025-10-29	de5da00d9be776eba4887aa3e9c05b957ba01554cf0e700d3cea5ca45f2489ec	78728b9f0a2acf2b6a677b5d3fddb1e5424697cec9279b3dddcfec508d273ae6	https://files.rcsb.org/download/9EZW.cif.gz	https://www.rcsb.org/fasta/entry/9EZW/download	2026-10-06T15:58:46+00:00	4
9H1J	processed	4.0		Crystal structure of the p62 UBA domain bound to VHH 6C10	X-RAY DIFFRACTION	1.73	2024-10-09	2025-10-29	bd57bef8b914eea2f03f7c12739ca225443e82fb3e22c377e29fbe2aef6cdcb4	6d53207ad3a6dae1dd01a85b32fd4df9b0ec8883c54a17a2b22e5433d10f05af	https://files.rcsb.org/download/9H1J.cif.gz	https://www.rcsb.org/fasta/entry/9H1J/download	2026-10-06T15:58:46+00:00	4
9HHR	processed	3.0		Cryo-EM structure of VSV-Indiana glycoprotein (MUDD-SUMMERS strain) in its post-fusion conformation in complex with 8G5F11 Fab	ELECTRON MICROSCOPY	2.81	2024-11-22	2025-10-29	d876e61027ff61a7dbea0f23005ce2dbcf01d8bb6bcac8c861f1bb96d2b6f731	c0455007ac035dd1abfd7aa71a51d1a6e302c9b246e32f1eace6740ff3ec32f6	https://files.rcsb.org/download/9HHR.cif.gz	https://www.rcsb.org/fasta/entry/9HHR/download	2026-10-06T15:58:46+00:00	3
9E3J	processed	1.0		Cryo EM structure of pertussis toxin in complex with neutralizing Fab PERT-171	ELECTRON MICROSCOPY	3.6	2024-10-23	2025-10-29	270a07da339c2dd4cce7a532d258994d14148f5396fd18209790fb5741d2fb63	2666f4fe74996631db4b959bedf4360b8cdfa2a3114dc1a8d10608711695cb10	https://files.rcsb.org/download/9E3J.cif.gz	https://www.rcsb.org/fasta/entry/9E3J/download	2026-10-06T15:58:46+00:00	1
9VP0	processed	1.0		Structural insights into IL-31 signaling inhibition by a neutralization antibody	X-RAY DIFFRACTION	2.10	2025-07-02	2025-10-29	140873ddec571b28edfe40b4a2ee8c310ba789c685a7f81cd2e356009b141823	767f5d65b36fd5262ecfb2cf34e769934967c275f0e1429223f502613100b2d8	https://files.rcsb.org/download/9VP0.cif.gz	https://www.rcsb.org/fasta/entry/9VP0/download	2026-10-06T15:58:47+00:00	1
9NZ3	processed	2.0		SARS-CoV M protein dimer in complex with JNJ-9676 and FAb B	ELECTRON MICROSCOPY	3.07	2025-03-31	2025-10-29	04fa605c411a1453b3f3a70c7671bccc429aa7ad964746f7ba7bfb3b027daf55	946ff671093ff71744bbbd3555a7c1b5ca2fbebf674c2660ed974f23177253af	https://files.rcsb.org/download/9NZ3.cif.gz	https://www.rcsb.org/fasta/entry/9NZ3/download	2026-10-06T15:58:47+00:00	2
9NZ4	processed	2.0		SARS-CoV M protein dimer in complex with FAb B	ELECTRON MICROSCOPY	3.23	2025-03-31	2025-10-29	3a438c8629741e7ed76755a307e5c7843b032c77263523a168205facb990ff08	4e3396d07d61ed0a8709f9b85d2aa198f61d00f289eb11fcfb46fcbc77f73730	https://files.rcsb.org/download/9NZ4.cif.gz	https://www.rcsb.org/fasta/entry/9NZ4/download	2026-10-06T15:58:47+00:00	2
9NZ5	processed	2.0		MERSmut-CoV M protein dimer in complex with FAb B	ELECTRON MICROSCOPY	3.15	2025-03-31	2025-10-29	4ff8454e973747f227abe6518af22313354c0b49afdb6f1e3e5428b5053eb84c	990074564b72902b52eeb00c2407b00d4dde3ca008f2c1aad3bcda587b46bfd8	https://files.rcsb.org/download/9NZ5.cif.gz	https://www.rcsb.org/fasta/entry/9NZ5/download	2026-10-06T15:58:47+00:00	2
9OMG	processed	1.0		Cryo-EM structure of rhesus antibody V033-a.I1 in complex with HIV Env trimer Q23.17 MD39	ELECTRON MICROSCOPY	3.6	2025-05-13	2025-11-05	fa30724dccb201ab47df6e833693e0046bb84fbc2ee6195b116d4a56c24f438a	5e1e231d7abdf1d3b6d17c3d04a87ec677b268d520a68e8fc7f40bbda8e78cf1	https://files.rcsb.org/download/9OMG.cif.gz	https://www.rcsb.org/fasta/entry/9OMG/download	2026-10-06T15:58:47+00:00	1
9MQ3	processed	1.0		Cryo-EM map of H5 HA (A/Jiangsu/NJ210/2023) in complex with monoclonal fab 6G1	ELECTRON MICROSCOPY	3.22	2025-01-01	2025-11-05	6d9ff7567e052b4304d813a0cb464cce36c184f4032f43cdbc08e82d2f7d60dd	2dbb36f675d156aa33acf5b1e19d7310e7b6cbbc884abf433e53ddbf4be2ef81	https://files.rcsb.org/download/9MQ3.cif.gz	https://www.rcsb.org/fasta/entry/9MQ3/download	2026-10-06T15:58:47+00:00	1
9PUO	processed	2.0		Neutralizing monoclonal antibody Fab fragment bound to leptin	X-RAY DIFFRACTION	3.10	2025-07-31	2025-11-05	5778fc2123902fa4aca4a88f5fa7c10a52b7572e18c5df78f3ed028351010d24	7bee49575105e07075fb1ab3ece9bcd15b5fca05f78e60538bd03830516448cb	https://files.rcsb.org/download/9PUO.cif.gz	https://www.rcsb.org/fasta/entry/9PUO/download	2026-10-06T15:58:47+00:00	2
9PUK	processed	2.0		Neutralizing monoclonal antibody Fab fragment for human leptin	X-RAY DIFFRACTION	3.30	2025-07-31	2025-11-05	666c6922fb82e700a9dc0d0976246597a8b97c93361413ffe16a6d894f4ed721	040358d82c8f7777aa6583ecd383f00884fecfc5ac90ade08545746e2de0b589	https://files.rcsb.org/download/9PUK.cif.gz	https://www.rcsb.org/fasta/entry/9PUK/download	2026-10-06T15:58:47+00:00	2
9UDU	processed	1.0		Single-chain Fv antibody of E11 complex with NNP-Cap	X-RAY DIFFRACTION	1.06	2025-04-07	2025-11-05	fdc92c65942c5fc4a5f35e743460320eb41d597c3c6cc7c61171f418cb5cb540	3b94bdcccbef85597dd026e4be09b6e587ccda9ece84729fece637298f26c43b	https://files.rcsb.org/download/9UDU.cif.gz	https://www.rcsb.org/fasta/entry/9UDU/download	2026-10-06T15:58:47+00:00	1
9OOK	processed	3.0		Cryo-EM structure of vaccine-elicited antibody T3_QB_G12 in complex with HIV Env trimer Q23-APEX-GT1	ELECTRON MICROSCOPY	3.80	2025-05-15	2025-11-05	8d8c95e3b4a6a4b7b1613679c3dce38e5c3f5caef07243e31adc2e7102e8e3dc	c6ebebc551e8d4d0ba6049f640876c8995358de3bc00c187fa78650295cd905f	https://files.rcsb.org/download/9OOK.cif.gz	https://www.rcsb.org/fasta/entry/9OOK/download	2026-10-06T15:58:47+00:00	3
9RIU	removed_by_strict_cleaning	2.0		Co-crystal of broadly neutralizing VHH in complex with short neurotoxin 1 (P01426) Naja pallida	X-RAY DIFFRACTION	2.50	2025-06-11	2025-11-05	61a76a5b4002d196217285e49ebfa22ee12f158030fd616fe19ed0ab757f376d	69c3ebc33daa3cc6c1733de9ea1340aed619d01abfe9f6f00a60cab6826f3233	https://files.rcsb.org/download/9RIU.cif.gz	https://www.rcsb.org/fasta/entry/9RIU/download	2026-10-06T15:58:47+00:00	0
9M6J	processed	1.0		Crystal structure of S. aureus protein A bound to a camelid single-domain antibody	X-RAY DIFFRACTION	2.00	2025-03-07	2025-11-12	4c6866941d9898a48c02534268a806d84f661ec40f2d0652991eae001c882045	4ffceb79cb0f625acf392ef3cadc8df424c3821adfefec455096427ccfd571ad	https://files.rcsb.org/download/9M6J.cif.gz	https://www.rcsb.org/fasta/entry/9M6J/download	2026-10-06T15:58:48+00:00	1
9M5D	processed	2.0		Crystal structure of S. aureus protein A bound to a human single-domain antibody	X-RAY DIFFRACTION	3.57	2025-03-05	2025-11-12	1a27f7db1a79eda400d2771304b37889edfad5cfdc071525af8672bd642389c2	7a7f56a030fb0dd9da7fdf68e24700e869211b9ffc3d0a381ae326b7dc4fa24c	https://files.rcsb.org/download/9M5D.cif.gz	https://www.rcsb.org/fasta/entry/9M5D/download	2026-10-06T15:58:48+00:00	2
9NQ3	processed	2.0		Crystal structure of SARS-CoV-2 S2 directed Fab 1871	X-RAY DIFFRACTION	2.50	2025-03-11	2025-11-12	682a1f167873681609091db8d2a13f42e94816346fe2b6b43dca35e440840cf7	e7c4f6d6c17d3e46bd7f8ddd613109e5511d056400f2e1c6a458cd94afe637bb	https://files.rcsb.org/download/9NQ3.cif.gz	https://www.rcsb.org/fasta/entry/9NQ3/download	2026-10-06T15:58:48+00:00	2
9N5Z	processed	1.0		Hemagglutinin CA09 homotrimer bound to AMB38310/AMB38599 Fab	ELECTRON MICROSCOPY	3.2	2025-02-04	2025-11-12	3b245c8ea667206cccae0a619bb3c5ca9b2920cb46acab6540d2b50be1a8558f	b8ae3ad01e47e235b59e241f79422b4dbf8379bbf2b53b3bcb8efe5882f5e5ae	https://files.rcsb.org/download/9N5Z.cif.gz	https://www.rcsb.org/fasta/entry/9N5Z/download	2026-10-06T15:58:48+00:00	1
9NH7	processed	2.0		CryoEM Structure of De Novo VHH, VHH_flu_01, bound to influenza HA, strain A/USA:Iowa/1943 H1N1.	ELECTRON MICROSCOPY	3.02	2025-02-24	2025-11-12	094c119e15b44b88e4da5731d97933708db2c8693dd12072152ff14744006407	64cf1617c9dfa0124a6cfcb70ff23c19eb89462b6ae5fe4f573d62a072586c70	https://files.rcsb.org/download/9NH7.cif.gz	https://www.rcsb.org/fasta/entry/9NH7/download	2026-10-06T15:58:48+00:00	2
9H8H	processed	1.0		Structure of DC11 anti tau antibody Fab fragment	X-RAY DIFFRACTION	1.331	2024-10-29	2025-11-12	909f8827fa37996f55ca9378fcbd3ac654938c5f7bf682015869ad4ee4f8840d	202f047bb4b7be3df987d0aa48e7255864fef170f128e9bd611eca28701bce83	https://files.rcsb.org/download/9H8H.cif.gz	https://www.rcsb.org/fasta/entry/9H8H/download	2026-10-06T15:58:48+00:00	1
9NFU	processed	1.0		CryoEM Structure of De Novo Antibody Fragment scFv 6 with C. difficile Toxin B (TcdB)	ELECTRON MICROSCOPY	3.60	2025-02-21	2025-11-12	99aec0fe2ea99d6fbb20b2d395973652733daac931c067c3a4f7ae915bef1cd2	419b1b561e37c2edffb2dd3af0ccc14948f19cdbd8e8c36c225c5d7395edb3e4	https://files.rcsb.org/download/9NFU.cif.gz	https://www.rcsb.org/fasta/entry/9NFU/download	2026-10-06T15:58:49+00:00	1
9N5Y	processed	3.0		Hemagglutinin CA09 homotrimer bound to AEL31302/AEL31311 Fab	ELECTRON MICROSCOPY	4.1	2025-02-04	2025-11-12	ed37f9bb38bd012136aa65e52e66008e5d8724f339b2117ae880520b5d325e32	81f1daf4d0fa7247b89d787be06164443b7709f19535e356817017a6640e2934	https://files.rcsb.org/download/9N5Y.cif.gz	https://www.rcsb.org/fasta/entry/9N5Y/download	2026-10-06T15:58:48+00:00	3
9KFW	processed	1.0		NMR structure of an agonistic OX40 nanobody	SOLUTION NMR		2024-11-07	2025-11-12	c3adf859e9d41294aeaf7b4ac05ca848d6f5eb9060d1714cb995fbc01e08a0d9	2e04e8ebaba7b5da27436cd8a7a154bf23cd1719a208732707f197ff5a422dde	https://files.rcsb.org/download/9KFW.cif.gz	https://www.rcsb.org/fasta/entry/9KFW/download	2026-10-06T15:58:49+00:00	1
9NQZ	processed	3.0		cryo-EM structure of broad betacoronavirus binding antibody 1871 in complex with OC43 S2 subunit	ELECTRON MICROSCOPY	2.60	2025-03-13	2025-11-12	2b1975a8fb4d27abf30f21c5373044e2b68129bff73198570534deb04a57684c	1553fe50fc40769990a15776f82e2cd1b13ba5c111aea66fd62144f55b437f67	https://files.rcsb.org/download/9NQZ.cif.gz	https://www.rcsb.org/fasta/entry/9NQZ/download	2026-10-06T15:58:49+00:00	3
9OOG	processed	3.0		Cryo-EM structure of vaccine-elicited antibody T3_NB_G05 in complex with HIV Env trimer Q23-APEX-GT1.N187S	ELECTRON MICROSCOPY	3.1	2025-05-15	2025-11-12	1eec90a917d070ab65ccff1148841252bde701710191ba30217cbc29584a81e3	288b8c64633cf6bdade71518f5cbbb6c4f114c92869c42d630c519fc4aba2844	https://files.rcsb.org/download/9OOG.cif.gz	https://www.rcsb.org/fasta/entry/9OOG/download	2026-10-06T15:58:49+00:00	3
9M6O	processed	2.0		Crystal structure of S. aureus protein A bound to a camelid single-domain antibody	X-RAY DIFFRACTION	1.49	2025-03-07	2025-11-12	69e4763d0440de267408beb1023063e7a940c6a2fd0d1e5b40fc78754b720d4c	ca6c635c89f8ad16d9e7e02df0df04dab76cfa14dfd0703479e0d57b11de6c57	https://files.rcsb.org/download/9M6O.cif.gz	https://www.rcsb.org/fasta/entry/9M6O/download	2026-10-06T15:58:49+00:00	2
9OOM	processed	3.0		Cryo-EM structure of vaccine-elicited antibody T6_P_H03 in complex with HIV Env trimer Q23-APEX-GT1	ELECTRON MICROSCOPY	3.50	2025-05-16	2025-11-12	ddde43f02b67450b0a5ce78277e5ebbc3e2ba5aacccbf5c58cf25684c26aad4e	709cd969322738d8908af1f83a949c903a36f7ccc6aa5e03ecce0f59b1de7830	https://files.rcsb.org/download/9OOM.cif.gz	https://www.rcsb.org/fasta/entry/9OOM/download	2026-10-06T15:58:49+00:00	3
9X1H	processed	2.0		Cryo-EM Structure of human complement C1s CUB domain in complex with RAY121	ELECTRON MICROSCOPY	2.6	2025-10-02	2025-11-19	4ce8f1bcaf008197e8e0568f3f77c4cbc619b6f5cb387cfd26a0370a27ec5561	04a63515c56274ea59072df826443472fa4d7f4b8cf3701b93fd6713138696b2	https://files.rcsb.org/download/9X1H.cif.gz	https://www.rcsb.org/fasta/entry/9X1H/download	2026-10-06T15:58:49+00:00	2
9P93	processed	1.0		Cryo-EM structure of the PAC1sR-VIP-Gs complex	ELECTRON MICROSCOPY	3.20	2025-06-24	2025-11-19	199cf98ebb7927885a283e6948ac7eae5194dacca75849e03763e00fdde49748	7babd7edfab4f83adcc2697a6bf3465b46912e23f3d4dc741cd66b0c76d82146	https://files.rcsb.org/download/9P93.cif.gz	https://www.rcsb.org/fasta/entry/9P93/download	2026-10-06T15:58:49+00:00	1
9VFT	processed	1.0		Structure of mature CVA6 virus complexed with 3H7 Fab	ELECTRON MICROSCOPY	2.59	2025-06-11	2025-11-19	40638bd46a681468d25b37c1948bd9970c2c2e1cb215c2f63806b98a4c4594fd	4498516983aad252a75451a1a557cb713c7083d2669cf0250dbe7934dd135f4f	https://files.rcsb.org/download/9VFT.cif.gz	https://www.rcsb.org/fasta/entry/9VFT/download	2026-10-06T15:58:50+00:00	1
9VCA	processed	1.0		Binding site between C-reactive protein and c2cc monoclonal antibody	ELECTRON MICROSCOPY	2.4	2025-06-05	2025-11-19	d2e43ccb377d0d699d831f59681ad9903ec40c8308f777d10f38cd8f9a79aba8	a0ca3b5571e10934569b72ad183dafc6e2dc12967a969f60948909c0b44750c8	https://files.rcsb.org/download/9VCA.cif.gz	https://www.rcsb.org/fasta/entry/9VCA/download	2026-10-06T15:58:50+00:00	1
9VFU	processed	1.0		Structure of mature CVA6 virus complexed with 1F4 Fab	ELECTRON MICROSCOPY	2.11	2025-06-11	2025-11-19	935ca85f0371b5e3367c5070d8feef756a9c9aa82fb073f5912df012aff643cf	80249b439ceff589dcec4da27ae4aedab9ae6adfdab67f1c91509c03ee1e814e	https://files.rcsb.org/download/9VFU.cif.gz	https://www.rcsb.org/fasta/entry/9VFU/download	2026-10-06T15:58:50+00:00	1
9VG1	processed	1.0		Structure of CVA6 empty capsid complexed with 3H7 Fab	ELECTRON MICROSCOPY	3.26	2025-06-12	2025-11-19	3b22d5b57a816eaaca9e92b1dae5d23a2bc6d85a6f089a8a632fa945460873ce	43ddc5566d2201d91ba5131ee81a63e35e512e06f318935f880444ea0e872214	https://files.rcsb.org/download/9VG1.cif.gz	https://www.rcsb.org/fasta/entry/9VG1/download	2026-10-06T15:58:50+00:00	1
9MTX	processed	1.0		CryoEM structure of extracellular domain of human HER2 complexed with nano-bodies 29E09	ELECTRON MICROSCOPY	3.06	2025-01-12	2025-11-19	910b24fc0dae2960dea4dd49603bf623fef4390633e98ee9b69e2ebe0a79212a	f459f05eb3d7205bf5b9c41124f97090d240d7cb7759ec359d5a3a4cad6d0895	https://files.rcsb.org/download/9MTX.cif.gz	https://www.rcsb.org/fasta/entry/9MTX/download	2026-10-06T15:58:50+00:00	1
9KKJ	processed	1.0		Structure of Nectin-4 D1 domain in complex with the Fab fragment of 9MW2821 mAb	ELECTRON MICROSCOPY	3.26	2024-11-13	2025-11-19	432d54c1ab751ee2362b7d96238db4308a88e5251f391747204d2eb7f9a492c9	7628781e227abb8cb49e3c8d2ee78554037cf626d7ba4f2728d7810b3620e66f	https://files.rcsb.org/download/9KKJ.cif.gz	https://www.rcsb.org/fasta/entry/9KKJ/download	2026-10-06T15:58:50+00:00	1
9KMC	processed	1.0		Cryo-EM structure of the heterotrimeric interleukin-2 receptor in complex with interleukin-2 and anti-CD25 Fab S417	ELECTRON MICROSCOPY	2.97	2024-11-15	2025-11-19	f9591350e14bf2773ffe8cb17f5d3f6e6cd4c09f9242ba10be314e746c8378ba	1546ed685a2f5d711ce718fbc64c4e7176760458b3f24df5e2cc5175e643af2e	https://files.rcsb.org/download/9KMC.cif.gz	https://www.rcsb.org/fasta/entry/9KMC/download	2026-10-06T15:58:50+00:00	1
9I59	processed	2.0		RVFV GnH complexed with RVFV-379 Fab	X-RAY DIFFRACTION	2.09	2025-01-27	2025-11-26	0f396ce57137c61e477ee53dd642d55b70ac1b4a75e8c1410091d506ca67ee37	30c33b89458b402a25039e3aec0875265d3fa09a4518c7800ab50c42604bec3a	https://files.rcsb.org/download/9I59.cif.gz	https://www.rcsb.org/fasta/entry/9I59/download	2026-10-06T15:58:50+00:00	2
9IA4	removed_by_strict_cleaning	1.0		Bc8.108 Fab	X-RAY DIFFRACTION	2.36	2025-02-07	2025-11-26	08102518a61ca9da79c9210102dde9e4ffc357e174539fbee31bfcab5225f342	a521e0298ec3fa27f22fbe9733f0c33905a84b468ef3bb7a5fc965772c1e1fb9	https://files.rcsb.org/download/9IA4.cif.gz	https://www.rcsb.org/fasta/entry/9IA4/download	2026-10-06T15:58:50+00:00	0
9IAT	processed	1.0		Bc8.121 Fab	X-RAY DIFFRACTION	1.54	2025-02-11	2025-11-26	a369ef8f40d9ae2e108d674f2613f189cb03e7b0ae36648780cff41c5af863c1	320218314dc5b7d587068c375dc81bf05583a1ffeaa632c499104d9de5f1420b	https://files.rcsb.org/download/9IAT.cif.gz	https://www.rcsb.org/fasta/entry/9IAT/download	2026-10-06T15:58:51+00:00	1
9PTM	processed	1.0		Antibody fragment from mAb824 bound to the adhesin protein FimH.	ELECTRON MICROSCOPY	3.4	2025-07-29	2025-11-26	f835580bacd5f2e10a6ca2c57e5f8ca58555cc889ae51a6a78d4072de55278e1	80d3e722ed7ec651b35512ced02840ec986262d67b493a9a48c2fec103191e80	https://files.rcsb.org/download/9PTM.cif.gz	https://www.rcsb.org/fasta/entry/9PTM/download	2026-10-06T15:58:51+00:00	1
9LU3	processed	2.0		LN1F9 Fab bound to Nipah Virus attachment (G) glycoprotein head domain	X-RAY DIFFRACTION	3.00	2025-02-07	2025-11-26	00d15ada8a93e169fe15b5f5fa89193e12eea3dd372b0485ca818bb488cf8f18	da84efcc725937897c00c7c999ff549e2fe5164af1c3a857e0e8f7b33151b987	https://files.rcsb.org/download/9LU3.cif.gz	https://www.rcsb.org/fasta/entry/9LU3/download	2026-10-06T15:58:51+00:00	2
9MR1	processed	1.0		SARS-CoV-2 S2 monomer in complex with R125-61 Fab	ELECTRON MICROSCOPY	3.59	2025-01-06	2025-11-26	90bef03c3b3eba193ba8cc07c70797f47f83592a6ecfe2422263fba06cf29365	420b8da4d68f2cb7bbe44d77488ad7dfcb6b05d1703d060556066af4251c6880	https://files.rcsb.org/download/9MR1.cif.gz	https://www.rcsb.org/fasta/entry/9MR1/download	2026-10-06T15:58:51+00:00	1
9IA3	processed	1.0		Bc8.108 Fab bound to preS2 peptide	X-RAY DIFFRACTION	1.11	2025-02-07	2025-11-26	aa2aa315b153137f2b596de84f18ffb4feb8cf7c7f9d698da253399a75d552fd	26a201294f3b1519b4851f06a903f5d8bd892a609864b77835d860267b784734	https://files.rcsb.org/download/9IA3.cif.gz	https://www.rcsb.org/fasta/entry/9IA3/download	2026-10-06T15:58:51+00:00	1
9NJL	processed	3.0		MARV GP in complex with MARV16 Fab	ELECTRON MICROSCOPY	2.60	2025-02-27	2025-11-26	eb5dc46020b2252524622af16b5f70c27e26621692edce0d4845cced70b3ae85	415b16d32b8d944ba51b328c01ff0236b52edda32ff0145742406164ab8b29c3	https://files.rcsb.org/download/9NJL.cif.gz	https://www.rcsb.org/fasta/entry/9NJL/download	2026-10-06T15:58:51+00:00	3
9YP2	processed	2.0		Structure of HaCV P domain in complex with Nanobody 7	X-RAY DIFFRACTION	2.09	2025-10-13	2025-12-03	618d5ae0d330fefdfc9f61ea5529f91bbe7e7b61724d9bf0d20489034ba48c03	635473b67360d446376729e70e243e6e751ce5fbd5f0fbe1a2335c942ae1b144	https://files.rcsb.org/download/9YP2.cif.gz	https://www.rcsb.org/fasta/entry/9YP2/download	2026-10-06T15:58:51+00:00	2
9OT6	processed	2.0		Cryo-EM structure of the PI4KA complex bound to an EFR3 interfering nanobody (F3IN)	ELECTRON MICROSCOPY	3.54	2025-05-26	2025-12-03	a41d619ffb6590763843d37b37443480912d531820ced2724dcad4e4613c04b6	4f5b0548f445866198e8f3e9a36a7904cc52c3934f761ababa9fa7f5d0d7c7f2	https://files.rcsb.org/download/9OT6.cif.gz	https://www.rcsb.org/fasta/entry/9OT6/download	2026-10-06T15:58:51+00:00	2
9HI4	processed	2.0		Structure of FI6-focused design_03 scaffold in complex with FI6-Fab	X-RAY DIFFRACTION	2.00	2024-11-24	2025-12-03	3474115cc4301f8962eb678f60705a4a3baa8eea523ebd07dc9d70c54df1626d	21f4ea4e1f5d98269ee5a5cd3594b546fc76f60760c57d0d9deb93a0c2992c88	https://files.rcsb.org/download/9HI4.cif.gz	https://www.rcsb.org/fasta/entry/9HI4/download	2026-10-06T15:58:52+00:00	2
9EI0	processed	4.0		Human Kv1.3 mutant - G427H with A0194009G09 nanobodies	ELECTRON MICROSCOPY	2.91	2024-11-25	2025-12-03	5f34ff3dfbe7efcc6c836ee6b30493c8b50d169541d1c9c76747b9d9e383cb0d	f14705f5231834e7c21b055a488581b363f2606b47158eff0096eabc4802906a	https://files.rcsb.org/download/9EI0.cif.gz	https://www.rcsb.org/fasta/entry/9EI0/download	2026-10-06T15:58:52+00:00	4
9PZ5	processed	1.0		Native anti-NANP Fab	X-RAY DIFFRACTION	2.39	2025-08-08	2025-12-03	4f378dbbb5e2ceacad62d287f46077bec21b1c2d33f93a1e94653ce78d0ff262	cc714b35b652cb091a63bb661199dc2648d659893e94e58c20a52afcde666a47	https://files.rcsb.org/download/9PZ5.cif.gz	https://www.rcsb.org/fasta/entry/9PZ5/download	2026-10-06T15:58:52+00:00	1
9LHO	processed	6.0		CryoEM structure of H7 hemagglutinin in complex with a human neutralizing antibody 6Y13	ELECTRON MICROSCOPY	3.1	2025-01-13	2025-12-03	b6961f0d7748bb23269fdc60012d54eb36f960f70cf11017a34451383be591a7	14962edeb4cf4ab33355f086343ab23ae2af7ac66df83d6a310e93434296a0bb	https://files.rcsb.org/download/9LHO.cif.gz	https://www.rcsb.org/fasta/entry/9LHO/download	2026-10-06T15:58:52+00:00	3
9PZ6	processed	1.0		Anti-NANP Fab with G112T light chain mutation	X-RAY DIFFRACTION	1.70	2025-08-08	2025-12-03	cea5fcf57566667a0061d9543cd72356cc36b36215d92f9ccd2b051edb291ea2	68edefda058614f4cb091fd648a3821cd57750b084cf459b702b6534f995bce3	https://files.rcsb.org/download/9PZ6.cif.gz	https://www.rcsb.org/fasta/entry/9PZ6/download	2026-10-06T15:58:52+00:00	1
9HI6	processed	1.0		Structure of scaffold FI6-focused design_04 in complex with FI6-Fab	X-RAY DIFFRACTION	1.50	2024-11-24	2025-12-03	da8c361b50b66cde37d90ff37ec29052a0a6f2cc137c1bc00b27c67ffb9b5369	b7eded96e775b364f3059a14c10d2bc87f5cd245fd8f001d51349dded19497bd	https://files.rcsb.org/download/9HI6.cif.gz	https://www.rcsb.org/fasta/entry/9HI6/download	2026-10-06T15:58:52+00:00	1
9OFQ	processed	1.0		HCoV-229E S2P bound by one DH1533 Fab	ELECTRON MICROSCOPY	2.88	2025-04-30	2025-12-03	437288c74606e4ada6e5ef17d08b2ac7518788a0d847bc78aea0ebf2bb50f2f6	627947fb558bd9c420f45a8fb96aaba823ebb5a7ee367b23ed13a5ef42de08d1	https://files.rcsb.org/download/9OFQ.cif.gz	https://www.rcsb.org/fasta/entry/9OFQ/download	2026-10-06T15:58:52+00:00	1
9NRY	processed	3.0		Venezuelan Equine Encephalitis Virus in complex with the single domain antibody V2C3	ELECTRON MICROSCOPY	6.0	2025-03-14	2025-12-03	5eb96dd090449e6cbab7c8b714df36e146fa26d5268c91388afed184a008bf32	5cea276b162165a3a5a1cbf357c252b5cb50d955c0393b971fab614ec75bd9a5	https://files.rcsb.org/download/9NRY.cif.gz	https://www.rcsb.org/fasta/entry/9NRY/download	2026-10-06T15:58:53+00:00	3
9NRZ	processed	3.0		Venezuelan Equine Encephalitis Virus in complex with the single domain antibody V3A8f	ELECTRON MICROSCOPY	4.3	2025-03-14	2025-12-03	9f83142bafaeb93408354a838b6929ae68b9b15d24c46badbde8d1f5226e4992	c3d5807fa9a70b52e617df7acb1009bb8ee3c2a545e2bd51273792622c87b2a5	https://files.rcsb.org/download/9NRZ.cif.gz	https://www.rcsb.org/fasta/entry/9NRZ/download	2026-10-06T15:58:52+00:00	3
9NRX	processed	3.0		Venezuelan Equine Encephalitis Virus in complex with the single domain antibody V2B3	ELECTRON MICROSCOPY	4.6	2025-03-14	2025-12-03	d8c8c25fcb5144c90fcd6d857035a33ae4c37ad902be3ebbafb17b466ca19c07	60ec58252cdcb50544cc5397ca96c28dc4d9361972ffa70a3eb21490b6e7c868	https://files.rcsb.org/download/9NRX.cif.gz	https://www.rcsb.org/fasta/entry/9NRX/download	2026-10-06T15:58:53+00:00	3
9OFO	processed	3.0		HCoV-229E S2P bound by three DH1533 Fabs	ELECTRON MICROSCOPY	2.82	2025-04-30	2025-12-03	d192b86675dcd1b2f3ea36dfac15da1317973ca300e2e7a199700b552558d462	37ca8e5fbef764493100262316f32e6712c7f62f36ce7e8bb7599fc61d8d3411	https://files.rcsb.org/download/9OFO.cif.gz	https://www.rcsb.org/fasta/entry/9OFO/download	2026-10-06T15:58:53+00:00	3
9L15	processed	3.0		Structure of SARS-CoV-2 EG.5.1 Variant Spike protein complexed with antibody XGi-203	ELECTRON MICROSCOPY	2.95	2024-12-13	2025-12-10	06ea51fe2c3a21258f6707d62a355ad427fcd89a34ab773b9c1ce6dbd05c4d1c	fdb14426fd9d3a8da5025c363597d9016e35095d67b1bf2a7b4b0e189ddcf325	https://files.rcsb.org/download/9L15.cif.gz	https://www.rcsb.org/fasta/entry/9L15/download	2026-10-06T15:58:53+00:00	3
9YDQ	processed	1.0		Human delta opioid receptor complex with mini-Gi and agonist DADLE and allosteric modulator MIPS3614	ELECTRON MICROSCOPY	1.94	2025-09-23	2025-12-10	fc90d365786f81fddbae2c2f0d54b66854bd6fbd426b3b2a2216d080f0916896	2f7064770dcc425526f94e98fa85c50d012d67684f8effcb9640a14b090f8635	https://files.rcsb.org/download/9YDQ.cif.gz	https://www.rcsb.org/fasta/entry/9YDQ/download	2026-10-06T15:58:53+00:00	1
9LAD	removed_by_strict_cleaning	1.0		Crystal structure of the complex between Neuronal Pentraxin 2 (NP2 PTX) and antibody fragment VHH N1	X-RAY DIFFRACTION	2.020	2025-01-02	2025-12-10	70a19dfd6acb088f3e945b2470dda720bdde45aa800533186ac1092adffe50af	ef2211a22fffd2394c6575cf2818cd127ef1881da9d243496eb4de97e8e97e21	https://files.rcsb.org/download/9LAD.cif.gz	https://www.rcsb.org/fasta/entry/9LAD/download	2026-10-06T15:58:53+00:00	0
9YDP	processed	1.0		Human delta opioid receptor complex with mini-Gi and agonist DADLE	ELECTRON MICROSCOPY	1.95	2025-09-23	2025-12-10	1620a068549e33cef0e22904da011e4a6adc52180ed0d5d9e00cc59be8245027	6150d3cd3f65aa82f77300fc4abf52d94e461bcca734db431f595520f709037a	https://files.rcsb.org/download/9YDP.cif.gz	https://www.rcsb.org/fasta/entry/9YDP/download	2026-10-06T15:58:53+00:00	1
9L2L	processed	6.0		Structure of SARS-CoV-2 EG.5.1 Variant Spike protein complexed with antibody XGi-198	ELECTRON MICROSCOPY	2.98	2024-12-17	2025-12-10	74bff746aebee60ebc1b6909a447b29ada3651e52bd9480b2f56a5cb13444f8d	f4f435d95f8d97810ed181079228b1315b3d752370da88347dc05b59e9ac78c5	https://files.rcsb.org/download/9L2L.cif.gz	https://www.rcsb.org/fasta/entry/9L2L/download	2026-10-06T15:58:53+00:00	6
9GLZ	processed	2.0		KRas-G12D-GMPPnP in complex with the nanobody KM12-AM	X-RAY DIFFRACTION	2.1	2024-08-28	2025-12-10	35f2e8ec61bb093978cf553f0d9828a96d501a758b6b6ec9403197438e1799a7	deb58aab15806a68532736ea1280936b4c6f866d8af4053b7a5ac65a9f0b31fd	https://files.rcsb.org/download/9GLZ.cif.gz	https://www.rcsb.org/fasta/entry/9GLZ/download	2026-10-06T15:58:53+00:00	2
9PI9	processed	2.0		Sacituzumab Fab bound to Trop2 Dimer	X-RAY DIFFRACTION	1.56	2025-07-10	2025-12-10	0767da1c8908779f2a47a79d895ae9aa7dc0a79dac5107a94513158056f719ff	12d0864856fed8b1f7f36fc434452871662963ad02665a9599281bae27e53763	https://files.rcsb.org/download/9PI9.cif.gz	https://www.rcsb.org/fasta/entry/9PI9/download	2026-10-06T15:58:54+00:00	2
9YDR	processed	1.0		Human delta opioid receptor complex with mini-Gi and agonist DADLE and allosteric modulator MIPS3983	ELECTRON MICROSCOPY	2.14	2025-09-23	2025-12-10	5efd49eec9d790882ab1c44c3c6557eab0b2e0f271b1af19a3cf1dde30cbfb6f	1b842c988ca54e499a35a2d6c8cff58af04de9349268a876db2627f9c88c7b4b	https://files.rcsb.org/download/9YDR.cif.gz	https://www.rcsb.org/fasta/entry/9YDR/download	2026-10-06T15:58:54+00:00	1
9L07	processed	1.0		The local refined map of SARS-CoV-2 EG.5.1 Variant Spike protein complexed with antibody XGi-203	ELECTRON MICROSCOPY	3.28	2024-12-11	2025-12-10	2f41a589527b23a3245301c4fd6adc58ef34e43a96b0719b3d69b8d1e87d6de3	21b44eb6a11ff8d0216313867733c7560878eba4606f09929d26733a7faa4911	https://files.rcsb.org/download/9L07.cif.gz	https://www.rcsb.org/fasta/entry/9L07/download	2026-10-06T15:58:54+00:00	1
9L05	processed	1.0		The local refined map of SARS-CoV-2 EG.5.1 Variant Spike protein complexed with antibody XGi-198	ELECTRON MICROSCOPY	3.24	2024-12-11	2025-12-10	9e512a0cfc5f17212b9536dc58a5d3853899207abadde2fd32ec08cf330f6faf	ac6339da049a5fc1874a0dc7854b089451258194f1dff1d811c98581a172b1e3	https://files.rcsb.org/download/9L05.cif.gz	https://www.rcsb.org/fasta/entry/9L05/download	2026-10-06T15:58:54+00:00	1
9KZZ	processed	3.0		Structure of SARS-CoV-2 EG.5.1 Variant Spike protein complexed with antibody XGi-171	ELECTRON MICROSCOPY	3.18	2024-12-11	2025-12-10	7b38ad1ca3fa6153bb453e987d6b17200b5bd4c8b85f8f0996a650ce31b1c194	9abdcb969c7f301f6599fb69ebf9708fe66758658fef0777bc4e090b05cacaee	https://files.rcsb.org/download/9KZZ.cif.gz	https://www.rcsb.org/fasta/entry/9KZZ/download	2026-10-06T15:58:54+00:00	3
9KZE	processed	1.0		The local refined map of SARS-CoV-2 EG.5.1 Variant Spike protein complexed with antibody XGi-183	ELECTRON MICROSCOPY	3.4	2024-12-10	2025-12-10	29f2455f11c0bf73ee91558d17d10e8586f889d3384317a518f9eaaebda89359	6f160ad4e761de567852bc4d4a9d10ed75143420a4118b71e8c2ff38ecc133a5	https://files.rcsb.org/download/9KZE.cif.gz	https://www.rcsb.org/fasta/entry/9KZE/download	2026-10-06T15:58:54+00:00	1
9Q0W	processed	3.0		Cryo-EM Structure of HIV-1 BG505DS-SOSIP.664 Env Trimer Bound to DFPH-a.01_10R59P_LC Fab	ELECTRON MICROSCOPY	3.0	2025-08-13	2025-12-10	5220e00e6e1a4d4fc18d2106dd30ae3a57ae5a200c85d0144268344e38ead19b	7765d353edb009d3660d8b7c68229b46b48f96f824383ccdf8806665846c1155	https://files.rcsb.org/download/9Q0W.cif.gz	https://www.rcsb.org/fasta/entry/9Q0W/download	2026-10-06T15:58:54+00:00	3
9KZD	processed	1.0		The local refined map of SARS-CoV-2 EG.5.1 Variant Spike protein complexed with antibody XGi-171	ELECTRON MICROSCOPY	3.65	2024-12-10	2025-12-10	a22857a1dba0e5746b93484139cb0799aa8a0ae1eb9a4aa73f640c2c22ad9c6b	fc3a143c11d769bf1c0480dfefde85df4931e64484df46f8ed893ab7bbde7007	https://files.rcsb.org/download/9KZD.cif.gz	https://www.rcsb.org/fasta/entry/9KZD/download	2026-10-06T15:58:54+00:00	1
9PZW	processed	2.0		GluN1/GluN2A in complex with 3D2 Fab, glycine and glutamate-bound state	ELECTRON MICROSCOPY	3.43	2025-08-11	2025-12-17	2b4fd37eafff68577df98e3467c7c918bf85ff482947b2ab82ab62501f965e5c	52ae85015e82fa5916a844300c80d78b9261d46d3feecd8f5e8cf192eca9d433	https://files.rcsb.org/download/9PZW.cif.gz	https://www.rcsb.org/fasta/entry/9PZW/download	2026-10-06T15:58:55+00:00	2
9PZU	processed	2.0		Native GluN1/GluN2B in complex with 5F11 Fab (class 4), glycine and glutamate-bound state	ELECTRON MICROSCOPY	5.36	2025-08-11	2025-12-17	35f35dd456ac5bdb888bc7435228711d1b65c379f71dbfe3835c321cc36164fc	73302194bb35d6c8300373514cd16c341d56833831dac5e57b6bb069caf7a336	https://files.rcsb.org/download/9PZU.cif.gz	https://www.rcsb.org/fasta/entry/9PZU/download	2026-10-06T15:58:55+00:00	2
9PZX	processed	1.0		GluN1/GluN2A in complex with 3D2 Fab, local ATD dimer	ELECTRON MICROSCOPY	2.76	2025-08-11	2025-12-17	2f87b6b4f8dcdf839765e523230712b3e91a66cfb1a7d5238da9c47c692a1f43	6cc0e3ff80b74dd29d2096d3ba82302651c991c98fcc8f57d40b5f5330bc72bc	https://files.rcsb.org/download/9PZX.cif.gz	https://www.rcsb.org/fasta/entry/9PZX/download	2026-10-06T15:58:55+00:00	1
9HLL	processed	3.0		murine aM I-domain in complex with nanobody aCR3	X-RAY DIFFRACTION	2.17	2024-12-05	2025-12-17	923295491cde300e41dc9ce83bcfcdf5737a02272680a966b7484d0bec23d055	ebfa76b9e66545f8777dc5ddce0984817c144fd5c869937cb83cb7e91bfd64b7	https://files.rcsb.org/download/9HLL.cif.gz	https://www.rcsb.org/fasta/entry/9HLL/download	2026-10-06T15:58:55+00:00	3
9VX2	processed	2.0		Crystal structure of the apo form of HisMab-1 Fab	X-RAY DIFFRACTION	2.39	2025-07-18	2025-12-17	6bc2b07d0c318a9416da733da0c4847b221864280c7c157a5c5b1be4d5348bf3	a11d8a0bea742010494356756d171309dfae56e8bb719f0b82a124c8d26e1ae0	https://files.rcsb.org/download/9VX2.cif.gz	https://www.rcsb.org/fasta/entry/9VX2/download	2026-10-06T15:58:55+00:00	2
9PNU	processed	1.0		Cryo-EM structure of K001-A1 Fab in complex with HIV-1 459C-OPT RnS DS-SOSIP Env trimer	ELECTRON MICROSCOPY	3.01	2025-07-21	2025-12-17	68d204551ac1c4423f1522ddbeef876115c1b5a3e63974726ee7ee14d861a160	2dba95e8a0a5d5a226414bf6624ca6c9cca2a70ca5c4c5b603933dc4b228cdc1	https://files.rcsb.org/download/9PNU.cif.gz	https://www.rcsb.org/fasta/entry/9PNU/download	2026-10-06T15:58:55+00:00	1
9PNN	processed	3.0		Cryo-EM structure of J601-A6 Fab in complex with HIV-1 BG505 DS-SOSIP Env trimer	ELECTRON MICROSCOPY	3.50	2025-07-21	2025-12-17	ff366ae2ad8edf39948a95bd9751e7381d0183300b466a79d388a41158526811	47171a015b11260a8177f74b34426f3fb6d5c376a54d8e981c9599facb58a53c	https://files.rcsb.org/download/9PNN.cif.gz	https://www.rcsb.org/fasta/entry/9PNN/download	2026-10-06T15:58:56+00:00	3
9Z5Q	processed	1.0		HECT domain of NEDD4-2 complex with a targeted nanobody, nb.C11	ELECTRON MICROSCOPY	3.06	2025-11-12	2025-12-17	31af318c54a1845d7ac8b5e32ac003b3e2896615eae23a80f44aa3805cc4a69e	1e2aca869751bfccf62262af6c8491aab508213948f4a7014dbdd40bb18202b0	https://files.rcsb.org/download/9Z5Q.cif.gz	https://www.rcsb.org/fasta/entry/9Z5Q/download	2026-10-06T15:58:56+00:00	1
9M5B	processed	1.0		A Human Fc Receptor Ectodomain in Complex With a Fab	X-RAY DIFFRACTION	1.66	2025-03-05	2025-12-17	49f64385b5a9763caf2a40fe02c9cdd3379214e664c85a503dac5c36896db321	9eb8c950f399b7e4f39bf8133a41bb5072e1fa027af7467802b09e369ed1e361	https://files.rcsb.org/download/9M5B.cif.gz	https://www.rcsb.org/fasta/entry/9M5B/download	2026-10-06T15:58:56+00:00	1
9PNI	processed	3.0		Cryo-EM structure of J601-1B2 Fab in complex with HIV-1 BG505 DS-SOSIP Env trimer	ELECTRON MICROSCOPY	3.83	2025-07-21	2025-12-17	055fb58abe5c4de56c01286a7929557cf93d33e35c0cbd9e450de660d1280d04	78523c314cb6b02f144f16bbd592daff28b02d0ac636f715724752f358bb7f3c	https://files.rcsb.org/download/9PNI.cif.gz	https://www.rcsb.org/fasta/entry/9PNI/download	2026-10-06T15:58:56+00:00	3
9NWW	processed	1.0		Single-particle cryo-EM structure of the first variant of mobilized colistin resistance (MCR-1) in its ligand-bound state	ELECTRON MICROSCOPY	3.58	2025-03-24	2025-12-17	87d58c26b16435963bb21f992c2d86eb6006941d4bb08d715e59a086cbd78264	ec16fefbcb1d2115f53de1ff1d831c649cb555075f8814cffe29a78eb0261da7	https://files.rcsb.org/download/9NWW.cif.gz	https://www.rcsb.org/fasta/entry/9NWW/download	2026-10-06T15:58:56+00:00	1
9PD2	processed	1.0		Crystal structure of PILRA in complex with Fab portion of antagonist antibody	X-RAY DIFFRACTION	2.579	2025-06-30	2025-12-17	f7a9f014e8f4a4c6c5c2493486add5a8f79797ab13ad9072254f8b01f1a0f59c	4722b9ec6fbe345ef407ca7dd09b44f12c84fca4469ed471ad88f677368201cf	https://files.rcsb.org/download/9PD2.cif.gz	https://www.rcsb.org/fasta/entry/9PD2/download	2026-10-06T15:58:56+00:00	1
9GVG	processed	1.0		P116 from Mycoplasma pneumoniae in complex with mild growth suppressor monoclonal antibody	ELECTRON MICROSCOPY	5.06	2024-09-24	2025-12-24	26ce505d9c940ffb2efe04401d0c3689f512dabf7bdd6f7249943e0724663afa	bd1d394c570d5c93f9434fa4b358b735bde8ce27ebacebd030a63d24c306eb3c	https://files.rcsb.org/download/9GVG.cif.gz	https://www.rcsb.org/fasta/entry/9GVG/download	2026-10-06T15:58:56+00:00	1
9HO6	processed	2.0		Crystal Structure of the Human Frataxin protein in complex with a tailored Camelid Nanobody 16C10	X-RAY DIFFRACTION	2.00	2024-12-11	2025-12-24	866ad5b090441507496ca60874d633b1baabfe2a1af27055d8a5404cdcaa8cc4	b1f9a8bb6a212c0a1685480db857ed1b4008765646b54082acbf83e29b803ee1	https://files.rcsb.org/download/9HO6.cif.gz	https://www.rcsb.org/fasta/entry/9HO6/download	2026-10-06T15:58:56+00:00	2
9PF9	processed	1.0		X-ray crystal structure of ATX-350-2 Fab bound to Epstein-Barr virus glycoprotein 350	X-RAY DIFFRACTION	3.93	2025-07-03	2025-12-24	0c7113d0aff4c2be2edfe8f8662ba068f385cbd23b57118903505965c871c519	ee8227056f30b12157bf2d4b085372440a8366f18a0d210bb4bd48f645825b8c	https://files.rcsb.org/download/9PF9.cif.gz	https://www.rcsb.org/fasta/entry/9PF9/download	2026-10-06T15:58:56+00:00	1
9MPX	processed	1.0		Crystal structure of RM014, a macaque-derived HIV V2-apex-targeting antibody from ApexGT6 immunization	X-RAY DIFFRACTION	1.88	2024-12-31	2025-12-24	9889960a96fa01cc6901514842354d5b2ac84b667355a297f56f066bae6e7e00	1b0e4ffee75f6720e73a2dfa4a17aaf915dbe29f90d536439612bfbb0fb47465	https://files.rcsb.org/download/9MPX.cif.gz	https://www.rcsb.org/fasta/entry/9MPX/download	2026-10-06T15:58:57+00:00	1
9QPY	processed	1.0		Structure of the Complement classical and lectin pathway C3 convertase	ELECTRON MICROSCOPY	4.3	2025-03-31	2025-12-24	178f0b0f3865eda6ae0ab1c100f1737efd788641b7f77754a843192ba9cc7cfe	381509d334def8e9357a1e87a2d9fd735f7825dcc9faee618912135eecbc6b0f	https://files.rcsb.org/download/9QPY.cif.gz	https://www.rcsb.org/fasta/entry/9QPY/download	2026-10-06T15:58:57+00:00	1
9QK2	processed	1.0		Structure of the Complement classical and lectin pathway C3 convertase in complex with substrate C3	ELECTRON MICROSCOPY	3.50	2025-03-19	2025-12-24	f6355a76d93fe458727ccf242dbf6846af50d1fe09aa562a0f456d31adf1b2dc	017736f960e981343906832f5a500a5aea92c6be41746de92d79382eba17ab8f	https://files.rcsb.org/download/9QK2.cif.gz	https://www.rcsb.org/fasta/entry/9QK2/download	2026-10-06T15:58:57+00:00	1
9HO5	processed	1.0		Crystal Structure of the Human Frataxin protein in complex with a tailored Camelid Nanobody 4A7	X-RAY DIFFRACTION	1.50	2024-12-11	2025-12-24	5e52ce92366eedd4b07c80534ae7b8fc7bebb955c1607e7b22f5f9f9067a876a	6bd9bedf321fb0b91e1cbd8f24c4e4c36bb65bd003a48c18150d9ad90e7c3f9d	https://files.rcsb.org/download/9HO5.cif.gz	https://www.rcsb.org/fasta/entry/9HO5/download	2026-10-06T15:58:57+00:00	1
9PRU	processed	4.0		Complex of the 3G8 Fab bound to Fc gamma receptor 3a / CD16a F158 allotype	X-RAY DIFFRACTION	1.9	2025-07-24	2025-12-31	3c8af2fcb890bee6b42eddbbe98f0769db63deae5e57063c5ea20cba1bb921d7	aacbbb02dcf5cd0cd6a59bd1317107866ff031a797f678ade86f60df73f3884d	https://files.rcsb.org/download/9PRU.cif.gz	https://www.rcsb.org/fasta/entry/9PRU/download	2026-10-06T15:58:57+00:00	4
9UZG	processed	1.0		Crystal structure of Kasokero virus cap- snatching endonuclease in complex with 2,4-dioxo-4-phenylbutanoic acid (DPBA)	X-RAY DIFFRACTION	2.15	2025-05-16	2025-12-31	9d2dd9640debd56ab3ffafcb4efc3983778befec194a633a13f96cc64bd1a941	803186e4b6ffc01f4f2707cca4b7a21bae28bd27827aec47e41ce5517dcdb23a	https://files.rcsb.org/download/9UZG.cif.gz	https://www.rcsb.org/fasta/entry/9UZG/download	2026-10-06T15:58:57+00:00	1
9UZC	processed	1.0		Crystal structure of Kasokero virus cap- snatching endonuclease in complex with manganese ions	X-RAY DIFFRACTION	1.98	2025-05-16	2025-12-31	6232aeb979b21037b240371de161b7b69b03fd0ed65943a94026717a3ef9914b	7a41f126d06b641ec02f4c96ed94d93b7f3fadac013030b3a0e592d80af31edd	https://files.rcsb.org/download/9UZC.cif.gz	https://www.rcsb.org/fasta/entry/9UZC/download	2026-10-06T15:58:59+00:00	1
9VOR	processed	2.0		Cryo-EM Structure of Human GPR158 Bound to Nanobody Nb20	ELECTRON MICROSCOPY	3.47	2025-07-02	2025-12-31	6330e98501d3a95e66d9439b7bfcbbd79ee11fb51d5f8aa5701c4282ef5f0ebf	3ebeb24334aef8eccf606366ade2a514456197731014d3699f2d8a66648aca63	https://files.rcsb.org/download/9VOR.cif.gz	https://www.rcsb.org/fasta/entry/9VOR/download	2026-10-06T15:58:58+00:00	2
9UZE	processed	1.0		Crystal structure of Kasokero virus cap- snatching endonuclease (E682A mutant)	X-RAY DIFFRACTION	2.41	2025-05-16	2025-12-31	f2ec258d535738883488fd1498587b28f183c945da659922f412df68ff37b439	7994134d6a7c28c0b77e7fe894fe7c9efd4ca909e95f65a00f9e2f6240c4b8f1	https://files.rcsb.org/download/9UZE.cif.gz	https://www.rcsb.org/fasta/entry/9UZE/download	2026-10-06T15:58:58+00:00	1
9UZA	processed	2.0		Crystal structure of Crimean-Congo hemorrhagic fever virus cap-snatching endonuclease	X-RAY DIFFRACTION	3.05	2025-05-16	2025-12-31	7d3c804d1614b011899d686ea6905a7470288ea07ad46dcf768d257eccd8c948	156483d64950398d3f7dc428a3ba3b851b8c5709bafab73763bfb6f26e3bb5ef	https://files.rcsb.org/download/9UZA.cif.gz	https://www.rcsb.org/fasta/entry/9UZA/download	2026-10-06T15:58:58+00:00	2
9YC3	processed	1.0		Crystal structure of malaria transmission-blocking antigen PfHAP2 domain 3 in complex with nanobody WNb 334	X-RAY DIFFRACTION	2.80	2025-09-18	2025-12-31	8113ece97ccaef1d558abedd4838d0bf4005896dcdce3bec7f3bfa0e38309f97	a9f80190fa9b916923253b4b16f64fb9cca2178b197885a971440ec921f5155f	https://files.rcsb.org/download/9YC3.cif.gz	https://www.rcsb.org/fasta/entry/9YC3/download	2026-10-06T15:58:58+00:00	1
9V0P	processed	3.0		Cryo-EM structure of RSV pre-F in complex with antibody CNR2053	ELECTRON MICROSCOPY	3.87	2025-05-18	2025-12-31	96e1936d984c6286670562d285094b644e4e3201113588097b39a920a57c81e2	61457bf0c475aab9b2186a8bb68a61dc903a571dc4e25805091db003d45d1c87	https://files.rcsb.org/download/9V0P.cif.gz	https://www.rcsb.org/fasta/entry/9V0P/download	2026-10-06T15:58:58+00:00	3
9YKA	processed	3.0		Cryo-EM structure of post-fusion EBV gB in complex with AMMO2 fab	ELECTRON MICROSCOPY	2.9	2025-10-06	2025-12-31	625cb02d02416c4ca2e3e91224d1936e7ee612b782985d1ef8312a45b8e0186e	ec63cc023e56c8efce2b1e7537fb9de816960ccb4723717111b779cca2939b24	https://files.rcsb.org/download/9YKA.cif.gz	https://www.rcsb.org/fasta/entry/9YKA/download	2026-10-06T15:58:58+00:00	3
9UZD	processed	1.0		Crystal structure of Kasokero virus cap- snatching endonuclease (E668A mutant)	X-RAY DIFFRACTION	2.40	2025-05-16	2025-12-31	d2d0f148958f35023fa18b0b02ffa76fe20c6201165626674b07d4a96ea6491c	ff8e7b9021b09f4142c513bc02fd83fd3e6f08db9ea4a902d0cae01beb8da072	https://files.rcsb.org/download/9UZD.cif.gz	https://www.rcsb.org/fasta/entry/9UZD/download	2026-10-06T15:58:58+00:00	1
9V0N	processed	3.0		Cryo-EM structure of RSV pre-F in complex with antibody CNR2042	ELECTRON MICROSCOPY	3.75	2025-05-18	2025-12-31	f36d26c3820f667a8066be23ab7559ab0aa5647e169f58090a5968d24bb37497	f59fb831df3c2907870a5b6912d9cfb95ef8f754c6235ce9d0b73ae597a010cf	https://files.rcsb.org/download/9V0N.cif.gz	https://www.rcsb.org/fasta/entry/9V0N/download	2026-10-06T15:58:59+00:00	3
9UZF	processed	1.0		Crystal structure of Kasokero virus cap- snatching endonuclease (D719A mutant)	X-RAY DIFFRACTION	2.47	2025-05-16	2025-12-31	2eeb1d252014473412a989198de827b99e3a2371f51741909be09ec72e8f2fc0	123d5499ad717697d93777f927cd4a0fb833a93ac94092fc7ae7d8e80f660e38	https://files.rcsb.org/download/9UZF.cif.gz	https://www.rcsb.org/fasta/entry/9UZF/download	2026-10-06T15:58:59+00:00	1
9V0Q	processed	3.0		Cryo-EM structure of RSV pre-F in complex with antibody CNR2056	ELECTRON MICROSCOPY	3.85	2025-05-18	2025-12-31	4c8c7afb4fcadddfad1662d1748771a1b77cd9c22897206b00818e26fd47390e	479d5ce624f5eb919ba1c9184e9cec350da8e1aba14d3166362e1ea793872680	https://files.rcsb.org/download/9V0Q.cif.gz	https://www.rcsb.org/fasta/entry/9V0Q/download	2026-10-06T15:58:59+00:00	3
9UZI	processed	1.0		Crystal structure of Kasokero virus cap- snatching endonuclease in complex with baloxavir acid (BXA)	X-RAY DIFFRACTION	2.16	2025-05-16	2025-12-31	062349f18ae0ae8b3f96cbf07275af5e295b60c730017cf102f8fe2e05289051	e94ed57ca70490304aa35f2114e23ab8771b58ebf2e4fe5f863252ec540500f6	https://files.rcsb.org/download/9UZI.cif.gz	https://www.rcsb.org/fasta/entry/9UZI/download	2026-10-06T15:58:59+00:00	1
9P8X	processed	1.0		Crystal structure of GITR in complex with ligand-non-competitive Ab#1 Fab fragment	X-RAY DIFFRACTION	2.86	2025-06-23	2025-12-31	1309cf28e79250bb5569bbc144ce91c9fcb1cdb9b43a9b24abf8d25aea09b8c0	1dd96dadd287d508da7947d1f28234bdbfca8f0982f01e12d06d075e12d4d558	https://files.rcsb.org/download/9P8X.cif.gz	https://www.rcsb.org/fasta/entry/9P8X/download	2026-10-06T15:58:59+00:00	1
9UZB	processed	1.0		Crystal structure of Kasokero virus cap-snatching endonuclease in apo form	X-RAY DIFFRACTION	1.90	2025-05-16	2025-12-31	a6766380752f049b521a01d2b063ff8deb1e9dfd81f7aae12c745cb32ec18a4a	253879712dd9cbbaea7315428dee2fdf4ba07596507ff47643d74dae51713ee8	https://files.rcsb.org/download/9UZB.cif.gz	https://www.rcsb.org/fasta/entry/9UZB/download	2026-10-06T15:58:59+00:00	1
9UZH	processed	1.0		Crystal structure of Kasokero virus cap- snatching endonuclease in complex with L-742,001	X-RAY DIFFRACTION	1.95	2025-05-16	2025-12-31	7fa59d86f244fce934ba5c09cc01a4d295e68db87e2914dac96721e875c362fa	c7ad9e81a98c6099b1f9a8accd69e89b00d1a8e82765c3faab9938d0707c38c7	https://files.rcsb.org/download/9UZH.cif.gz	https://www.rcsb.org/fasta/entry/9UZH/download	2026-10-06T15:58:59+00:00	1
9XQB	processed	1.0		Cryo-EM structure of the human A2A adenosine receptor in complex with a Fab antibody fragment	ELECTRON MICROSCOPY	3.45	2025-11-18	2026-01-07	243ade1afca06d04c5f304873a84ff1f6df9eb0cdb8c2bab46f72f22bf3140c2	08bdb26b25969c572538c4625d55c2c8e043e38c863a616f0d73ade5cd9ea7eb	https://files.rcsb.org/download/9XQB.cif.gz	https://www.rcsb.org/fasta/entry/9XQB/download	2026-10-06T15:58:59+00:00	1
9VE0	processed	1.0		hA5-6 (W30B/W53) Fab bound to SFTSV glycoprotein Gn	X-RAY DIFFRACTION	2.68	2025-06-09	2026-01-07	2729bc7dd82a0807a644912da3c83b32a5641217348e83bc2be336d683a6a1ca	e70d797fec024c3161fc0dfd84e8ef4af3c412e8d143e379fc752cf9052a7f42	https://files.rcsb.org/download/9VE0.cif.gz	https://www.rcsb.org/fasta/entry/9VE0/download	2026-10-06T15:58:59+00:00	1
9VDZ	processed	2.0		hA5-6(W30B/E45) Fab bound to SFTSV glycoprotein Gn	X-RAY DIFFRACTION	2.43	2025-06-09	2026-01-07	e66c4b3107e6540d53d5040f8552c3b0754930bb6e974a693c0607526304cacd	81b28f82dc9a5ff112971a95ce571f30e907f21b29451613b9822bf39701acc1	https://files.rcsb.org/download/9VDZ.cif.gz	https://www.rcsb.org/fasta/entry/9VDZ/download	2026-10-06T15:59:00+00:00	2
9LBW	processed	1.0		HBcAg in complex with Fab mAb40	ELECTRON MICROSCOPY	3.44	2025-01-03	2026-01-07	fc6904b963a62ac70968b319096f37ad35a7874ac869eb9cb6c222aa4c8c4916	6989ab184d7db8341def5476811a1c1268105338cbb2eabf0d146fab7cfb6c96	https://files.rcsb.org/download/9LBW.cif.gz	https://www.rcsb.org/fasta/entry/9LBW/download	2026-10-06T15:58:59+00:00	1
9VDY	processed	2.0		hA5-6 Fab bound to SFTSV glycoprotein Gn	X-RAY DIFFRACTION	2.28	2025-06-09	2026-01-07	3babf0f50b0fef583d2fccb310dd1ce88dca42a349dcf3cdea6abcc16385e401	c450ddf63729ad6d3c26208d11523982a0b7d626149b1c761eaebf0acc09d0b3	https://files.rcsb.org/download/9VDY.cif.gz	https://www.rcsb.org/fasta/entry/9VDY/download	2026-10-06T15:59:00+00:00	2
9MNT	processed	1.0		Structure of Hepatitis C virus envelope glycoprotein E2 core from genotype 6a bound to broadly neutralizing antibody RM1-73	X-RAY DIFFRACTION	2.55	2024-12-23	2026-01-14	034c49d81f4a1b13d5bcbb39c31f2525f20f82329b4af9731c51a3eea9ac7b0a	9a6f59c044c4b72ddf01f81560fd058c7ed14c09facf5191e8de1cfca7890847	https://files.rcsb.org/download/9MNT.cif.gz	https://www.rcsb.org/fasta/entry/9MNT/download	2026-10-06T15:59:00+00:00	1
9MNQ	processed	1.0		Structure of Hepatitis C virus envelope glycoprotein E2 core from genotype 6a bound to broadly neutralizing antibody RM10-30	X-RAY DIFFRACTION	2.83	2024-12-23	2026-01-14	14e0b77e220e118be89833e3433a1772049cf5ebc28bd7e3b269e91b9b013ff7	3d019c6a768b9197b57da1481539000f2540e097daf81991e90b37881340a185	https://files.rcsb.org/download/9MNQ.cif.gz	https://www.rcsb.org/fasta/entry/9MNQ/download	2026-10-06T15:59:00+00:00	1
9LH2	processed	2.0		Crystal structure of SARS-CoV-2 spike receptor-binding domain (Delta) in complex with pH-dependent nanobody MNb-11.	X-RAY DIFFRACTION	2.30	2025-01-11	2026-01-14	7899f9f0967dda98c90f0510bc339cd28ef2f42fd3a04e7b58906aa1434ebb6f	e8f65b06a030cbd4bd043483405a8a56d1889a08a175e61801233613875d0e8c	https://files.rcsb.org/download/9LH2.cif.gz	https://www.rcsb.org/fasta/entry/9LH2/download	2026-10-06T15:59:00+00:00	2
9TGN	processed	6.0		Cryo-EM structure of Z-DNA binding antibody Z-D11 in complex with left-handed Z-DNA	ELECTRON MICROSCOPY	2.55	2025-12-02	2026-01-14	6305b6e764cb3cbdecb8a96b1a636daf75c9e86590207db0819e7b2f1c3ca193	011b93fa1f3be6e812eb0eb6532941cf236fd3eca6960506670b4500688bfa12	https://files.rcsb.org/download/9TGN.cif.gz	https://www.rcsb.org/fasta/entry/9TGN/download	2026-10-06T15:59:00+00:00	6
9MQO	processed	6.0		Crystal structure of BCMA in complex with CA10v2 Fab	X-RAY DIFFRACTION	3.181	2025-01-04	2026-01-14	77162102046c5423d1a142e746c847c1389290f5086c9e141698996ddfd4379f	64132945f0bae3ec04e607a9cf3ea40805e289a95d57654f7a292ba048c182e4	https://files.rcsb.org/download/9MQO.cif.gz	https://www.rcsb.org/fasta/entry/9MQO/download	2026-10-06T15:59:00+00:00	6
9MNU	processed	2.0		Structure of Hepatitis C virus envelope glycoprotein E2 core from genotype 6a bound to broadly neutralizing antibody RM11-48	X-RAY DIFFRACTION	2.85	2024-12-23	2026-01-14	75839a4be01c08a04e8c983bf312dd1c1e873b55e182f78cedc40f231e8211fd	1cd2c08a52a7ea47022734b7d3582af332b2b1683a6f046057e44936eecdd415	https://files.rcsb.org/download/9MNU.cif.gz	https://www.rcsb.org/fasta/entry/9MNU/download	2026-10-06T15:59:00+00:00	2
9L9Z	processed	1.0		Fab of anti-HEV mAb 6H8	X-RAY DIFFRACTION	1.500	2024-12-31	2026-01-14	5e1c4b0d4a14a069b12ee071306ad44eddbb2584e2258003e6da4694d41f7844	8d99460d95c37c434a4c956efbc2c78fd93784c025e7d83b5cef58b71f3284f7	https://files.rcsb.org/download/9L9Z.cif.gz	https://www.rcsb.org/fasta/entry/9L9Z/download	2026-10-06T15:59:01+00:00	1
9FTE	processed	1.0		Cryo-EM structure of the adhesion GPCR ADGRV1 in complex with a nanobody	ELECTRON MICROSCOPY	3.82	2024-06-24	2026-01-14	2fbfd2467c83cb29be8e4c31e3a603f12b2d1113f3b7df9cb08c3ae0721e0776	1d70b173fc118defd1bff0aee2d0383009daac1d7427db0d9ba953ba17b52e39	https://files.rcsb.org/download/9FTE.cif.gz	https://www.rcsb.org/fasta/entry/9FTE/download	2026-10-06T15:59:01+00:00	1
9HV1	processed	1.0		Crystal structure of tri-specific FMDV mAb-17 Fab	X-RAY DIFFRACTION	1.96	2024-12-23	2026-01-14	6343860ecb7757fedd5aa97815a41785559dd4bfbb8ed6023fe001fe638adec1	14b2060561206252c7c7037505db439a396e7b6c89af15b282673c3f10bdf7b9	https://files.rcsb.org/download/9HV1.cif.gz	https://www.rcsb.org/fasta/entry/9HV1/download	2026-10-06T15:59:01+00:00	1
9HV2	processed	2.0		Crystal structure of tri-specific FMDV mAb-34 Fab	X-RAY DIFFRACTION	1.77	2024-12-24	2026-01-14	218bc338dd129d02d78e3ca527d11199f04537538d08cce3638d42628792fe81	5838e9975d0a2aeec6436b56ed43f51edc298ba41875a9e4f2b3d94220e87889	https://files.rcsb.org/download/9HV2.cif.gz	https://www.rcsb.org/fasta/entry/9HV2/download	2026-10-06T15:59:01+00:00	2
9HV8	processed	1.0		Crystal structure of tri-specific FMDV mAb-49 Fab	X-RAY DIFFRACTION	1.72	2024-12-24	2026-01-14	e2fca03d3426c2d7d20cefaa4c77c03da4b6a50851b82c6e0535ff06df97659c	dc8d5fd991b717b618bed7c0f55ec687b990f1706199f0542995de1e13ce74dd	https://files.rcsb.org/download/9HV8.cif.gz	https://www.rcsb.org/fasta/entry/9HV8/download	2026-10-06T15:59:02+00:00	1
9R6H	removed_by_strict_cleaning	2.0		Crystal Structure of the M18BP1 SANTA domain as a EGFP-SANTA-nanobody fusion	X-RAY DIFFRACTION	2.4200	2025-05-12	2026-01-14	a8ce35b57dfeb72dbf740220b6331f95cead385e1703db77e51032be2474a826	851710f5011f0aa41ce6c916932258cb9c7401197367ee6ae338a64c7190dd02	https://files.rcsb.org/download/9R6H.cif.gz	https://www.rcsb.org/fasta/entry/9R6H/download	2026-10-06T15:59:01+00:00	0
9MS9	processed	1.0		Structure of HCV neutralizing antibody RM5-16	X-RAY DIFFRACTION	1.46	2025-01-09	2026-01-14	1d5f5fccbd8a769d4eb46e780f11589bcbb4331fe5cb2d6e485a87dd0484f34d	7a3a60b256482bad7285ef0f3fcf7248f78e2cad51043d937782c8c8296a6904	https://files.rcsb.org/download/9MS9.cif.gz	https://www.rcsb.org/fasta/entry/9MS9/download	2026-10-06T15:59:01+00:00	1
9GVN	processed	2.0		DEPEMOKIMAB FAB IN COMPLEX WITH INTERLEUKIN 5	X-RAY DIFFRACTION	1.933	2024-09-25	2026-01-14	2ef94268938fd55d82103129204e6861bde557f90bad5bc060de3bfb8bfc2572	ec3287b2c19517fb25ed32a150475044824428bf9984c3399440a56ec47b8f74	https://files.rcsb.org/download/9GVN.cif.gz	https://www.rcsb.org/fasta/entry/9GVN/download	2026-10-06T15:59:01+00:00	2
9MRZ	processed	2.0		Structure of HCV broadly neutralizing antibody RM1-73	X-RAY DIFFRACTION	2.03	2025-01-09	2026-01-14	91c5815a9d85994f5e78b8538d3eb634acb01a767e5cca658d3941c404074a42	ac61ec7b2d95e2442297a174d5a82d5e1881fff93b9db68ba1697727bb0d1469	https://files.rcsb.org/download/9MRZ.cif.gz	https://www.rcsb.org/fasta/entry/9MRZ/download	2026-10-06T15:59:01+00:00	2
9MMJ	processed	1.0		Crystal Structure of 19b Fab bound to the third variable (V3) loop peptide from the HIV-1 JR-FL envelope (Env) glycoprotein	X-RAY DIFFRACTION	1.78	2024-12-20	2026-01-21	65d13d2015366430351bfd5df479562ab0ec4561a9d13a9cb924e42a983ecc02	dd1e03c74c389ac01f805878c5db5c1940569bb5e9226de58836250875a00d75	https://files.rcsb.org/download/9MMJ.cif.gz	https://www.rcsb.org/fasta/entry/9MMJ/download	2026-10-06T15:59:02+00:00	1
9NSD	processed	3.0		Crystal structure of PvCSS-PvPTRAMP in complex with nanobody D7	X-RAY DIFFRACTION	3.14	2025-03-16	2026-01-21	e5b12aed32ce9b159fcc42092d245c8308b00dad91235959457ad93902cd6901	ab2abe53d8ad7eaf0b3f65dc74f01d4ef07b4897804fd24cc0096cc2534ffa9b	https://files.rcsb.org/download/9NSD.cif.gz	https://www.rcsb.org/fasta/entry/9NSD/download	2026-10-06T15:59:02+00:00	3
9LM5	processed	3.0		Cryo-EM structure of prefusion-stabilized RSV F (DS-Cav1 strain: A2) in complex with nanobody 1G9	ELECTRON MICROSCOPY	2.77	2025-01-18	2026-01-21	27db768b8dedb573b76f032954da720e3ce57231b215c0ec2f7d65fe7c5274bc	5162762e1b8cf8c6544e6e8cf2d0767a0339a93e717a20b9fe6d0e284eedb1fd	https://files.rcsb.org/download/9LM5.cif.gz	https://www.rcsb.org/fasta/entry/9LM5/download	2026-10-06T15:59:02+00:00	3
9OD2	processed	2.0		Cryo-EM structure of modified Zika virus E protein dimer complexed with a neutralizing antibody SMZAb2 Fab	ELECTRON MICROSCOPY	4.09	2025-04-25	2026-01-21	0b70cd87fc3b535de23000c4120522d2e52aec43b0bf9f6bd850e78077089aa7	818a8d311a5943b915fca457c8213221561bfe8e36c0db93a756343b9cfc2edc	https://files.rcsb.org/download/9OD2.cif.gz	https://www.rcsb.org/fasta/entry/9OD2/download	2026-10-06T15:59:02+00:00	2
9OBN	processed	4.0		Crystal structure of malaria transmission-blocking antigen Pfs48/45 C-terminal domain in complex with nanobody B2	X-RAY DIFFRACTION	2.50	2025-04-22	2026-01-21	c25fcb7ee5684a4e9ad5063f3ca70dff51ee1342f76ad73bd62d8c8411660e15	17a08fc61cce852a46f0f1d7efa1a09e8271d71a13560f3714fffa1bb247a8e4	https://files.rcsb.org/download/9OBN.cif.gz	https://www.rcsb.org/fasta/entry/9OBN/download	2026-10-06T15:59:02+00:00	4
9LME	processed	2.0		Checkpoint regulator protein in complex with a nanobody	X-RAY DIFFRACTION	2.404	2025-01-18	2026-01-21	1339bf4c19b2a9494aa00aab6132ea7d13058a5a8f4b3d2e796df38d13cbd81a	238e03265d14a72d5dae3ed6911383cbaae78ddaad64027c38d84b732d2233ba	https://files.rcsb.org/download/9LME.cif.gz	https://www.rcsb.org/fasta/entry/9LME/download	2026-10-06T15:59:02+00:00	2
9E6J	processed	3.0		DH726-1 Fab bound to hemagglutinin from influenza A/Solomon Islands/3/2006	ELECTRON MICROSCOPY	2.98	2024-10-30	2026-01-21	2881fc86272dacf793bfc42e5251da556194024e6569f55f57d2ce9def6bdf56	74c011edc9cf92abf48f612b0e34434dbd3c991a01506d32650cd80866027956	https://files.rcsb.org/download/9E6J.cif.gz	https://www.rcsb.org/fasta/entry/9E6J/download	2026-10-06T15:59:02+00:00	3
9PM6	processed	2.0		Cryo-EM structure of modified Zika virus E protein dimer complexed with a neutralizing antibody OZ-D4 Fab	ELECTRON MICROSCOPY	3.45	2025-07-16	2026-01-21	2aa496c4cbf13cd1695184a307fdf5f78f2b1d5b24772dd4fc03dcea4558be48	f00eee82f3eb700fe9d7c4aaa87b30f53a08742c0ebe85d9c2cdd18c33d641d3	https://files.rcsb.org/download/9PM6.cif.gz	https://www.rcsb.org/fasta/entry/9PM6/download	2026-10-06T15:59:03+00:00	2
9O3D	processed	4.0		Crystal structure of broadly neutralizing antibody HEPC108 in complex with Hepatitis C virus envelope glycoprotein E2 ectodomain	X-RAY DIFFRACTION	2.68	2025-04-07	2026-01-21	6d9f937fdaebfb62e83a9ba1bb494dafb15f593b2f3e22a3c496e984d77662b0	c74495b3535f7cbed44ce22511bf07dda8f62ef39e612600d9dbba8afed8bbe7	https://files.rcsb.org/download/9O3D.cif.gz	https://www.rcsb.org/fasta/entry/9O3D/download	2026-10-06T15:59:03+00:00	4
9J4C	processed	1.0		Cryo-EM structure of aPlexinA1-19-43 Fab in complex with PlexinA1 dimer	ELECTRON MICROSCOPY	3.33	2024-08-09	2026-01-21	04b99441d6d033e2afcc0d6a75ec30a175b4f918acb7d50f01bc22f95e8251c1	fef48d44ac047b4d014ecaa488b1d416a1bae0046665ac80a1e8e6a9f0d20f71	https://files.rcsb.org/download/9J4C.cif.gz	https://www.rcsb.org/fasta/entry/9J4C/download	2026-10-06T15:59:03+00:00	1
9M42	processed	1.0		Structure-based discovery of potent agonists of the orphan receptor GPR139	ELECTRON MICROSCOPY	3.2	2025-03-03	2026-01-21	eaeeb18d6cd59b9546108eada2232173fb56c8f472f5854f69b7b3cd966380a0	29d4e436005cd8f3e667616daaebf1f01f2349e9cd81358976cae371092a56e7	https://files.rcsb.org/download/9M42.cif.gz	https://www.rcsb.org/fasta/entry/9M42/download	2026-10-06T15:59:03+00:00	1
9Z3B	processed	4.0		Structure C-terminal human Mesothelin Peptide bound to MSLNB703 Fab	X-RAY DIFFRACTION	1.96	2025-11-06	2026-01-21	2334498e00573490203a3aae48edbd5b1d1f4ee609318c0f4437f8614f45b8a3	381e7bbb895d5a55fc209146dcbdd514a3983c5daca587449decf3dfb8322822	https://files.rcsb.org/download/9Z3B.cif.gz	https://www.rcsb.org/fasta/entry/9Z3B/download	2026-10-06T15:59:03+00:00	4
9NC8	processed	1.0		AMC008 v4.2 SOSIP Env trimer in complex with one 3BC315 Fab	ELECTRON MICROSCOPY	3.55	2025-02-14	2026-01-21	df91bb4154639f0c7ac34fd9d3484109348e16780d4f558154e0eec9bb3c7b24	75c0f7eb665e94e1a6df3423f3c100ac20d8b4330dac1ac3c09a583cec2becf7	https://files.rcsb.org/download/9NC8.cif.gz	https://www.rcsb.org/fasta/entry/9NC8/download	2026-10-06T15:59:03+00:00	1
9NC6	processed	2.0		AMC008 v4.2 SOSIP Env trimer in complex with two 3BC315 Fabs	ELECTRON MICROSCOPY	3.52	2025-02-14	2026-01-21	ad26af2a218727aaf11fc7541086408dae4b271be130504202c88b0224edd1c5	87c5951b45b9b6bcb45a3b265c0fbb94580c6339506245b7c6073f77daadf0f2	https://files.rcsb.org/download/9NC6.cif.gz	https://www.rcsb.org/fasta/entry/9NC6/download	2026-10-06T15:59:03+00:00	2
9MPZ	processed	1.0		Complex of FMDV Asia1/JS/05 and porcine-derived neutralizing monoclonal antibody PAS12	ELECTRON MICROSCOPY	2.14	2025-01-01	2026-01-21	f2e6745a5e5fe142616f94c1b95c7b5463db015394e15056527f1a28c800ce11	b1b93e18040df25efa012428f721e3f14ffaff4dd4606a21690bc4e4cf9c1798	https://files.rcsb.org/download/9MPZ.cif.gz	https://www.rcsb.org/fasta/entry/9MPZ/download	2026-10-06T15:59:03+00:00	1
9UV4	processed	3.0		Structure of MHV68 glycoprotein B in complex with Fab5	ELECTRON MICROSCOPY	3.3	2025-05-09	2026-01-21	6a91408eae5586952308e60ce0e7b0b8654f51e76761b1c1485aedfe01ee7804	0d455f58718a95138ce93d53e0a16fff8b1ec8fce5603cba5ac9db272f4c8d7e	https://files.rcsb.org/download/9UV4.cif.gz	https://www.rcsb.org/fasta/entry/9UV4/download	2026-10-06T15:59:04+00:00	3
9Q1L	processed	2.0		Crystal structure of the walnut allergen Jug r 2 bound to the human-derived Fab 6D12	X-RAY DIFFRACTION	1.56	2025-08-14	2026-01-21	d480cee9289289ba0684e58d8882d62540358f1100bc6b2a63379ef511acdf4e	5a1a5f83bdc3924bf17f56b464b88eaa0d7513013ee8438b0f5f81aaa7ec303f	https://files.rcsb.org/download/9Q1L.cif.gz	https://www.rcsb.org/fasta/entry/9Q1L/download	2026-10-06T15:59:04+00:00	2
9MZ6	processed	1.0		Crystal Structure of 19b Fab bound to the third variable (V3) loop peptide from the HIV-1 5768-p27 envelope (Env) glycoprotein	X-RAY DIFFRACTION	2.50	2025-01-22	2026-01-21	5b63d92941443cde0969b6452755c6a044aa89c17a3c4a931c52f855aca469d7	8f449f8b747236ddcc7a316fecac1558823533b020793b568a1f9dba38025ee4	https://files.rcsb.org/download/9MZ6.cif.gz	https://www.rcsb.org/fasta/entry/9MZ6/download	2026-10-06T15:59:04+00:00	1
9MZ7	processed	1.0		Crystal Structure of 19b Fab bound to the third variable (V3) loop peptide from the HIV-1 92BR020 envelope (Env) glycoprotein	X-RAY DIFFRACTION	1.94	2025-01-22	2026-01-21	bb27177496b208931580c46e7c6a6f3bb44cfb7bd598410bd808cc5190264a78	3bc743c39686d0fb0953cae7dfb5638d62cc8c4819a649091d3ba0700326fa0d	https://files.rcsb.org/download/9MZ7.cif.gz	https://www.rcsb.org/fasta/entry/9MZ7/download	2026-10-06T15:59:04+00:00	1
9MZ8	processed	1.0		Crystal Structure of 19b Fab bound to the third variable (V3) loop peptide from the HIV-1 5768x-p27 envelope (Env) glycoprotein	X-RAY DIFFRACTION	1.74	2025-01-22	2026-01-21	8958b288d60884ed8b26b7567c6abaf1970e9b37ef4cddb193453c07622d8791	554160213fdc5b68dfb50acb7e4cef8adeae6434a12342a91395fb2fbd7e48df	https://files.rcsb.org/download/9MZ8.cif.gz	https://www.rcsb.org/fasta/entry/9MZ8/download	2026-10-06T15:59:04+00:00	1
9MZ9	processed	1.0		Crystal Structure of 19b Fab	X-RAY DIFFRACTION	2.10	2025-01-22	2026-01-21	6159f103784a3f72b9c021d4fbec26f3b3692fe65ccaa4370e4c36d846399bd2	7e2714f682ace414c542510b8df2cfff8c67156d23d51ee73c8bd5ce0812156e	https://files.rcsb.org/download/9MZ9.cif.gz	https://www.rcsb.org/fasta/entry/9MZ9/download	2026-10-06T15:59:04+00:00	1
9LM6	processed	3.0		Cryo-EM structure of prefusion-stabilized RSV F (DS-Cav1 strain: A2) in complex with nanobody 1D8	ELECTRON MICROSCOPY	3.26	2025-01-18	2026-01-21	d88bd61fd6cb1b0ba444bf37028485fab560f675845629071062579cadf29bfd	76e0fffdb2dc63da4de165d7a73148e5c948164b4943b257f7c411a0da466e16	https://files.rcsb.org/download/9LM6.cif.gz	https://www.rcsb.org/fasta/entry/9LM6/download	2026-10-06T15:59:04+00:00	3
9UP7	processed	2.0		anti-HPV18 E7 monoclonal antibody	X-RAY DIFFRACTION	2.10	2025-04-27	2026-01-21	d9ff90497bebf9187b2b0701c3e34916dc991c341464d6bcf676a9fc862ef1c0	cf08a8bbb6894dbea2bd0fe33749622d91a0564dd7933b60588ae1c4cf58afbc	https://files.rcsb.org/download/9UP7.cif.gz	https://www.rcsb.org/fasta/entry/9UP7/download	2026-10-06T15:59:05+00:00	2
9MQ0	processed	1.0		Complex of FMDV Asia1/JS/05 and porcine-derived neutralizing monoclonal antibody PAS5	ELECTRON MICROSCOPY	2.17	2025-01-01	2026-01-21	c581f71e6b7bd5d8b2e9ffc702b05152a1c0ea87f65f8268310ba5d66c4c5c44	1ed3e9aa328f968aa52bab0c70d45b898fe123ef7b7338b8fc62695e6583b28e	https://files.rcsb.org/download/9MQ0.cif.gz	https://www.rcsb.org/fasta/entry/9MQ0/download	2026-10-06T15:59:04+00:00	1
9IVJ	processed	1.0		Cryo-EM structure of EBV gH/gL/gp42 in complex with fab 4G12	ELECTRON MICROSCOPY	3.15	2024-07-23	2026-01-28	68b7223cfe7f41e49daabaa962695b54a2dd50e02f380ab13fc2027ea7cbf9ac	2afbb6966a951db3bbe96dcb11adfe523efda148304371583ccb40c0b1db346e	https://files.rcsb.org/download/9IVJ.cif.gz	https://www.rcsb.org/fasta/entry/9IVJ/download	2026-10-06T15:59:05+00:00	1
9CIN	processed	3.0		Fab fragment of Antibody with NiV glycoprotein F	ELECTRON MICROSCOPY	3.03	2024-07-03	2026-01-28	e94a2e0f623514b003faddf04b89a46d4147447ccc868fe2275d9ab1cc1562d7	3a88688f3a860ce9b5d077c9aab719159935f8919cfba30524ffaaa747edcacf	https://files.rcsb.org/download/9CIN.cif.gz	https://www.rcsb.org/fasta/entry/9CIN/download	2026-10-06T15:59:04+00:00	3
9VNP	processed	1.0		The complexes of IFN-gamma and A01BM-03 Fab	X-RAY DIFFRACTION	3.02	2025-06-30	2026-01-28	564b26e85d9e87ec430efb302a5fe9a5530fbb20259b01a96c756f53871a639a	fbeec6d3c32096e36bd0d6edc2a87e510ab57848d17f100aeb5d1bea0ad7fee0	https://files.rcsb.org/download/9VNP.cif.gz	https://www.rcsb.org/fasta/entry/9VNP/download	2026-10-06T15:59:05+00:00	1
9CON	processed	4.0		Human Kv1.3-H451V with A0194009G09 nanobodies conformation 1	ELECTRON MICROSCOPY	3.06	2024-07-17	2026-01-28	51ca8c996951b52e7de2bd3b462cbbc8c722fee113ae94e31d510c43a8dced2b	53a28c56b50bb4c5ae9cd1b5d5ea4ab4b56462cdde774be912ab322197753ff1	https://files.rcsb.org/download/9CON.cif.gz	https://www.rcsb.org/fasta/entry/9CON/download	2026-10-06T15:59:05+00:00	4
9LOY	processed	2.0		Cryo-EM structure of SARS-CoV-2 JN.1 spike glycoprotein in complex with F61R2-780 Fab	ELECTRON MICROSCOPY	2.66	2025-01-23	2026-01-28	5f50052bd5a317c4ef921337731256b60f22830406bc91ba4dc2f59d47ed20a1	3d67dc047381fcc2609eae819c953044405c6c8f12245cc9b1e932530c0df14a	https://files.rcsb.org/download/9LOY.cif.gz	https://www.rcsb.org/fasta/entry/9LOY/download	2026-10-06T15:59:05+00:00	2
9CTY	processed	4.0		Human Kv1.3-H451V with A0194009G09 nanobodies conformation 2	ELECTRON MICROSCOPY	3.03	2024-07-25	2026-01-28	9dfc20b0d2cef5557159094150d78dea72e3d20397156fb724230cee926dff46	5576b46b55a087e44a985a4aeb83b41ba91e083b64c1d10adbe20937cf680efe	https://files.rcsb.org/download/9CTY.cif.gz	https://www.rcsb.org/fasta/entry/9CTY/download	2026-10-06T15:59:05+00:00	4
9LP1	processed	1.0		Cryo-EM structure of SARS-CoV-2 KP.3.1.1 RBD in complex with F61R2-780 Fab	ELECTRON MICROSCOPY	3.47	2025-01-23	2026-01-28	15b1b8053e8182670ff90826c7f7cf67a879effee829a292f0d2c98f5fe77b60	63afea977809fe56f6fc1bf163c650a27e4e403530b6a25986aa4a78283b55fb	https://files.rcsb.org/download/9LP1.cif.gz	https://www.rcsb.org/fasta/entry/9LP1/download	2026-10-06T15:59:05+00:00	1
9LP0	processed	1.0		Cryo-EM structure of SARS-CoV-2 KP.3.1.1 spike glycoprotein in complex with F61R2-780 Fab	ELECTRON MICROSCOPY	2.61	2025-01-23	2026-01-28	e0b860b431d297d738b27bdbf41628abb5df8758c3307270ca60565d84ea1168	fe3c5669dc61f8f9c7ca2c6506f75011f5c63375a2acac6a4cf933fe0e4d0943	https://files.rcsb.org/download/9LP0.cif.gz	https://www.rcsb.org/fasta/entry/9LP0/download	2026-10-06T15:59:05+00:00	1
9LOZ	processed	1.0		Cryo-EM structure of SARS-CoV-2 JN.1 RBD in complex with F61R2-780 Fab	ELECTRON MICROSCOPY	3.55	2025-01-23	2026-01-28	c740cf5156e9577cb1119f009b4b0ab1dc5437d5ccd80283454e2e9aceb6bba7	74bbb238462287568ccac5f10517b19a35291b3364403abc25d4349e1dce6b78	https://files.rcsb.org/download/9LOZ.cif.gz	https://www.rcsb.org/fasta/entry/9LOZ/download	2026-10-06T15:59:05+00:00	1
9VQ6	processed	4.0		Strcture of Nanobody (NB) specific to Interleukin-6	X-RAY DIFFRACTION	2.86	2025-07-04	2026-01-28	8b62db83a83672f7721e27675b5d882c2bd24d8a4d7d83d3b2bf46bad6207e9e	5b786a73c846e2d50312894a57de30229f935c5eb071f35058a5242081380f8f	https://files.rcsb.org/download/9VQ6.cif.gz	https://www.rcsb.org/fasta/entry/9VQ6/download	2026-10-06T15:59:06+00:00	4
9VJJ	processed	2.0		Crystal Structure of human Latent TGF-beta1 in complex with SOF10	X-RAY DIFFRACTION	2.477	2025-06-20	2026-02-04	d48602a630183700f145e3491b6cf83fedaede60677b03cd2fb48b0e0768e6e5	a272cd0f02d15f215cbfe143780457e868220d336b4ec8781c1e3ee02f117f06	https://files.rcsb.org/download/9VJJ.cif.gz	https://www.rcsb.org/fasta/entry/9VJJ/download	2026-10-06T15:59:06+00:00	2
9YIO	processed	1.0		Crystal structure of 5B3 Fab in complex with PvRipr EGF7-8	X-RAY DIFFRACTION	2.08	2025-10-02	2026-02-04	3ac00acce290a27cae7819b413268da1b3ae5c1c99dc90394cf9770ae63e632a	54280c567a9441b533f4a86575efd1ca7a9bf1504a49d0f38de78e8f31639194	https://files.rcsb.org/download/9YIO.cif.gz	https://www.rcsb.org/fasta/entry/9YIO/download	2026-10-06T15:59:06+00:00	1
9OI3	processed	3.0		Structure of human Fab 604 in complex with influenza H1N1 A/Solomon Island/3/2006 hemagglutinin	ELECTRON MICROSCOPY	2.71	2025-05-06	2026-02-04	cf27a348761d51b4a39dd60820ca32e589aa6fc0c15c2ec6344d159fa9aa3d44	50538f06399da5e9c53e291d24fde6bcb850a65f48a1bc127cba60cac1fd28b9	https://files.rcsb.org/download/9OI3.cif.gz	https://www.rcsb.org/fasta/entry/9OI3/download	2026-10-06T15:59:06+00:00	3
9OI2	processed	2.0		Structure of human Fab 245 in complex with influenza H1N1 A/Solomon Island/3/2006 hemagglutinin	ELECTRON MICROSCOPY	2.80	2025-05-06	2026-02-04	d2065633a5fa26e6acb505e9a2200b90cd97bbc6f2e67a8e9302eefa22ba1016	7e8c95084ea7de68a9a1a9c2bb6ddb6c18dace30b526e7b98d7ee060deae97d5	https://files.rcsb.org/download/9OI2.cif.gz	https://www.rcsb.org/fasta/entry/9OI2/download	2026-10-06T15:59:06+00:00	2
9I45	processed	1.0		Structure of anti-EV71 human monoclonal antibody 16-3-10B Fab	X-RAY DIFFRACTION	2.12	2025-01-24	2026-02-04	c78e5b979fdf7b099c18a91562894526f2f07efe9b4d3a028b8f3d7667e11381	f5dece4bdfc34e9e82ba566705930d19eea8dc57501f90e6df45d2ea802e81ed	https://files.rcsb.org/download/9I45.cif.gz	https://www.rcsb.org/fasta/entry/9I45/download	2026-10-06T15:59:06+00:00	1
9O8S	processed	3.0		Cryo-EM structure of NI04359_d30_240 Fab in complex with influenza virus hemagglutinin from A/Hong Kong/485197/2014 (H3N2)	ELECTRON MICROSCOPY	2.65	2025-04-16	2026-02-04	ecae9c5b9b75d12cabbd2fc5e980c6912f80c6dad5bb6ce268059593c9a5e2ce	ce93ee7600c795c0f0973d5eef582c3412c5e36ba6683147a64662496067f592	https://files.rcsb.org/download/9O8S.cif.gz	https://www.rcsb.org/fasta/entry/9O8S/download	2026-10-06T15:59:07+00:00	3
9N38	processed	1.0		Cryo EM structure of LukAB (LukGH) toxin from Staphylococcus aureus in complex with neutralizing Fab STAU-15	ELECTRON MICROSCOPY	3.9	2025-01-30	2026-02-04	5277ec9e582c3db9b265761ef2c85d711a497d93160254586fd4fb2acffd9c0a	6fe939f1c6c2811cca407c2563461098776f34f9f9b127b060cd56e0118b9200	https://files.rcsb.org/download/9N38.cif.gz	https://www.rcsb.org/fasta/entry/9N38/download	2026-10-06T15:59:06+00:00	1
9I4C	processed	1.0		Structure of anti-EV71 human monoclonal antibody 17-1-12A Fab	X-RAY DIFFRACTION	2.83	2025-01-24	2026-02-04	7a7d4854c07b6b6b43a8fdbd7b9426dfa88b3c2af414bc53909bffec4d2db5f8	c950fa223d1428fd7d6b0685c093522cb8039b438cd3755de6c236927e3da015	https://files.rcsb.org/download/9I4C.cif.gz	https://www.rcsb.org/fasta/entry/9I4C/download	2026-10-06T15:59:07+00:00	1
9O8T	processed	3.0		Cryo-EM structure of NI04359_d30_240 Fab in complex with influenza virus hemagglutinin from A/Michigan/45/2015 (H1N1)	ELECTRON MICROSCOPY	3.12	2025-04-16	2026-02-04	ac625774fec01c02027950e3f0903cdbc60e48085342f562dca0e16b46186905	40ab84e3e92fe172c476a6d0264c62f524eb4e9c14441bada97ad63e5fc49026	https://files.rcsb.org/download/9O8T.cif.gz	https://www.rcsb.org/fasta/entry/9O8T/download	2026-10-06T15:59:07+00:00	3
9O8R	processed	3.0		Cryo-EM structure of NI06063_d30_103 Fab in complex with influenza virus hemagglutinin from A/Michigan/45/2015 (H1N1)	ELECTRON MICROSCOPY	2.96	2025-04-16	2026-02-04	7b73f4ea5e4d3c1db1b0a0eb38ae25e2eeb7670acefae12c6a1fa16e13b4c9a9	97a6b1985f3c9a244b95ce17be84ee70d0d23da57ed9411c750eb0905aa9fad1	https://files.rcsb.org/download/9O8R.cif.gz	https://www.rcsb.org/fasta/entry/9O8R/download	2026-10-06T15:59:07+00:00	3
9O8Q	processed	3.0		Cryo-EM structure of NI06063_d30_103 Fab in complex with influenza virus hemagglutinin from A/Hong Kong/485197/2014 (H3N2)	ELECTRON MICROSCOPY	2.62	2025-04-16	2026-02-04	b45b2fbc27aba355ad9f2cdb2bd673bddc92e6db61f3fe733e1ddc1dd1cdf2f3	f516c4dd6443e2dcd94e1d1e38e598f62cce76aa8f8bb892c73b8d61ad2fa271	https://files.rcsb.org/download/9O8Q.cif.gz	https://www.rcsb.org/fasta/entry/9O8Q/download	2026-10-06T15:59:07+00:00	3
9N2V	processed	2.0		Designed anti-OSM Fab	X-RAY DIFFRACTION	1.97	2025-01-29	2026-02-04	ffa42f5b5033f6dba724fccb73a2f77ab0a137abb918d5a730211115eab54d66	59abaf1b9e41a1964beb58a4f5107b8156f8c84f8918918aec1b11ccea3299c7	https://files.rcsb.org/download/9N2V.cif.gz	https://www.rcsb.org/fasta/entry/9N2V/download	2026-10-06T15:59:07+00:00	2
9O8M	processed	2.0		Ab1983 in complex with HIV-1 Env variant WIN332	ELECTRON MICROSCOPY	3.79	2025-04-16	2026-02-04	c2fa2b5e0a3777eea0d7cc92c34ea489b7047e5b97c83d0f6d9b89293537b104	ec94543a3d1e795aea913f77260c8d538844a8ed8f85a10416d71bfdbf526290	https://files.rcsb.org/download/9O8M.cif.gz	https://www.rcsb.org/fasta/entry/9O8M/download	2026-10-06T15:59:07+00:00	2
9YC5	processed	1.0		Human uPAR bound to the Fab fragment of targeted cancer therapeutic antibody FL1	ELECTRON MICROSCOPY	2.94	2025-09-18	2026-02-04	ff0ecb245478564d905d9b58dc56e8576493883f565301d7a13cbb876b86bbe0	f560c8fd79fb3ee19d11e48dacbe2f58b558f5106f9285fa5e61aa281736d6db	https://files.rcsb.org/download/9YC5.cif.gz	https://www.rcsb.org/fasta/entry/9YC5/download	2026-10-06T15:59:07+00:00	1
9YC6	processed	1.0		Mutant human uPAR bound to the Fab fragment of the targeted cancer therapeutic antibody FL1	ELECTRON MICROSCOPY	4.8	2025-09-18	2026-02-04	53851b6b0fb66344ca3a4d1286aa7914965b193c06e669d1cbbc25ccac81907a	652b2ac9ce6654ae442c56bf167da359a2147c3c8aea21a0750a0978941c692b	https://files.rcsb.org/download/9YC6.cif.gz	https://www.rcsb.org/fasta/entry/9YC6/download	2026-10-06T15:59:08+00:00	1
9I4B	processed	2.0		Structure of anti-EV71 human monoclonal antibody 17-2-12A Fab	X-RAY DIFFRACTION	2.68	2025-01-24	2026-02-04	40a6d78fd7f05a797ab31bfc2faf41be80cb3afa72b717519ea8e03dffb6a7c2	e973d395b66b89f56a00477332115ad5a1338f0c74715d0fe42399789ca68ff6	https://files.rcsb.org/download/9I4B.cif.gz	https://www.rcsb.org/fasta/entry/9I4B/download	2026-10-06T15:59:08+00:00	2
9I4E	processed	2.0		Structure of anti-EV71 human monoclonal antibody 34-1-6D Fab	X-RAY DIFFRACTION	1.63	2025-01-24	2026-02-04	299b84de02b16af1ec326020ed10e50a7ef0e6e64561c2c17bc7592d495cac4e	5ff99e0d31a09fb7772d3300ae1e7738a28ac7924f0e0bc7b630fffd18d08e10	https://files.rcsb.org/download/9I4E.cif.gz	https://www.rcsb.org/fasta/entry/9I4E/download	2026-10-06T15:59:08+00:00	2
9I4D	processed	2.0		Structure of anti-EV71 human monoclonal antibody 17-2-2B Fab	X-RAY DIFFRACTION	2.56	2025-01-24	2026-02-04	b2cb18c3634041d75cf2eabb50cd17cde937472f434d118db8cb75bc468096c8	6bf02b3c11a6e04fd856f152e00aaae7822de4505652b2f3f1fa34d6f608b3d5	https://files.rcsb.org/download/9I4D.cif.gz	https://www.rcsb.org/fasta/entry/9I4D/download	2026-10-06T15:59:08+00:00	2
9I43	processed	1.0		Structure of anti-EV71 human monoclonal antibody 16-2-9D Fab	X-RAY DIFFRACTION	1.180	2025-01-24	2026-02-04	ac7e3e72b656965e2f1714a0788adcea5ac31efca237f210905517f7fc44f58d	f3a4f3d4318d53327a77563893afa75daf71ea85ce63f39ab1878c2bc49cc809	https://files.rcsb.org/download/9I43.cif.gz	https://www.rcsb.org/fasta/entry/9I43/download	2026-10-06T15:59:08+00:00	1
9I42	processed	2.0		Structure of anti-EV71 human monoclonal antibody 16-2-2D Fab	X-RAY DIFFRACTION	1.92	2025-01-24	2026-02-04	8afe409950e18af225ba2f7c9f8429c576a5816b9380dc5cd7789893c35b6590	2e545d648594a0ec5a5608f1b28e0726936e51b5d3d8a325dc6e85084abeae94	https://files.rcsb.org/download/9I42.cif.gz	https://www.rcsb.org/fasta/entry/9I42/download	2026-10-06T15:59:08+00:00	2
9I41	processed	1.0		Structure of anti-EV71 human monoclonal antibody 16-3-3C Fab	X-RAY DIFFRACTION	1.320	2025-01-24	2026-02-04	1b67cbd45e39a47e996ef29e0a9332e5776b8ba8fe3518d914f3e0bdbc627d92	c05cb6ea25be539bfb1654a9b4d554aa6c899e7a7d6b4536726bb1d51fda4bdd	https://files.rcsb.org/download/9I41.cif.gz	https://www.rcsb.org/fasta/entry/9I41/download	2026-10-06T15:59:08+00:00	1
9I40	processed	2.0		Structure of anti-EV71 human monoclonal antibody 16-3-4D Fab	X-RAY DIFFRACTION	2.78	2025-01-24	2026-02-04	79b2f043a401d15d062ed353d5712ed169526f21b1442a6a8e92374f02773403	179fad0f184bd38b4ed6e8a67e9b0bedce4cd2a976a8b6ad533b57d7c51efadf	https://files.rcsb.org/download/9I40.cif.gz	https://www.rcsb.org/fasta/entry/9I40/download	2026-10-06T15:59:08+00:00	2
9I3Z	processed	2.0		Structure of anti-EV71 human monoclonal antibody 16-2-12D Fab	X-RAY DIFFRACTION	3.06	2025-01-24	2026-02-04	24af7b3626d37825de6a83388a6bae4fb0ac9c4652329cd021fdb18d76884ecd	67627fee38d41e93410528027e9e73922fcdb06e418e8215d9664a59b734b573	https://files.rcsb.org/download/9I3Z.cif.gz	https://www.rcsb.org/fasta/entry/9I3Z/download	2026-10-06T15:59:09+00:00	2
9I3X	processed	2.0		Structure of anti-EV71 human monoclonal antibody 16-2-11B Fab	X-RAY DIFFRACTION	2.57	2025-01-24	2026-02-04	512e41ce16cdacaf695142adbdfbbfccc0e6f9f2f1590d63ed491d6a923ce172	c82180a6f25901b83ab830a5c25d835c64195e90f35ff89c85e394fdae959129	https://files.rcsb.org/download/9I3X.cif.gz	https://www.rcsb.org/fasta/entry/9I3X/download	2026-10-06T15:59:08+00:00	2
9I3W	processed	1.0		Structure of anti-EV71 human monoclonal antibody 16-2-8C Fab	X-RAY DIFFRACTION	1.140	2025-01-24	2026-02-04	8603d0d59e30f037ea7bc83e4740be3c47e043a314eb1215c3300997ac65fba6	f1ef4b4bc664b6b612e72dc90f43cf70604b4ff5f9d2d5065fb869ab3a9ac43b	https://files.rcsb.org/download/9I3W.cif.gz	https://www.rcsb.org/fasta/entry/9I3W/download	2026-10-06T15:59:09+00:00	1
9D72	processed	1.0		CryoEM structure of anti-MHC-I Fab M1/42 complex with H2-Dd	ELECTRON MICROSCOPY	2.67	2024-08-16	2026-02-04	a963bb23f01fbdbc1513d55819154d3c5bbab462b77e3e53720ee3eaeb2635b1	3b3743e335dc09a28dbd244935f441d84eeda502b3bfb2fafec51176e8ec968c	https://files.rcsb.org/download/9D72.cif.gz	https://www.rcsb.org/fasta/entry/9D72/download	2026-10-06T15:59:09+00:00	1
9UCL	processed	3.0		CryoEM structure of IgV domain of human Nectin-4 with Trimbody	ELECTRON MICROSCOPY	2.43	2025-04-04	2026-02-11	22268c3e5b2200fecd5bf29c6249df9373f50812155ed6a315ec78b084d74460	e6ae81ada8bff94f9a16d7ae14f7fa9ef30c534f23b2e4cffda151ee09c4d459	https://files.rcsb.org/download/9UCL.cif.gz	https://www.rcsb.org/fasta/entry/9UCL/download	2026-10-06T15:59:09+00:00	3
9D74	processed	1.0		CryoEM structure of anti-MHC-I Fab B1.23.2 complex with HLA-B44:05	ELECTRON MICROSCOPY	3.31	2024-08-16	2026-02-11	e93882bcee01d04e52aa33a864c49d249a99b857a6f2d3d0e58e840e2214c7d3	17f842bcb6b23e6a06ebdbdc2ba9e4c6f04c3bd3bd4720153e868acb8474fadf	https://files.rcsb.org/download/9D74.cif.gz	https://www.rcsb.org/fasta/entry/9D74/download	2026-10-06T15:59:09+00:00	1
9TH6	processed	1.0		nsp14 of SARS-CoV-2 in complex with a camelid nanobody	X-RAY DIFFRACTION	2.267	2025-12-02	2026-02-11	8695399c29b56035bf16bdb0c37889d2c69edb65258b2d8cf9b11dce8d308614	c060936be415bb5f736fa9895a56ba723632b82224eaab70dc8db1224d1b8375	https://files.rcsb.org/download/9TH6.cif.gz	https://www.rcsb.org/fasta/entry/9TH6/download	2026-10-06T15:59:09+00:00	1
9N7M	processed	2.0		Designed anti-OSM Fab	X-RAY DIFFRACTION	2.15	2025-02-06	2026-02-11	1c1927f7bf76ba1619702e1a7b17e4e7ffe47cdbf80b412b238f2648219c7277	b634886df64212ad9e23e17a19862e2c424e65cbc1ee974e9189a9180972b796	https://files.rcsb.org/download/9N7M.cif.gz	https://www.rcsb.org/fasta/entry/9N7M/download	2026-10-06T15:59:09+00:00	2
9Y0E	processed	1.0		Crystal structure of Bet v 1.0101 in complex with human IgE Fab 2H22	X-RAY DIFFRACTION	2.900	2025-08-28	2026-02-11	b3e1450d29fe9f7e81ceed2b62011f12137d53a4836717aef00c807002c562ca	ce5c23f9e71143e36ef87afb7be2dfad13a690baf221264b6df5dc2e9ff0de4a	https://files.rcsb.org/download/9Y0E.cif.gz	https://www.rcsb.org/fasta/entry/9Y0E/download	2026-10-06T15:59:10+00:00	1
9Y0D	processed	1.0		Crystal structure of human IgE Fab 2H22	X-RAY DIFFRACTION	2.270	2025-08-28	2026-02-11	c4602f495c5eaccf454a8aeb8d3e32a7359823686f1484b725d174978f70d5d2	62984467c6d419dc11cdb2f317697f581417c17b6e952aabcf7803fcdb39edf4	https://files.rcsb.org/download/9Y0D.cif.gz	https://www.rcsb.org/fasta/entry/9Y0D/download	2026-10-06T15:59:10+00:00	1
9XOU	processed	3.0		CryoEM structure of LacY with Trimbody	ELECTRON MICROSCOPY	2.50	2025-11-15	2026-02-11	0d7f266f7a5d38ce0c0efb7ff79eed295af1878b485d4ee6f3341ae4339bc986	55b39cec804cb05b3148e92393fc3718d3c6bdbc7b787e1f5e52d6bcdbbf5ba6	https://files.rcsb.org/download/9XOU.cif.gz	https://www.rcsb.org/fasta/entry/9XOU/download	2026-10-06T15:59:10+00:00	3
9GJG	processed	1.0		Entamoeba histolytica Gal/GalNAc lectin bound to monoclonal antibody CP33-H/L-LA22	ELECTRON MICROSCOPY	3.0	2024-08-22	2026-02-11	e8b354ac0c93bb8a733b874ba595a718b42d78fccca1ead6e5ae93ef1c424bd5	1a2e133f152a3aa3c495bbeadcb80ffa576c3aa2040f40b592f3edec9fceabaa	https://files.rcsb.org/download/9GJG.cif.gz	https://www.rcsb.org/fasta/entry/9GJG/download	2026-10-06T15:59:10+00:00	1
9VWZ	processed	1.0		Local refinement region of HPV45 in complex with antibody A16E6	ELECTRON MICROSCOPY	4	2025-07-17	2026-02-11	eecffe4cc2bece96ae56479e03557da0162f0cc3146181848fed03b125b1a795	d3cbcbf2ab63c331c49575628a1b12c5608b905100636b89ff8b0b1d96b2ca30	https://files.rcsb.org/download/9VWZ.cif.gz	https://www.rcsb.org/fasta/entry/9VWZ/download	2026-10-06T15:59:10+00:00	1
9Y0A	processed	1.0		Crystal structure of Bet v 1.0101 in complex with human IgE Fab 2H22	X-RAY DIFFRACTION	2.120	2025-08-28	2026-02-11	77a80a5ae8c8ea0eec53e5b09a96d62d6a3b38a5779cb97dc9ce26e1dfc9bb6b	a56e8d05551df44d260b1f9748c9fd1888ef8750a213c28e79a0ab73f7317160	https://files.rcsb.org/download/9Y0A.cif.gz	https://www.rcsb.org/fasta/entry/9Y0A/download	2026-10-06T15:59:10+00:00	1
9VZ8	processed	1.0		Local refinement region of HPV45 in complex with antibody 10G2	ELECTRON MICROSCOPY	3.81	2025-07-22	2026-02-11	774e6cd5b63e9f4173ef01e0978678ca93012b260bc8f0eb2624e7e6f6efa340	999a32475e68d56ace8adaa87627aa486f0767464d71c004bcb3a259442da51c	https://files.rcsb.org/download/9VZ8.cif.gz	https://www.rcsb.org/fasta/entry/9VZ8/download	2026-10-06T15:59:10+00:00	1
9N7O	processed	1.0		Designed anti-OSM Fab	X-RAY DIFFRACTION	1.48	2025-02-06	2026-02-11	1bbff06add67cc0bcde2ec38c280799b938bdd769bc6ec8b993df13eba9b0207	327272785e71556b27b502bafffdff8f7e1cbbe3b8c8de7cd74273ccaf6023f8	https://files.rcsb.org/download/9N7O.cif.gz	https://www.rcsb.org/fasta/entry/9N7O/download	2026-10-06T15:59:10+00:00	1
9GEI	processed	2.0		Entamoeba histolytica Gal/GalNAc lectin heavy chain residues 808-992 in the presence of monoclonal antibody CP33-H/L-LA22	X-RAY DIFFRACTION	3.0340	2024-08-07	2026-02-11	4ace0db784b03cb899cebed0666163d681470d62aaf69140c7bd6a49892752f4	2144da2353e9313afd2755829864625bfbdf30d1288524fb4f91b9d867e67e5b	https://files.rcsb.org/download/9GEI.cif.gz	https://www.rcsb.org/fasta/entry/9GEI/download	2026-10-06T15:59:11+00:00	2
9UBR	processed	6.0		CryoEM structure of human Galectin-10 with iTrimbody	ELECTRON MICROSCOPY	2.62	2025-04-03	2026-02-11	a41abcd34dd45066514f0aa0075aeaa09f3b2b70d54aa62a5b0d069e07da8efd	d5590e776c451e8316daf5d7b4a9251d8694186cd2f44e451a57ca5ddc079f11	https://files.rcsb.org/download/9UBR.cif.gz	https://www.rcsb.org/fasta/entry/9UBR/download	2026-10-06T15:59:11+00:00	6
9OED	processed	1.0		Ab1999 in complex with HIV-1 Env RC1	ELECTRON MICROSCOPY	3.94	2025-04-28	2026-02-11	e4dc21f493a5060b87a5f62f800360f01d60783f0d78944cf476a51c6f15ae64	86a5b84b8dd2794153573d0b50d9e686d2bd21fba08c8b2541c4c88f9e6ab92d	https://files.rcsb.org/download/9OED.cif.gz	https://www.rcsb.org/fasta/entry/9OED/download	2026-10-06T15:59:11+00:00	1
9QRV	processed	1.0		Crystal Structure of an anti-VWF CK Domain Fab in Complex with the C-Terminal CK Domain of Cynomolgus Monkey von Willebrand Factor.	X-RAY DIFFRACTION	2.5	2025-04-04	2026-02-11	7e3a947320ba61f4674951f507df2d385f903527046718b4f3fccf2acca2f80e	5b5f96807686ce9421851c484ea099005261560568f724373758bc7f52993778	https://files.rcsb.org/download/9QRV.cif.gz	https://www.rcsb.org/fasta/entry/9QRV/download	2026-10-06T15:59:11+00:00	1
9UAQ	processed	3.0		CryoEM structure of GFP-like protein from Aequorea coerulescens with Trimbody	ELECTRON MICROSCOPY	2.29	2025-04-01	2026-02-11	da41706a6c15289db7b83e2b7b3912adaa105b71167d73f3aba9abf3823d88cb	70b1402f0284a6108d05f176a30e23414fedc661b477e1ae65cca6fb2110d290	https://files.rcsb.org/download/9UAQ.cif.gz	https://www.rcsb.org/fasta/entry/9UAQ/download	2026-10-06T15:59:11+00:00	3
9PQS	processed	1.0		Crystal structure of the scFv-1E8b in complex with the synthetic glycoamino acid Pse-Ser	X-RAY DIFFRACTION	2.06	2025-07-23	2026-02-11	fe2b73e758643be607f7a9495a33284ba716146c9f6c489aa49e882c6513ce42	029b9042b7005442e1a7c84a13f3857cb73d05975b55df4b8a0b508866f89f33	https://files.rcsb.org/download/9PQS.cif.gz	https://www.rcsb.org/fasta/entry/9PQS/download	2026-10-06T15:59:11+00:00	1
9QTN	processed	5.0		Human alpha7 nicotinic receptor in complex with the F1 nanobody	ELECTRON MICROSCOPY	2.28	2025-04-09	2026-02-18	e513d918069bb0f83dc219fd78799a3d071054dabf3b546ec6f69df9f3920bdc	bfc9aa12805aac01b163d341e9e5a7b56eb6925264b04b35db534444ef243ec9	https://files.rcsb.org/download/9QTN.cif.gz	https://www.rcsb.org/fasta/entry/9QTN/download	2026-10-06T15:59:11+00:00	5
9SSM	processed	1.0		Crystal structure of 084-7D Fab bound to SARS-CoV-2 Beta RBD	X-RAY DIFFRACTION	2.70	2025-09-26	2026-02-18	1adda46b64feb6dfc69de4c8ec5f4f5bbbaee101325269ba3ebce7cb72544030	c09487530a5ad34c6677413ea219d37ee10d605798ace83ae910a466023e310c	https://files.rcsb.org/download/9SSM.cif.gz	https://www.rcsb.org/fasta/entry/9SSM/download	2026-10-06T15:59:11+00:00	1
9WRN	processed	4.0		Crystal structure of chimeric anti-Z-DNA Fab cZ22-Fab	X-RAY DIFFRACTION	2.15	2025-09-12	2026-02-18	f73ac30e9c1f08139b73fb2db51d81169f1778eb4a7f552c723f6dc7b95fb3ad	078d34c96f9c3bdd7f190b0dac1d1b9436aaa69b62090bca5c3423a47d62a80f	https://files.rcsb.org/download/9WRN.cif.gz	https://www.rcsb.org/fasta/entry/9WRN/download	2026-10-06T15:59:11+00:00	4
9OUQ	processed	2.0		Native GABA-A receptor from rat cerebella, beta1-alpha1-beta2-alpha1-gamma2 subtype, in complex with GABA	ELECTRON MICROSCOPY	2.89	2025-05-29	2026-02-18	6064b4afa24553b3631e482b3009b7dfcaccec19658554f38eaf78b2bb23d1c0	fa71ba8eb0c57a8ae3eea0f49bda2528bad48949ce688ac1eb050740bddb7016	https://files.rcsb.org/download/9OUQ.cif.gz	https://www.rcsb.org/fasta/entry/9OUQ/download	2026-10-06T15:59:12+00:00	2
9QTO	processed	5.0		Human alpha7 nicotinic receptor in complex with the E6 nanobody	ELECTRON MICROSCOPY	2.16	2025-04-09	2026-02-18	6dde4ce030559e5d18c2f8552e4066384e2309752a1a27f1185b2e06f54687e9	bfd0b4cab8976e146b3ab0eeb9abb7c7c5f7b104fbe6ae134c73450e5f340fbc	https://files.rcsb.org/download/9QTO.cif.gz	https://www.rcsb.org/fasta/entry/9QTO/download	2026-10-06T15:59:12+00:00	5
9N7T	processed	3.0		H5 hemagglutinin (A/Jiangsu/NJ210/2023) in complex with central stem-targeting Fab ST14	ELECTRON MICROSCOPY	3.01	2025-02-06	2026-02-18	b8d7b605d1f3335004346ef401d7f8c7549621b3eaa0a5176ebf3b3197e7f6ed	f9b30ed4459efc02ea8a6966227defb4342db6c37e13d3db97474620bf302a71	https://files.rcsb.org/download/9N7T.cif.gz	https://www.rcsb.org/fasta/entry/9N7T/download	2026-10-06T15:59:12+00:00	3
9N7S	processed	1.0		H1 hemagglutinin (A/California/04/2009) with E47K mutation in HA2 in complex with central stem-targeting Fab ST10	ELECTRON MICROSCOPY	2.97	2025-02-06	2026-02-18	3c65c3462391d517aa2e15babd846c29143c3929c4d75b1ec577862a49dc88f9	62a4800923650274358eb1a2e048d0ceca3efef03f56c146fefd0867eadedf2b	https://files.rcsb.org/download/9N7S.cif.gz	https://www.rcsb.org/fasta/entry/9N7S/download	2026-10-06T15:59:12+00:00	1
9N7Q	processed	3.0		H1 hemagglutinin (A/Michigan/45/2015) in complex with anchor-targeting Fab ST15	ELECTRON MICROSCOPY	3.18	2025-02-06	2026-02-18	6987273373bed55dba93831264265dfbc175c688562dcfe54bdd244a97fc86f2	05fe1b0e6a95f7f2bbc9265d8c9dedf590aae7c4b6eee8932faa1dee28ee82f4	https://files.rcsb.org/download/9N7Q.cif.gz	https://www.rcsb.org/fasta/entry/9N7Q/download	2026-10-06T15:59:13+00:00	3
9L8Z	processed	2.0		The complex structure of antibody CF22 bound to the hemagglutinin of influenza B virus	X-RAY DIFFRACTION	3.448	2024-12-28	2026-02-18	95312939e10853921d0c85faf9d46858cffa7ebabb3d0e0dc1284c8500315b79	c4f12cbed824c886276445a5f0ae67790829b9f54001344b9cec00467681728f	https://files.rcsb.org/download/9L8Z.cif.gz	https://www.rcsb.org/fasta/entry/9L8Z/download	2026-10-06T15:59:12+00:00	2
9NLN	processed	2.0		Crystal Structure of Coxsackievirus B3 IRES Domain V in Complex with a Fab	X-RAY DIFFRACTION	3.00	2025-03-03	2026-02-18	92f7ec21130ab246814e512a6355680afda3725b9ab61f58f8b5209fbb36459c	229defbf7276318cf63da7c08b8fdac3a82056ce45ed4c6184f377b4a5246b02	https://files.rcsb.org/download/9NLN.cif.gz	https://www.rcsb.org/fasta/entry/9NLN/download	2026-10-06T15:59:12+00:00	2
9N7V	processed	1.0		H1 hemagglutinin (A/Michigan/45/2015) in complex with anchor-targeting Fab ST4	ELECTRON MICROSCOPY	3.15	2025-02-06	2026-02-18	4a3f3da5515570285d3b5fbdff7755bc9f01e548c3f2f422035ebb6043813de5	30b53824ee7075ad24492b2b2084409adfd1ed9488b6e6662be6c14018365eed	https://files.rcsb.org/download/9N7V.cif.gz	https://www.rcsb.org/fasta/entry/9N7V/download	2026-10-06T15:59:12+00:00	1
9JNO	processed	1.0		The complex structure of antibody CH76 bound to the hemagglutinin of influenza B virus	X-RAY DIFFRACTION	1.95	2024-09-23	2026-02-18	ed26dfe911cbef661deededfd53b5c28f5a30465f6a8163a734070be95f05f6e	5e215650b1bfa469c2b74096c48e33cf18d5c5054183a1d31f803493dd17b244	https://files.rcsb.org/download/9JNO.cif.gz	https://www.rcsb.org/fasta/entry/9JNO/download	2026-10-06T15:59:13+00:00	1
9OUM	processed	1.0		Native GABA-A receptor from rat cerebella, beta2-alpha1-beta1-alpha6-gamma2 subtype, in complex with GABA and PZ-II-029	ELECTRON MICROSCOPY	2.90	2025-05-29	2026-02-18	6d07749fc3d19d83ecd1567a52d9c2ac11f984119bdcb5efa48ff8bc937fec98	69a03e4cf00f711254cec77a222f35433d4118701bde5077df14c8e1c2f8c65d	https://files.rcsb.org/download/9OUM.cif.gz	https://www.rcsb.org/fasta/entry/9OUM/download	2026-10-06T15:59:13+00:00	1
9OUP	processed	1.0		Native GABA-A receptor from rat cerebella, beta2-alpha1-beta1-alpha6-gamma2 subtype, in complex with GABA	ELECTRON MICROSCOPY	2.82	2025-05-29	2026-02-18	8ad17d03bf9ee8552bd9ee3f29699ee83e817c89060cd9dbe4b5ccc4f8aa4339	eb6da55b2d9a564de79dc6a722b50295d05d6896158d9e7009d7fd21f6a91836	https://files.rcsb.org/download/9OUP.cif.gz	https://www.rcsb.org/fasta/entry/9OUP/download	2026-10-06T15:59:13+00:00	1
9WU2	processed	6.0		Crystal structure of cZ22-Fab in complex with left-handed dC(GC)3 DNA	X-RAY DIFFRACTION	2.35	2025-09-17	2026-02-18	00c445758d14660284b5cec6852042a53b2569bcc61921e0850767b69360812a	acb38e403ce7ae51ca2be0fcf7a939e453875202f42b3f7acc0c0f44d37752d2	https://files.rcsb.org/download/9WU2.cif.gz	https://www.rcsb.org/fasta/entry/9WU2/download	2026-10-06T15:59:13+00:00	6
9LSZ	processed	1.0		Inward-open Structure of human B0AT1	ELECTRON MICROSCOPY	3.11	2025-02-05	2026-02-18	4dd075a2e4b22cbe4a96e6e97b1d989adc24bf5b525876920fb498b73a9464c3	342c35bb3719e287885cc18f6050da9a766a33ac2ded0ad9194740be08d17ddf	https://files.rcsb.org/download/9LSZ.cif.gz	https://www.rcsb.org/fasta/entry/9LSZ/download	2026-10-06T15:59:13+00:00	1
9LSY	processed	2.0		Structure of the gdTCR-Fab complex	ELECTRON MICROSCOPY	3.23	2025-02-05	2026-02-18	e5641c52b5a394851a43a7f5fb2998594ec2dda5951d9ccfd3f09587b3995af9	b7ef6c3d859e273a4fee42f3ace3de8143971eef06ab6dc7dcb166f8f4ca66fd	https://files.rcsb.org/download/9LSY.cif.gz	https://www.rcsb.org/fasta/entry/9LSY/download	2026-10-06T15:59:13+00:00	2
9XSX	processed	1.0		the complex structure of antibody CF22 bound to the hemagglutinin of influenza B virus (HA_B/Guangdong-Yuexiu/120/2022).	X-RAY DIFFRACTION	2.98	2025-11-21	2026-02-18	09e5c7b0f2f0bdd4dc66cff173bfc0d30c114f24e69d4d0e8f098ed488d135e3	78107ebf813c2085b1926cd97ef7930b52dd1fb915c423e301c8ee55b0a32d0a	https://files.rcsb.org/download/9XSX.cif.gz	https://www.rcsb.org/fasta/entry/9XSX/download	2026-10-06T15:59:13+00:00	1
9OUO	processed	2.0		Native GABA-A receptor from rat cerebella, beta1-alpha1-beta1-alpha1-gamma2 subtype, in complex with GABA and PZ-II-029	ELECTRON MICROSCOPY	2.92	2025-05-29	2026-02-18	8f6a822ad6c0cdf46a2e01d45932bf3ef49a44055ad48c9cd98547092dd1afa1	861f811b2e1de914f0d3d2f597cdc7e16671c5e14bfe66fbcaecef7bb19934a2	https://files.rcsb.org/download/9OUO.cif.gz	https://www.rcsb.org/fasta/entry/9OUO/download	2026-10-06T15:59:14+00:00	2
9LWC	processed	1.0		Cryo-EM structure of epinephrine bound dopamine receptor 1 D1R-M74-miniGs-Gbeta1gamma2-Nb35 complex	ELECTRON MICROSCOPY	2.90	2025-02-14	2026-02-18	a5ded2e3cdbd184cd9ca1504c374ead37da76bb91c6816d23b2cc30f7edaf09c	bf19e7c3dfaf1c0bb8fd60a9dd7c661775d4efebeac57a716b2a20789f2943a1	https://files.rcsb.org/download/9LWC.cif.gz	https://www.rcsb.org/fasta/entry/9LWC/download	2026-10-06T15:59:14+00:00	1
9XTH	processed	1.0		The complex structure of antibody CAV-CH76 bound to the hemagglutinin of influenza B virus (HA_B/Guangdong-Yuexiu/120/2022)	X-RAY DIFFRACTION	3.01	2025-11-22	2026-02-18	bb3cb16f46e4abef6c06f5ee1e46fd741ae4b68aac1d481f9c77b5ae15ca3b06	05a6e7005e9f6658c82bb26aeaef8492ba9c75e7e97610f3c4b03038c827f16b	https://files.rcsb.org/download/9XTH.cif.gz	https://www.rcsb.org/fasta/entry/9XTH/download	2026-10-06T15:59:14+00:00	1
9OV4	processed	2.0		Native GABA-A receptor from rat cerebella, beta1-alpha1-beta2-alpha1-gamma2 subtype, in complex with GABA and PZ-II-029	ELECTRON MICROSCOPY	2.93	2025-05-29	2026-02-18	a77138b79963066f3f50ca65cd55e6a94dbde352014a01ebe793e3dcf39c2459	10677574b16b29b0b8f1eb5964438da517d8376b970c30364ad893042da873b0	https://files.rcsb.org/download/9OV4.cif.gz	https://www.rcsb.org/fasta/entry/9OV4/download	2026-10-06T15:59:15+00:00	2
9WS0	processed	2.0		Crystal structure of cZ22-Fab in complex with left-handed d(CG)6 DNA	X-RAY DIFFRACTION	3.27	2025-09-12	2026-02-18	f776560d533e3069408a4a99bd435feac71e8badf32847d626559305831bb488	f60030f7e2802e0d6e1b9fbc9bd119574f7251caf67588e8f5c1367601706698	https://files.rcsb.org/download/9WS0.cif.gz	https://www.rcsb.org/fasta/entry/9WS0/download	2026-10-06T15:59:14+00:00	2
9OUR	processed	2.0		Native GABA-A receptor from rat cerebella, beta2-alpha1-beta2-alpha1-gamma2 subtype, in complex with GABA	ELECTRON MICROSCOPY	2.84	2025-05-29	2026-02-18	bc038d563bbe442e9aec67ebde4aad53a6796c365e635f5b73e6b779106c3623	06a923fa613a100854b12f0cfbd846e439bed7b6bf502dce85e6ead3c8f72a1c	https://files.rcsb.org/download/9OUR.cif.gz	https://www.rcsb.org/fasta/entry/9OUR/download	2026-10-06T15:59:14+00:00	2
9UGO	processed	2.0		Cryo-EM structure of the HBsAg dimer and Complex with Fab	ELECTRON MICROSCOPY	4.0	2025-04-13	2026-02-18	2726aa22e82fab68b59e01d0610a2890060dbb444b75ea625f80ca2a6672c8e5	5975de33d78d09d3d24745d256ffbf53c82c544d1b6d7dbe45325626c4b839e6	https://files.rcsb.org/download/9UGO.cif.gz	https://www.rcsb.org/fasta/entry/9UGO/download	2026-10-06T15:59:14+00:00	2
9OUN	processed	2.0		Native GABA-A receptor from rat cerebella, beta2-alpha1-beta2-alpha1-gamma2 subtype, in complex with GABA and PZ-II-029	ELECTRON MICROSCOPY	2.74	2025-05-29	2026-02-18	663cecb7a36747fdc8531d50c8ebc411fedb82a8cedccfebd185973fedb3470f	1e2d7fd4890718c3f66d5f3bb66969621d29b021b358df0b17f8d09a2518a57f	https://files.rcsb.org/download/9OUN.cif.gz	https://www.rcsb.org/fasta/entry/9OUN/download	2026-10-06T15:59:14+00:00	2
9NVG	processed	1.0		Structure of SARS-CoV-2 BA.1 spike RBD bound to COV2-3835 Fab	ELECTRON MICROSCOPY	3.0	2025-03-20	2026-02-25	074e69176cff2f39a52b1755e3f9e17f91c51caad2489fed94d88226aef05949	5c2d9b3c3f8d9f73ba10e593b30999e415fd7f6e1f514f4d4ccc3f08ae482a63	https://files.rcsb.org/download/9NVG.cif.gz	https://www.rcsb.org/fasta/entry/9NVG/download	2026-10-06T15:59:15+00:00	1
9DZ4	processed	1.0		Cryo-EM Structure of Receptor Tyrosine Kinase ROS1 in Complex with Fab-CT4	ELECTRON MICROSCOPY	2.99	2024-10-15	2026-02-25	fac4616ea3b1243dca31944627068ba25247c689808dbca6bf9d90f1aa80ddb1	4ee9a2ccf88a73781fa062b156c91d62958f66c5d2a5ab9c83f15797d3be532a	https://files.rcsb.org/download/9DZ4.cif.gz	https://www.rcsb.org/fasta/entry/9DZ4/download	2026-10-06T15:59:15+00:00	1
10GH	processed	1.0		Cryo-EM structure of Receptor Tyrosine Kinase ROS1 in complex with Fab-RX5	ELECTRON MICROSCOPY	3.06	2026-01-19	2026-02-25	844148000802af4cd8dfd72dbb859f53623da2891918ae21098cf786352a78cf	8af38f1c1a680d873e52da8a0f911b4c241531131bc133577bff8013d66516c4	https://files.rcsb.org/download/10GH.cif.gz	https://www.rcsb.org/fasta/entry/10GH/download	2026-10-06T15:59:15+00:00	1
9WAI	processed	1.0		Yeast-expressed polio type 1 stablized virus-like particles with 3G10 Fab	ELECTRON MICROSCOPY	2.60	2025-08-12	2026-03-04	5123f14ca10f46df974625a131b4d8e240cd90ff268d19eb3e397d5952fcfd8f	5ecdfa199421e36af42c1b66e9710ee0352de8c2570e81442de509eaff4b4781	https://files.rcsb.org/download/9WAI.cif.gz	https://www.rcsb.org/fasta/entry/9WAI/download	2026-10-06T15:59:15+00:00	1
9OWF	processed	2.0		X-ray crystal structure of Zika virus envelope glycoprotein in complex with Fab of F25.S02	X-RAY DIFFRACTION	2.30	2025-06-02	2026-03-04	c7e583e7613e693355dd88632bcc264f017a4f11d8fa19da5bd650fd2f9edefc	3c6850d145e2c20416bdaee0e98fd75f03043cf8944baaf1c940885d653fd1e8	https://files.rcsb.org/download/9OWF.cif.gz	https://www.rcsb.org/fasta/entry/9OWF/download	2026-10-06T15:59:15+00:00	2
9LY5	processed	1.0		antibody 20G5 Fab in complex with human B7-H3 (IgC)	ELECTRON MICROSCOPY	2.98	2025-02-19	2026-03-04	43edc7dbb09237373e5e8045da002a49199520e0126096763c19bae19575f78a	c396cf964c03a0fb77cdb259380b9ee9df1c032f96de44488cef44a4f259e668	https://files.rcsb.org/download/9LY5.cif.gz	https://www.rcsb.org/fasta/entry/9LY5/download	2026-10-06T15:59:15+00:00	1
9OWE	processed	2.0		CryoEM structure of stabilized dengue 3 virus envelope glycoprotein in complex with Fab of F25.S02	ELECTRON MICROSCOPY	4.16	2025-06-02	2026-03-04	b9a4bbd862d91c47b26f96c7f00380c58d8d66010775f5653b5c63adb42b26d5	3eb9ef326de20442390cda516a10b199349008f867870086d3514a9fa3907b5f	https://files.rcsb.org/download/9OWE.cif.gz	https://www.rcsb.org/fasta/entry/9OWE/download	2026-10-06T15:59:15+00:00	2
9LY6	processed	2.0		antibody 20G5 (Fab')2 in complex with human B7-H3	ELECTRON MICROSCOPY	3.67	2025-02-19	2026-03-04	220893926ee9753055cd53d57ff7b8e65ba188c728e7a78db8f1a25792327289	7d2252a65ee87b783273977acbf01a66ab605435820e3e063e55ab4107301ea0	https://files.rcsb.org/download/9LY6.cif.gz	https://www.rcsb.org/fasta/entry/9LY6/download	2026-10-06T15:59:15+00:00	2
9NKY	processed	1.0		Crystal structure of unliganded Fab MAM01	X-RAY DIFFRACTION	2.08	2025-03-02	2026-03-04	a60ba18d49588d472ab83a28eff8e6d8dd11b4436b7d477909165e3eecccd369	96d3bb00ea06dbe9e2298471cdfbabf114cefdab9bd0ced7b1d9ace0d03d7431	https://files.rcsb.org/download/9NKY.cif.gz	https://www.rcsb.org/fasta/entry/9NKY/download	2026-10-06T15:59:16+00:00	1
9NL1	processed	1.0		Crystal structure of Fab MAM01 in complex with junctional region peptide from circumsporozoite protein	X-RAY DIFFRACTION	2.71	2025-03-02	2026-03-04	55367bbfce779db4275b45a86742c2fa584ced97051be06bd25721a66e611442	b6f5195cfcb997f08aff34082630ba46f0b8346bb1ea585e4f6172ba847c1d90	https://files.rcsb.org/download/9NL1.cif.gz	https://www.rcsb.org/fasta/entry/9NL1/download	2026-10-06T15:59:15+00:00	1
9IAS	processed	2.0		Sulfate transporter SLC26A11 in nanodiscs with nanobody Nb4	ELECTRON MICROSCOPY	2.80	2025-02-11	2026-03-04	de8de131abf142517d70c428fc49f0fa04ca37796752c3008134fcffa66959d8	65e17f536fbb99e2057378a5a1bd67ed7404779cac4ce404029d9fe25c86eded	https://files.rcsb.org/download/9IAS.cif.gz	https://www.rcsb.org/fasta/entry/9IAS/download	2026-10-06T15:59:16+00:00	2
9IB1	processed	1.0		Cryo-EM focus map of prefusion SARS-CoV-2 spike (RBDs: 1 up & 2 down) bound to RBD-targeting MO176-117 antibody	ELECTRON MICROSCOPY	3.2	2025-02-11	2026-03-04	83225ba008fd7d1c2f4f0aebcf073c4b49216e53a246ceb3f77e44ed072e5826	88a5555db370f7ceaa3f2518c975a9df1b091d28c0583a0b8eea03d48b632ca8	https://files.rcsb.org/download/9IB1.cif.gz	https://www.rcsb.org/fasta/entry/9IB1/download	2026-10-06T15:59:16+00:00	1
9IAR	processed	2.0		Sulfate transporter SLC26A11 in nanodiscs with nanobody Nb11	ELECTRON MICROSCOPY	3.20	2025-02-11	2026-03-04	a91314909e9f0d4ca3b8431851264966671e188f707acc75b1b8c7ab436d9471	aec042ee49055ef58b4ba91d233805798c806937551af05c1075c881133967cf	https://files.rcsb.org/download/9IAR.cif.gz	https://www.rcsb.org/fasta/entry/9IAR/download	2026-10-06T15:59:16+00:00	2
9IB3	processed	1.0		Cryo-EM focus map of prefusion SARS-CoV-2 spike (RBDs: 2 up & 1 down) bound to RBD-targeting MO176-117 antibody	ELECTRON MICROSCOPY	3.3	2025-02-11	2026-03-04	8f5500cdec2e2cd64a59bdd02873607db3918ae6269a25518039feec12d06a01	375f2de7a07d612a12c86834d581ede7cc29c98808345ab69d45dffdb2328d48	https://files.rcsb.org/download/9IB3.cif.gz	https://www.rcsb.org/fasta/entry/9IB3/download	2026-10-06T15:59:16+00:00	1
9NKZ	processed	1.0		Crystal structure of Fab MAM01 in complex with NANP6 peptide from circumsporozoite protein	X-RAY DIFFRACTION	1.48	2025-03-02	2026-03-04	3165393859e4f8f0d37b98dae50451711aa9a68482ca21bda7cc5c6b75c66268	969f1f234b0cab2f81f7611991ce9da8e6a49dbdf6ab4431b678dbf9b3aec546	https://files.rcsb.org/download/9NKZ.cif.gz	https://www.rcsb.org/fasta/entry/9NKZ/download	2026-10-06T15:59:16+00:00	1
9NL0	processed	1.0		Crystal structure of Fab MAM01 in complex with NPNA3 peptide from circumsporozoite protein	X-RAY DIFFRACTION	1.54	2025-03-02	2026-03-04	0323e03bbe62c2063792ab39d3c35f931a7380f6a6e19b258f6f33d8e393e7b9	738148be81fe8df6fde0fca6777b2f954929d25bb44277468c47170aeca67a86	https://files.rcsb.org/download/9NL0.cif.gz	https://www.rcsb.org/fasta/entry/9NL0/download	2026-10-06T15:59:16+00:00	1
9M0J	processed	1.0		Cryo-EM structure of Bombesin receptor type-3 bound to oridonin	ELECTRON MICROSCOPY	2.9	2025-02-24	2026-03-04	3fc31ac9909e6b7cbb47788e9c6cfa15efa6ecda40ada00db3bc0cad149f1d81	23f04ca3f01a95278ad81ad056ac782fc9626cbceef4dcefc66c61a396f27c0b	https://files.rcsb.org/download/9M0J.cif.gz	https://www.rcsb.org/fasta/entry/9M0J/download	2026-10-06T15:59:16+00:00	1
9T3S	processed	1.0		Structure of human HER2 in complex with EPS226 Fab	ELECTRON MICROSCOPY	3.00	2025-10-29	2026-03-11	9b3f9ac59b964dbf8fac8bb2f0c3510766722b2146ef354a05828b8725b66df5	77d3c8586c6dca3529b06e1183cdee8806e32e8c6039d7251c8e6002e34de060	https://files.rcsb.org/download/9T3S.cif.gz	https://www.rcsb.org/fasta/entry/9T3S/download	2026-10-06T15:59:16+00:00	1
9ZT7	processed	1.0		SARS-CoV-2 S2 in complex with COV2-2509	ELECTRON MICROSCOPY	3.11	2025-12-23	2026-03-11	89c8748cc488089f2de866ca6a87c1850ef1fa849bb4967f6b79e1c98b2c5908	6f9ef5d45f5309a058eb9354f7099f74367c57a8758be43f77b663a2673876fc	https://files.rcsb.org/download/9ZT7.cif.gz	https://www.rcsb.org/fasta/entry/9ZT7/download	2026-10-06T15:59:16+00:00	1
9NJ6	processed	3.0		Computationally optimized broadly reactive influenza B hemagglutinin BC2 bound by antibody #3978	ELECTRON MICROSCOPY	2.36	2025-02-26	2026-03-11	62a430e1e85b1145428ad237f449153759f657b1fc9f36830b8eef765f59c2b4	95189c0cadfbdf47270216ce695261b2f6e625488b9b7b7f012960dd956594e6	https://files.rcsb.org/download/9NJ6.cif.gz	https://www.rcsb.org/fasta/entry/9NJ6/download	2026-10-06T15:59:17+00:00	3
9NJA	processed	3.0		Computationally optimized broadly reactive influenza B hemagglutinin BC2 bound by antibody #46	ELECTRON MICROSCOPY	2.5	2025-02-27	2026-03-11	8e353fc74b64a6e791ca9238161f91591319bc84d71923247ee1949c5c8019e3	69e58dfde4f8089ab4ceadde7952b1379de09dd79f6eb420bd127f4db1635a2c	https://files.rcsb.org/download/9NJA.cif.gz	https://www.rcsb.org/fasta/entry/9NJA/download	2026-10-06T15:59:17+00:00	3
9T3R	processed	1.0		Structure of human HER2 in complex with EPS232 Fab	ELECTRON MICROSCOPY	3.50	2025-10-29	2026-03-11	7c516866daa8ac29c6f538534fa9cddf2cc14ca457d19a35f7dcd1fda1f60d59	917b8870e220b8c8ad0cdde0c2912bf1dba1b83b85145207b99c7e6655239e20	https://files.rcsb.org/download/9T3R.cif.gz	https://www.rcsb.org/fasta/entry/9T3R/download	2026-10-06T15:59:17+00:00	1
9S6S	processed	1.0		Ternary cryo-EM structure of human ALG9 with Dol25-PP-GlcNAc2Man6, Dol25-P-Man and Fab	ELECTRON MICROSCOPY	2.89	2025-08-01	2026-03-18	08e3a180e5ef9bfd408d25c5dea2245fc12e3e2c53194c3c03739e4e4ebaa5bb	9e0379f6ae2b29efbb539ab6703990a65150d054b5978fa89ef33a1c179dc5df	https://files.rcsb.org/download/9S6S.cif.gz	https://www.rcsb.org/fasta/entry/9S6S/download	2026-10-06T15:59:17+00:00	1
9S6R	processed	1.0		Ternary cryo-EM structure of yeast ALG3 with Dol25-PP-GlcNAc2Man5, Dol25-P-Man, and Fab	ELECTRON MICROSCOPY	3.08	2025-08-01	2026-03-18	50ae3d921a13430c588b571aafdea8a3168fda42d1f7630bdb45b023d5dd9bf0	79279405b46801919eb8b0d58c326ced26c37b7a4790206cef7bd565db12055c	https://files.rcsb.org/download/9S6R.cif.gz	https://www.rcsb.org/fasta/entry/9S6R/download	2026-10-06T15:59:17+00:00	1
9SBB	processed	1.0		Monoclonal Antibodies from COVID-19 Convalescent Patients Target Cryptic Epitopes for Universal SARS-CoV-2 Neutralization	X-RAY DIFFRACTION	2.12	2025-08-08	2026-03-18	ca08d63c73ae8a65187ab80f16bec741f6c7c783f6bbb451b1a4cde7ec16588c	833cf50efe0fdda7b3c69c08279803d36460a0141e0e50ca1916fe1c6718799d	https://files.rcsb.org/download/9SBB.cif.gz	https://www.rcsb.org/fasta/entry/9SBB/download	2026-10-06T15:59:17+00:00	1
9SAT	processed	1.0		Monoclonal Antibodies from COVID-19 Convalescent Patients Target Cryptic Epitopes for Universal SARS-CoV-2 Neutralization	X-RAY DIFFRACTION	2.56	2025-08-07	2026-03-18	7d181f6bcb90bb6b0d34ccb16f32ea2bdd202a089e64d3277461aa087957610f	de80ef7c9e6644f95bdf0aee83b59a0860e8daa33433a0878e9d8607ddd96e7e	https://files.rcsb.org/download/9SAT.cif.gz	https://www.rcsb.org/fasta/entry/9SAT/download	2026-10-06T15:59:17+00:00	1
9S6U	processed	1.0		Ternary cryo-EM structure of human ALG9 with Dol25-PP-GlcNAc2Man8, Dol25-P-Man and Fab	ELECTRON MICROSCOPY	2.95	2025-08-01	2026-03-18	777e42ed72ffde81c88842780644392314860b8c8fd0790b766e5f77ed3236e2	4bb92bc98ac1cf506f60ad286cb232b23a6be60fad168d7434b0324677e5eaca	https://files.rcsb.org/download/9S6U.cif.gz	https://www.rcsb.org/fasta/entry/9S6U/download	2026-10-06T15:59:18+00:00	1
9NOB	processed	1.0		Crystal Structutre of unliganded Fab 224	X-RAY DIFFRACTION	1.69	2025-03-08	2026-03-18	6d10364e873e68e4f967415effb59d7715b765925b03b6f82dba9f52d47a3152	c6f7095252c7d2dd8489257ecaa35a928a027e0d9fd209ee8b1ebce633642c42	https://files.rcsb.org/download/9NOB.cif.gz	https://www.rcsb.org/fasta/entry/9NOB/download	2026-10-06T15:59:17+00:00	1
8FPA	processed	2.0		Structure of a chimeric antibody (Fab) fragment bound to de-N-acetyl polysialic acid (dPSA)	X-RAY DIFFRACTION	1.83	2023-01-04	2026-03-18	1e1cc9094905e792d020df430fe442e6e9b66c11608df599a7577c1ea7c3f6c3	f9ea6aa82aedf4b9007784c7f5595a89ac5c2b04f81b7c9c8e62ed8bc92cd9eb	https://files.rcsb.org/download/8FPA.cif.gz	https://www.rcsb.org/fasta/entry/8FPA/download	2026-10-06T15:59:18+00:00	2
9MA0	processed	1.0		Cryo-EM structure of EBV gp350 D123 in complex with neutralizing antibody 4A11	ELECTRON MICROSCOPY	3.33	2025-03-13	2026-03-18	d886283f9413150ed7a1dbce3d2f2705e9e28d54d197de5d4affdd2fc59323b2	180ef619653b320c310112077ab40a5ba2e0ddaab8043fbafc11ae6614da847c	https://files.rcsb.org/download/9MA0.cif.gz	https://www.rcsb.org/fasta/entry/9MA0/download	2026-10-06T15:59:18+00:00	1
8VZW	processed	1.0		Structure of humanized MS-Hu6 Fab fragment	X-RAY DIFFRACTION	2.50	2024-02-12	2026-03-18	8b123b665dcdf935e33cb6127c2b639f3e0b27c749a9438b6b1b69a4d45f0187	025e51008331e4670dde57117fab27756c86b3181222a7ba868767384bd92f35	https://files.rcsb.org/download/8VZW.cif.gz	https://www.rcsb.org/fasta/entry/8VZW/download	2026-10-06T15:59:18+00:00	1
9WWH	processed	2.0		Crystal structure of IL-33 and antibody Tozorakimab fab binary complex	X-RAY DIFFRACTION	3.51	2025-09-23	2026-03-18	337b8e0d18f90de910de8517ddb0417c4e7008a6b70f7a23858c84e05fa6b893	e8892db468b7806be59bae48299320997cc975f6c6e08dd392205deef7a5e666	https://files.rcsb.org/download/9WWH.cif.gz	https://www.rcsb.org/fasta/entry/9WWH/download	2026-10-06T15:59:18+00:00	2
9NOA	processed	2.0		Crystal structure of unliganded Fab MS-1805	X-RAY DIFFRACTION	1.77	2025-03-08	2026-03-18	1641fe92880b492064b24df701ac136d8ae8411773a75e4e1890852d71de8110	5c3dc9f44b661aeec1faf83d7b967bda4270943803257eedc22ebd1329f8c7d4	https://files.rcsb.org/download/9NOA.cif.gz	https://www.rcsb.org/fasta/entry/9NOA/download	2026-10-06T15:59:18+00:00	2
9NW9	processed	1.0		CA117v2v8 Fab bound to HLA-E-RL9HIV	X-RAY DIFFRACTION	2.30	2025-03-21	2026-03-25	2b88043820eb07559b0fbe38b98efdf84c5ffe4f2217f3d457ec06d370e020a9	47e2b76fcc8db239a6cb81f71069a54b56062ee1206f059a6197624ced14ca47	https://files.rcsb.org/download/9NW9.cif.gz	https://www.rcsb.org/fasta/entry/9NW9/download	2026-10-06T15:59:19+00:00	1
9WB3	processed	1.0		HRV14 3C in complex with single chain antibody YDF and cloverleafRNA-conformation1-composite-1	ELECTRON MICROSCOPY	3.17	2025-08-13	2026-03-25	abf926957f7a8fc56bf0034e97baa872f052a6fe26cfcc6818a876b9ca6492fc	9c7d363d9d173751e431f0da2d0cf5194aa7429facb752327558ff091bc666f0	https://files.rcsb.org/download/9WB3.cif.gz	https://www.rcsb.org/fasta/entry/9WB3/download	2026-10-06T15:59:18+00:00	1
9U5Q	processed	1.0		HRV14 3C in complex with single chain antibody YDF and cloverleafRNA-conformation1	ELECTRON MICROSCOPY	3.35	2025-03-21	2026-03-25	df3086e0b534c444af562177beb1ac4f9b70f01be0478a8e31fdf1f8fc345114	1d2605263866c5e37a33ea68b786d0ca2a1388338ede8c65b55832118de8fd75	https://files.rcsb.org/download/9U5Q.cif.gz	https://www.rcsb.org/fasta/entry/9U5Q/download	2026-10-06T15:59:18+00:00	1
9U5R	processed	1.0		HRV14 3C in complex with single chain antibody YDF and cloverleafRNA-conformation 2	ELECTRON MICROSCOPY	3.59	2025-03-21	2026-03-25	94bf253a3aae2de57d241845de0973ec91e84399c7c58b731a20afc8ee6f9eb5	85c6436c22b3c62028f6a560d44fc21c25fc0fbe4327820ae4ef0bc7b08c9b54	https://files.rcsb.org/download/9U5R.cif.gz	https://www.rcsb.org/fasta/entry/9U5R/download	2026-10-06T15:59:18+00:00	1
10ZO	removed_by_strict_cleaning	2.0		Crystal structure of Mengla virus nucleoprotein bound by a cross-reactive anti-Marburg virus nanobody	X-RAY DIFFRACTION	1.65	2026-02-12	2026-03-25	91f4bc6b04fa1cba7be329c58d8016bc52eaf649c8683887c34a232c16c242f1	599479ef041de80803049effe707e5258c1d5ad87905a4b2fbe6c0cf8dea3053	https://files.rcsb.org/download/10ZO.cif.gz	https://www.rcsb.org/fasta/entry/10ZO/download	2026-10-06T15:59:18+00:00	0
9ULP	processed	2.0		Crystal structure of FtsB from Streptococcus pyogenes in complex with Nb1 nanobody	X-RAY DIFFRACTION	2.55	2025-04-20	2026-03-25	40d6e89be7d663ef1e8d73087a9a5a6ae82af4a31feaa8d41ef5b29983570eba	e1d9c1a00360a50f94cc789b5f299cba0724c9f335b67640c1d72a6a89785812	https://files.rcsb.org/download/9ULP.cif.gz	https://www.rcsb.org/fasta/entry/9ULP/download	2026-10-06T15:59:19+00:00	2
9AXW	processed	8.0		Nanobody NbJRI bound to yeast Pdc1	X-RAY DIFFRACTION	3.30	2024-03-06	2026-03-25	e2109b58830fb78ed3483c118f7604466860c26f3ea660146ed6c78b74af35ce	0063365e56cce54439dabf1e53f0c96b6a33f04f65b1c6c54ed161b344bb59d6	https://files.rcsb.org/download/9AXW.cif.gz	https://www.rcsb.org/fasta/entry/9AXW/download	2026-10-06T15:59:19+00:00	8
9U5P	processed	2.0		HRV14 3C in complex with single chain antibody YDF and cloverleafRNA-dimer conformation	ELECTRON MICROSCOPY	2.96	2025-03-21	2026-03-25	506f64d39e131a1f8e18f8412e962f35e020762b09b8e9c2eef2fe779334a583	43c1d2624ae40006578b11c8fe4d98fb6bb24a352a9650e416fe07c5e6868262	https://files.rcsb.org/download/9U5P.cif.gz	https://www.rcsb.org/fasta/entry/9U5P/download	2026-10-06T15:59:19+00:00	2
9WB4	processed	1.0		HRV14 3C in complex with single chain antibody YDF and cloverleafRNA-conformation1-composite-2	ELECTRON MICROSCOPY	3.32	2025-08-13	2026-03-25	af89c67ad39e9ad8689acb351b5a4ec3615f214d2a6ae1247c941e087283db60	4887097e6c05a7a047104705135554f836dc40dd746c47134e7f915a0d55c69b	https://files.rcsb.org/download/9WB4.cif.gz	https://www.rcsb.org/fasta/entry/9WB4/download	2026-10-06T15:59:19+00:00	1
9NW4	processed	2.0		Structure of CISV1 antibody bound to PvCSP repeat peptide	X-RAY DIFFRACTION	1.82	2025-03-21	2026-03-25	97bc3fc361c93fd80838f36099c5bf6620390ab10ddd2f5e9155263e9f2ef2ee	8adf9f6425f2718f10da2de5d64db65691b1f59f6dbbe841356c231d424fee1a	https://files.rcsb.org/download/9NW4.cif.gz	https://www.rcsb.org/fasta/entry/9NW4/download	2026-10-06T15:59:19+00:00	2
9NW8	processed	1.0		CA117v2v8 Fab bound to HLA-E-Mtb44	X-RAY DIFFRACTION	2.30	2025-03-21	2026-03-25	ef9aefab22bafe3349fb085cb7bbb961d9063248598f1b5f456b2b451f3a45be	828cde7c8a02e75540cbb672f6cdb01170ad5a4e5af58bf9f95901c34c067293	https://files.rcsb.org/download/9NW8.cif.gz	https://www.rcsb.org/fasta/entry/9NW8/download	2026-10-06T15:59:19+00:00	1
9NW7	processed	1.0		CA117v2v8 Fab bound to HLA-E-VL9	X-RAY DIFFRACTION	2.10	2025-03-21	2026-03-25	081ce9d0c46211ef01e5a39f56671f8567cd552d8a423ad9222110844fd91d92	60326ddad6d370e5bd3f6f22c4d4f0ffe51b43e8d1f9dd601be43c8155d87bb3	https://files.rcsb.org/download/9NW7.cif.gz	https://www.rcsb.org/fasta/entry/9NW7/download	2026-10-06T15:59:19+00:00	1
9NW5	processed	1.0		3H4v31 anti-HLA-E-VL9 Fab	X-RAY DIFFRACTION	2.05	2025-03-21	2026-03-25	9cabd1e74cbdd80669bf4441d5f604abefe3be0306b54ea420e03d37d40cb9d5	210c7e9396e3b0f1fced03abaf9b6ad7c81f594df52c6593185b7e415bc76bcb	https://files.rcsb.org/download/9NW5.cif.gz	https://www.rcsb.org/fasta/entry/9NW5/download	2026-10-06T15:59:19+00:00	1
9NW1	processed	1.0		Cryo-EM structure of rhesus antibody CH42-Apex2.01 in complex with HIV Env trimer Q23-APEX-GT2	ELECTRON MICROSCOPY	3.1	2025-03-21	2026-04-01	ca8a07d00eb01ccd89c1e614e5a542a1378e6468ad8aa1c62ab68ce785464aa9	7d4e830bf7be19b0d2af544dce801eb9e5eddd34a4926a5a2ee40bf692de4927	https://files.rcsb.org/download/9NW1.cif.gz	https://www.rcsb.org/fasta/entry/9NW1/download	2026-10-06T15:59:20+00:00	1
9NVZ	processed	1.0		Cryo-EM structure of rhesus antibody CH70-Apex1.01 in complex with HIV Env trimer Q23-APEX-GT2	ELECTRON MICROSCOPY	3.00	2025-03-21	2026-04-01	4679d2bf01f8aa5649a7a6896302f7bcde541a559665bca8e1b0326e9a1f5f12	9becc6a447ecb54b1607e8ddb0ea5ce8031d346d05dfa71bd2fcd0cf6d543d11	https://files.rcsb.org/download/9NVZ.cif.gz	https://www.rcsb.org/fasta/entry/9NVZ/download	2026-10-06T15:59:19+00:00	1
9NVY	processed	1.0		Cryo-EM structure of rhesus antibody CH70-Apex2.01 in complex with HIV Env trimer Q23-APEX-GT2	ELECTRON MICROSCOPY	3.80	2025-03-21	2026-04-01	48667b93211ff87963fb250e49c8f464cdcea50e99b2b3cba508389aa5d28c5f	90c4aa66ea41e46f79531b83d100bce2be5bc3af91a1f314b699df9229ff8502	https://files.rcsb.org/download/9NVY.cif.gz	https://www.rcsb.org/fasta/entry/9NVY/download	2026-10-06T15:59:19+00:00	1
9NVX	processed	1.0		Cryo-EM structure of rhesus antibody CI91-Apex1.01 in complex with HIV Env trimer Q23-APEX-GT2	ELECTRON MICROSCOPY	3.00	2025-03-21	2026-04-01	3571a0f3aa18b8bfed018344d6eacf2653e8e6db8464ff61412f1700dd2c2144	63919d393ee71360aed29c540c1c6e1cea03c72de35569a0fcb0bca1ed1295e2	https://files.rcsb.org/download/9NVX.cif.gz	https://www.rcsb.org/fasta/entry/9NVX/download	2026-10-06T15:59:20+00:00	1
9NVW	processed	1.0		Cryo-EM structure of rhesus antibody CH35-Apex1.08 in complex with HIV Env trimer Q23-APEX-GT2	ELECTRON MICROSCOPY	3.3	2025-03-21	2026-04-01	a381e152595d0cbf0e56c7525ec62c34a91828490fbfa8ca3624feed3f1990b9	7e770dedaee1ddac019b25b342da676fdc04513cc2f134d519329a5d85b020fc	https://files.rcsb.org/download/9NVW.cif.gz	https://www.rcsb.org/fasta/entry/9NVW/download	2026-10-06T15:59:20+00:00	1
9NP0	processed	1.0		Structure of human annexin A1 in complex with 2C1 Fab	ELECTRON MICROSCOPY	3.32	2025-03-10	2026-04-01	aa3cff5b14b883fbb9216ce4e3f2e12e26f3aa20df81b441c5f4c72cf2747a00	0088a85387217b282e90d0fc32d54075067b83657ff70aadba12f92cedd4d963	https://files.rcsb.org/download/9NP0.cif.gz	https://www.rcsb.org/fasta/entry/9NP0/download	2026-10-06T15:59:20+00:00	1
9NW0	processed	1.0		Cryo-EM structure of rhesus antibody CH42-Apex1.01 in complex with HIV Env trimer Q23-APEX-GT2	ELECTRON MICROSCOPY	2.9	2025-03-21	2026-04-01	afd81132efdd4f27aa4eec5e686e6051c2fea3b05b1c2bfac8eee390352d60c8	744e43455031280657661658b0c1f0877b6f6775e4296ce39547dc967e320694	https://files.rcsb.org/download/9NW0.cif.gz	https://www.rcsb.org/fasta/entry/9NW0/download	2026-10-06T15:59:20+00:00	1
9MAZ	removed_by_strict_cleaning	2.0		Helical Reconstruction of DENV2 US/BID-V594/2006 tubular particles bound with J9 fab	ELECTRON MICROSCOPY	38.5	2025-03-14	2026-04-01	a00c0183e91b86ad3b5425c0e6e4e7ea2dbee99e15d94ea3bb1c27f68c4721e1	83107dd260a0453a389143ef317f1029ba7c2eec21e376e302a95c208e034514	https://files.rcsb.org/download/9MAZ.cif.gz	https://www.rcsb.org/fasta/entry/9MAZ/download	2026-10-06T15:59:20+00:00	0
9MB1	removed_by_strict_cleaning	2.0		Helical Reconstruction of DENV2 THSTI/TRC/01 tubular particles bound with J9 fab	ELECTRON MICROSCOPY	14.41	2025-03-14	2026-04-01	d777258ee50560e5b630f6a5bbfc8500a174a254d3e9e5d6ddf981e83e084d6e	8182d4b95747c799409e9ddd819c5dfe92a68a7b38557f1794be84b2ed2c53cd	https://files.rcsb.org/download/9MB1.cif.gz	https://www.rcsb.org/fasta/entry/9MB1/download	2026-10-06T15:59:20+00:00	0
9XY4	removed_by_strict_cleaning	1.0		Zymogen ADAM17- iRhom1 Cytoplasmic Deletion (370) Complex Bound by the MEDI3622 Fab	ELECTRON MICROSCOPY	3.12	2025-08-25	2026-04-01	77f7fcb250e18d9f1717fd126dfb623b1b9c7cd5349b1fea4972e03fea83c15e	08c2d79133cce4ed06fa5eaea9d42492f94771d4db797b856269fd1c3859f0dc	https://files.rcsb.org/download/9XY4.cif.gz	https://www.rcsb.org/fasta/entry/9XY4/download	2026-10-06T15:59:20+00:00	0
9DSH	processing_failed													0
9DSI	processed	1.0		Crystal structure of the cow antibody 99	X-RAY DIFFRACTION	2.80	2024-09-27	2026-04-08	047abfaa3221be94e36b25b7f7de592e9014d8d7d286d1fb14137c4b6c055ecd	34e8a509b9d76da68913427c06a806d3f022f05897a6afc0e1d0464351b9d30f	https://files.rcsb.org/download/9DSI.cif.gz	https://www.rcsb.org/fasta/entry/9DSI/download	2026-10-06T15:59:21+00:00	1
9DSG	processing_failed													0
9DSJ	processing_failed													0
9DSK	processing_failed													0
9DSL	processed	1.0		Structure of the SARS-CoV-2 S 6P trimer in complex with the cow antibody 99 Fab	ELECTRON MICROSCOPY	3.6	2024-09-27	2026-04-08	34a8e66fcd98ce00bae32c4aaa48ca10812f1bc5ea2c6c33dc4f3f62cec2164a	9646acfd8aa2275e5519ca1991879233200a6cafeb1ed3d2ae6408212c999f07	https://files.rcsb.org/download/9DSL.cif.gz	https://www.rcsb.org/fasta/entry/9DSL/download	2026-10-06T15:59:21+00:00	1
9Z2H	processed	2.0		Crystal structure of A10 Fab in complex with the EGFR peptide	X-RAY DIFFRACTION	2.45	2025-11-05	2026-04-08	05d72714993a25c6cb6675869e813a8bf26f92f9dc3a9516c7d39c061f033ba5	8fa33def52dca074217032ae2f74147b671ae391ef1f8e5150062005e0367781	https://files.rcsb.org/download/9Z2H.cif.gz	https://www.rcsb.org/fasta/entry/9Z2H/download	2026-10-06T15:59:21+00:00	2
9U35	processed	1.0		Helical Reconstruction of DENV2 THSTI/TRC/01 tubular particles bound with D14.F25.S02 fab	ELECTRON MICROSCOPY	17.37	2025-03-18	2026-04-08	68c5713ceb14083be48b0ecbbca8a613132ffb54de7bef555f92b7ea88f4ed3b	09c1f9bedcc65ff58ed9610dd68dd9b98a132b4312e994f7151f9a16ca194b91	https://files.rcsb.org/download/9U35.cif.gz	https://www.rcsb.org/fasta/entry/9U35/download	2026-10-06T15:59:21+00:00	1
9UCG	processed	2.0		A Fab structure with a covalent bond	X-RAY DIFFRACTION	2.65	2025-04-04	2026-04-08	206c0fb003350d3bb3e61ade30b311d83929c941c4ba43a60da4bcd01beaced6	dcfd72d302f801af31ea3f050f53c9834f9f86f649eb8c341423d649e7a89137	https://files.rcsb.org/download/9UCG.cif.gz	https://www.rcsb.org/fasta/entry/9UCG/download	2026-10-06T15:59:22+00:00	2
9UB1	processed	4.0		The structure of Myanmar_N2 and M6B12_Fab complex	ELECTRON MICROSCOPY	2.35	2025-04-02	2026-04-08	7199ab7b84188a89720d371e406356c86f058d1d1d84f35b944fc707533b20cb	a6c71c759da9763b38c120becce548b6fd60ec4b1089ed41fa21d191616d9c6d	https://files.rcsb.org/download/9UB1.cif.gz	https://www.rcsb.org/fasta/entry/9UB1/download	2026-10-06T15:59:22+00:00	4
9RYE	processed	1.0		Heterodimeric ABC exporter TmrAB (EQ mutant) in ATP-bound outward-facing occluded conformation in the absence of Mg2+	ELECTRON MICROSCOPY	3.02	2025-07-15	2026-04-08	7c4bf0cbb3397227748c5349398deb5c7fbb9156101efa2d2125dbfc98cb52bd	a15b0a8627c54f4c3ae390033fb8051295818fd29da795135eb7cf21bdbb1121	https://files.rcsb.org/download/9RYE.cif.gz	https://www.rcsb.org/fasta/entry/9RYE/download	2026-10-06T15:59:22+00:00	1
9RYF	processed	1.0		Heterodimeric ABC exporter TmrAB (wild type) in ATP-bound outward-facing occluded conformation in the absence of Mg2+	ELECTRON MICROSCOPY	3.02	2025-07-15	2026-04-08	6c54c0ff8d5f8352575c8ed2371eb966b26c432199a76a407b2fc0caa7f60739	a8460096b3d5d6ece9ea929c1a5d54fb15f0fdf0bf128df6a1ba7ed6ffe74e2f	https://files.rcsb.org/download/9RYF.cif.gz	https://www.rcsb.org/fasta/entry/9RYF/download	2026-10-06T15:59:22+00:00	1
9NZF	processed	1.0		Crystal structure of Fab MAM01 in complex with minor repeat region peptide from circumsporozoite protein	X-RAY DIFFRACTION	1.84	2025-03-31	2026-04-08	be2d3c6c375da2c4b1fc42bab03722e7a0b0f4ffcae5198fb282bb6554b10bac	8a62d8925ac8bf07cc0febe85b70fa387a13b1f54a9d50e3e6dc8ed9d550a386	https://files.rcsb.org/download/9NZF.cif.gz	https://www.rcsb.org/fasta/entry/9NZF/download	2026-10-06T15:59:22+00:00	1
9UAX	processed	4.0		The structure of Myanmar_N2 and AS4C_Fab complex	ELECTRON MICROSCOPY	2.71	2025-04-01	2026-04-08	77a0e59aa35b3eb59ca734b4eade15ec71fabbc60bf2e845a91ba0a2bf1ccf71	4ac41dd0f65c921d81407a0daa4bc775d0ff0ba2465096a211ad65f4114cb77b	https://files.rcsb.org/download/9UAX.cif.gz	https://www.rcsb.org/fasta/entry/9UAX/download	2026-10-06T15:59:23+00:00	4
11SZ	processed	2.0		Antibody (1B2) Bound Rifamycin Synthetase Module 2	ELECTRON MICROSCOPY	2.94	2026-03-11	2026-04-15	ecff4c1b6a6c4d1a51354598acbae87e8d23b9ff94a48b75e617fccf523e0839	510a3fe40714cfc79afd3857d181fd50d9fe68b2b7bdfba3a81beee6ab7831ba	https://files.rcsb.org/download/11SZ.cif.gz	https://www.rcsb.org/fasta/entry/11SZ/download	2026-10-06T15:59:22+00:00	2
9UDQ	processed	2.0		Crystal structure of MPXV A35R in complex with a neutralizing antibody MA42	X-RAY DIFFRACTION	2.82	2025-04-07	2026-04-15	fc6a86dd59801ae97328a675b58e502de1eeb1bd46005c49d8477387dc89cc52	228b0fba83678c309e0d9c63727e3139b5b735900c21a5895ddf5e432ef60de2	https://files.rcsb.org/download/9UDQ.cif.gz	https://www.rcsb.org/fasta/entry/9UDQ/download	2026-10-06T15:59:22+00:00	2
9Q71	processed	3.0		Structure of the Measles Virus Fusion Glycoprotein Ectodomain in Postfusion Conformation Bound to Neutralizing Antibody H8	ELECTRON MICROSCOPY	2.8	2025-08-22	2026-04-15	51e0d53863dae08c04256808cf781562c7ce62a366bace0d3f1c529d9beffa6f	b46ee5e2e267ca03373b0438091e446650de14fd4e5e7aa6ac773a8f02afd0bb	https://files.rcsb.org/download/9Q71.cif.gz	https://www.rcsb.org/fasta/entry/9Q71/download	2026-10-06T15:59:22+00:00	3
9Q5M	processed	1.0		Structure of the Measles virus Fusion glycoprotein ectodomain in complex with neutralizing antibody Y10F	ELECTRON MICROSCOPY	2.59	2025-08-20	2026-04-15	14f4333a1d609e7859b287f86d515e8b67f783ce28f95b0a3b5f1797a80d50c8	8864c6df8db4d07c213d7f9c8eec37f8377978b3cc16c24ec93165cb7c2100a5	https://files.rcsb.org/download/9Q5M.cif.gz	https://www.rcsb.org/fasta/entry/9Q5M/download	2026-10-06T15:59:23+00:00	1
9QQE	processed	1.0		Cryo-EM structure of the SN230G6 Fab - HLA-A*02:01 human alloantibody-HLA complex	ELECTRON MICROSCOPY	2.78	2025-03-31	2026-04-15	2b8c889997d8f37f46b4499fecf36d528faafb8df638481aaf6998d743251576	0e7bb3e59b77d94822f7113568f3cc01688ac2c188f5e7eadd0d51be2d17f35b	https://files.rcsb.org/download/9QQE.cif.gz	https://www.rcsb.org/fasta/entry/9QQE/download	2026-10-06T15:59:23+00:00	1
9Q7B	processed	3.0		Structure of the Measles Virus Fusion Glycoprotein Ectodomain in Prefusion Conformation Bound to Neutralizing Antibody H8	ELECTRON MICROSCOPY	2.42	2025-08-22	2026-04-15	7c6bc263dace55d7c21f637b3b902c2ef7126d4a4ae20880c2852500dc90b4ac	8be2298125dd23a5d075985ee468286a035c23f20726a39355a8bd73bbc60a1c	https://files.rcsb.org/download/9Q7B.cif.gz	https://www.rcsb.org/fasta/entry/9Q7B/download	2026-10-06T15:59:23+00:00	3
9QQF	processed	1.0		Cryo-EM structure of the WIM8E5 Fab - HLA-A*11:01 human alloantibody-HLA complex	ELECTRON MICROSCOPY	3.23	2025-03-31	2026-04-15	b250d2ccf5ebb69302a811ce4b4b0a8326a9e6dd2d3a130e229e9db3c26455dd	f94f6f83d6e6776ce990cafb7ae8feff4b641fa032cdd6f8de64394217102b64	https://files.rcsb.org/download/9QQF.cif.gz	https://www.rcsb.org/fasta/entry/9QQF/download	2026-10-06T15:59:23+00:00	1
9M5H	processed	2.0		D14.F25.S02 Fab complexed to DENV2-US/BID/V594/2006 virus (5f-3f map)	ELECTRON MICROSCOPY	4.09	2025-03-05	2026-04-22	6af510cfebe4bdeff89db6b5497d9d786e80e368d8f48ba40f0152d74c8d8a77	67496b583854e68678f075632741a9c70b328539bd4abc964cf4b0183a3a5704	https://files.rcsb.org/download/9M5H.cif.gz	https://www.rcsb.org/fasta/entry/9M5H/download	2026-10-06T15:59:23+00:00	2
9LDJ	processed	3.0		Cryo-EM structure of SARS-CoV-2 wide-type S trimer in the early fusion intermediate conformation (E-FIC) complexed with ACE2 and 76E1-Fab	ELECTRON MICROSCOPY	6.21	2025-01-06	2026-04-22	9f51b2dba8faf9058ae94a44805c9282f19451a9107c7f43e2dfb2d9658c28b3	b9ebbad8ec8060918d3d1d9d39bc8eb071cb3e61485dd52cc48693acae981941	https://files.rcsb.org/download/9LDJ.cif.gz	https://www.rcsb.org/fasta/entry/9LDJ/download	2026-10-06T15:59:23+00:00	3
9LD2	processed	3.0		Cryo-EM structure of SARS-CoV-2 wide-type S trimer in the early fusion intermediate conformation (E-FIC) complexed with ACE2 and 76E1-Fab (focused refinement of the S2-76E1)	ELECTRON MICROSCOPY	3.73	2025-01-05	2026-04-22	934fbfe1cc93e0ada205933c2231553e33fd5b4e3b5325ff7defdd31267b5cbc	88a5fe574ed4e54bd9b40131bddbfb89be9ec1ccf1294cac5fe1f57fc4588cce	https://files.rcsb.org/download/9LD2.cif.gz	https://www.rcsb.org/fasta/entry/9LD2/download	2026-10-06T15:59:24+00:00	3
9UE0	processed	1.0		Crystal structure of MPXV A35R in complex with a neutralizing antibody MA49	X-RAY DIFFRACTION	2.70	2025-04-07	2026-04-22	a59906a677958f7cc998656050896c73d640d0e96650108f568e0ec757e8d496	3c2269ceb29470be34707426a9633b1935fce8b4cdd350e9f3f4249d3ddd80f8	https://files.rcsb.org/download/9UE0.cif.gz	https://www.rcsb.org/fasta/entry/9UE0/download	2026-10-06T15:59:24+00:00	1
29ON	processed	2.0		Crystal structure of the staphylococcal efflux pump QacA in the inward open state in complex with nanobody 89	X-RAY DIFFRACTION	3.32	2026-03-26	2026-04-22	044a35790191ea0a2905fc53b0270ff29bcd5544dea658ac33213bb7a71b605c	666918537cb526c3d7bcb55e8bb41f3d18c478d166346590af02693a526deba3	https://files.rcsb.org/download/29ON.cif.gz	https://www.rcsb.org/fasta/entry/29ON/download	2026-10-06T15:59:23+00:00	2
9U38	processed	2.0		D14.F25.S02 Fab complexed to DENV2-US/BID/V594/2006 virus-3f-2f Fab map	ELECTRON MICROSCOPY	6.48	2025-03-18	2026-04-22	8bafe250965c195325708f1448b89bb2a2b72f018de7c81cdcc04b00c442293d	6fd7b6be770739f4b7888c35415d067a9219244cef6f6cbdf5a3a3a040042668	https://files.rcsb.org/download/9U38.cif.gz	https://www.rcsb.org/fasta/entry/9U38/download	2026-10-06T15:59:24+00:00	2
9U37	processed	3.0		D14.F25.S02 IgG complexed to DENV2-US/BID/V594/2006 virus	ELECTRON MICROSCOPY	7.65	2025-03-18	2026-04-22	042a4f545de1ebb8d20b25be8f8f4e37f3fc255e2b022b6e7f6f1b0f6dd09a25	3badb1f78708afa05af7e14d16ee6d085f17e62cee4406703cc9aa9ee134d9fd	https://files.rcsb.org/download/9U37.cif.gz	https://www.rcsb.org/fasta/entry/9U37/download	2026-10-06T15:59:24+00:00	3
9UE8	processed	6.0		Crystal structure of MPXV A35R in complex with a neutralizing antibody BA345	X-RAY DIFFRACTION	3.20	2025-04-08	2026-04-22	8c80375428fc1d54a7d7048b01ed0abd0f6b34d0f8edb2c8ea3c858c5c20cdb8	d6e82519995f9f5af18b81c113f8515c20b6addb96dce41f3c37bf24efc9fe0e	https://files.rcsb.org/download/9UE8.cif.gz	https://www.rcsb.org/fasta/entry/9UE8/download	2026-10-06T15:59:24+00:00	6
9VLS	processed	3.0		Cryo-EM structure of SARS-CoV-2 XBB.1.5 S trimer in the early fusion intermediate conformation (E-FIC) complexed with ACE2 and 76E1-Fab (focused refinement of the S2-76E1)	ELECTRON MICROSCOPY	4.14	2025-06-26	2026-04-22	532c7b14c025783b9f9166d836bb9799fcddf3e34b6a5603e1fcdf73512c6d0a	622743313447e28bded7b6cdbbc3baa4a062da3954e215748c6a2f70b2f50c01	https://files.rcsb.org/download/9VLS.cif.gz	https://www.rcsb.org/fasta/entry/9VLS/download	2026-10-06T15:59:24+00:00	3
9ZDU	processed	1.0		Crystal structure of SARS-CoV-2 RBD in complex with human Ab401 Fab	X-RAY DIFFRACTION	2.60	2025-11-26	2026-04-22	9124373b1d7cbabbb064d3ee5c2429f7d940da954950df8696c9122e36a5da90	834276c97eadc2283a6af927ca440ca403d75fa4e584b30c34cd966e3b0a53d2	https://files.rcsb.org/download/9ZDU.cif.gz	https://www.rcsb.org/fasta/entry/9ZDU/download	2026-10-06T15:59:24+00:00	1
9N05	processed	1.0		Cryo-EM structure of GLP-1R-Gs complex with SRB103Q	ELECTRON MICROSCOPY	2.20	2025-01-23	2026-04-22	f9b01218b2439c5664326e2c7ed9be19804d980df91af4ff28471d58d92cd617	ec3b37d39ae0f5b24c0c4752b794ebe85264bf6a82e61712a3f4f1a3a601f42d	https://files.rcsb.org/download/9N05.cif.gz	https://www.rcsb.org/fasta/entry/9N05/download	2026-10-06T15:59:24+00:00	1
9N1P	processed	1.0		cryo-EM structure of GLP-1R-Gs complex with SRB103H	ELECTRON MICROSCOPY	2.9	2025-01-26	2026-04-22	40808d517b4f9c59c48badf517ea49532f47d0d5946d7dc338000e420eddbbed	44562605553f952a89f5eb2c36b6fd4929431257b1d922a984488657d6e85ec5	https://files.rcsb.org/download/9N1P.cif.gz	https://www.rcsb.org/fasta/entry/9N1P/download	2026-10-06T15:59:24+00:00	1
9WPH	processed	1.0		Complex of FMDV O/18074 and porcine-derived neutralizing monoclonal antibody pO18-10	ELECTRON MICROSCOPY	2.27	2025-09-09	2026-04-22	2fc03897e220c3244fba9dfc787ba094407042f54e52c3c4c24f4b6efa6e5d32	3b19ccf912a787d9067cdf5931ad83c511d51738f2a7d3b4d09354f44b5bebbf	https://files.rcsb.org/download/9WPH.cif.gz	https://www.rcsb.org/fasta/entry/9WPH/download	2026-10-06T15:59:24+00:00	1
9VLT	processed	3.0		Cryo-EM structure of SARS-CoV-2 XBB.1.5 S trimer in the early fusion intermediate conformation (E-FIC) complexed with ACE2 and 76E1-Fab	ELECTRON MICROSCOPY	5.65	2025-06-26	2026-04-22	203af7728e6ca93a229a7525f5295d7cf6fe8b4479f489e2b84e6dcc43faf282	b77a4dcbbabaae1fe65001572eb23996bf840a7ee47fd6965a8bc2cdbee930a4	https://files.rcsb.org/download/9VLT.cif.gz	https://www.rcsb.org/fasta/entry/9VLT/download	2026-10-06T15:59:26+00:00	3
9RIO	processed	1.0		EV-A71 (genotype B5) in complex with 17-2-2B Fab	ELECTRON MICROSCOPY	3.40	2025-06-11	2026-04-29	39a63645e71d3e74872572458cbafd3944f04ee863fe00841c1dbc641902a6fb	5c90f9b5ffcbea132c500ed94ed09c7fadd13101d646924b0693b7ace254467b	https://files.rcsb.org/download/9RIO.cif.gz	https://www.rcsb.org/fasta/entry/9RIO/download	2026-10-06T15:59:25+00:00	1
9RIR	processed	1.0		EV-A71 (genotype C4) in complex with 16-3-10B Fab	ELECTRON MICROSCOPY	3.30	2025-06-11	2026-04-29	2c177b0c4ce72b04105f4242e7d1f8a4b21b04223f12d9e353aa812f3a9f94a1	1064ef1bbd9d7aae0a02639d7da20830d6bb56c46115173eab5b773016ef0a67	https://files.rcsb.org/download/9RIR.cif.gz	https://www.rcsb.org/fasta/entry/9RIR/download	2026-10-06T15:59:25+00:00	1
9RIQ	processed	1.0		EV-A71 (genotype C4) in complex with 16-2-11B Fab	ELECTRON MICROSCOPY	3.30	2025-06-11	2026-04-29	6b97437db06b1a3f73b4fd77cab795e8013f95347f3ca2cd9a0335ab061ff42e	459f56f0a72eb03cf35eef0a3e6fcb615e7b1c4a5c042e5c328a83448db6289c	https://files.rcsb.org/download/9RIQ.cif.gz	https://www.rcsb.org/fasta/entry/9RIQ/download	2026-10-06T15:59:25+00:00	1
9RIP	processed	1.0		EV-A71 (genotype B5) in complex with 17-2-12A Fab	ELECTRON MICROSCOPY	3.10	2025-06-11	2026-04-29	97928a49a19fd5774b154d76c7607469eea28ff867e129ec117127c77e133e24	0a3d53d66b16f6644a1d308bbc282a67240aac08957af907c33a6a7798dbd8fa	https://files.rcsb.org/download/9RIP.cif.gz	https://www.rcsb.org/fasta/entry/9RIP/download	2026-10-06T15:59:25+00:00	1
9RIN	processed	1.0		EV-A71 (genotype B5) in complex with 17-1-12A Fab	ELECTRON MICROSCOPY	4.10	2025-06-11	2026-04-29	5c12bd9967e2a2ca8e631aaa37fe34f10ea012adc4ce087aa5df6d2da53f51aa	c0c422df9bcaa8624e4bec6a72df9dd3cfb8edc3f022f71311bbee3a01bc0f48	https://files.rcsb.org/download/9RIN.cif.gz	https://www.rcsb.org/fasta/entry/9RIN/download	2026-10-06T15:59:26+00:00	1
9RIM	processed	1.0		EV-A71 (genotype B5) in complex with 16-3-4D Fab	ELECTRON MICROSCOPY	3.00	2025-06-11	2026-04-29	ec349b1b1dbf7a99f912694a77cad45d67a1a16b9d41146c87e40fbf5e35b297	56ffeff676fba087360163ecdc4395e8cfd87b31b9dad57bcef05c94ca140f83	https://files.rcsb.org/download/9RIM.cif.gz	https://www.rcsb.org/fasta/entry/9RIM/download	2026-10-06T15:59:25+00:00	1
9RIK	processed	1.0		EV-A71 (genotype B5) in complex with 16-2-2D Fab	ELECTRON MICROSCOPY	3.40	2025-06-11	2026-04-29	74dfa1a1aa6dc0a91e760ae4f5cb14dd8cb4aded3bc45d851d674c3c2e614f32	470f7759f143cec4bd211c3862fa815ce906f302db6d1f5b1d429221e9f5864b	https://files.rcsb.org/download/9RIK.cif.gz	https://www.rcsb.org/fasta/entry/9RIK/download	2026-10-06T15:59:25+00:00	1
9RII	processed	1.0		EV-A71 (genotype B2) in complex with 34-1-6D Fab	ELECTRON MICROSCOPY	3.00	2025-06-11	2026-04-29	9067ed8a0a15b20ef9c1844e1f06414cd2e6cc2f5619d340f620d546ea18ec7e	2c9304ea2e0936b478d13f5fa6170e55cff77bebab12e936219a5090102033b3	https://files.rcsb.org/download/9RII.cif.gz	https://www.rcsb.org/fasta/entry/9RII/download	2026-10-06T15:59:26+00:00	1
9RIL	processed	1.0		EV-A71 (genotype B5) in complex with 16-3-3C Fab	ELECTRON MICROSCOPY	3.60	2025-06-11	2026-04-29	88d8b2ef1166c9f74cd52d1411851acbe71c22f496d7c8eceea0b7d14a0be9ad	24429bc555ac6af511ff38335eedee9fe1f677dacb1974f347f5bbd04bb383f9	https://files.rcsb.org/download/9RIL.cif.gz	https://www.rcsb.org/fasta/entry/9RIL/download	2026-10-06T15:59:26+00:00	1
9UO0	processed	1.0		Crystal structure of nanobody Tnb165 with MERS-CoV RBD	X-RAY DIFFRACTION	2.5	2025-04-24	2026-04-29	4da9b2721f3fed3d2c9fad151f8f7babe33905ddddabe1e6f7d5f8d8f4d87acc	f0821a614216b50d93204d62e353f7baf64716597e3924ddffa9f4f4c69939bf	https://files.rcsb.org/download/9UO0.cif.gz	https://www.rcsb.org/fasta/entry/9UO0/download	2026-10-06T15:59:26+00:00	1
9T6Z	processed	1.0		EV-A71 (genotype B5) empty particle in complex with 16-3-3C Fab	ELECTRON MICROSCOPY	4.8	2025-11-08	2026-04-29	7cf803ca3dc3edacbb9ac9e9abd176a68bc48bbe1d4c34beb5bd6fcb64244c95	8b89e52be145b5033a10356d6f0043babb053d325f24aeda3f684f7268e37d26	https://files.rcsb.org/download/9T6Z.cif.gz	https://www.rcsb.org/fasta/entry/9T6Z/download	2026-10-06T15:59:26+00:00	1
9RIJ	processed	1.0		EV-A71 (genotype B5) in complex with 16-2-8C Fab	ELECTRON MICROSCOPY	3.80	2025-06-11	2026-04-29	63250e40b3b442e6ae22534eb3e8d200dcbff3ceb47410daf05905069b7781d4	a95cd25456cf63445922bf71392ae33d4ee3a885ef83ad974e7c87fd6c18b678	https://files.rcsb.org/download/9RIJ.cif.gz	https://www.rcsb.org/fasta/entry/9RIJ/download	2026-10-06T15:59:27+00:00	1
9RIH	processed	1.0		EV-A71 (genotype B2) in complex with 16-2-12D Fab	ELECTRON MICROSCOPY	3.10	2025-06-11	2026-04-29	edc8240038110d4409a7b75621107bf203bc4f7849858b91ae0e5d738f276e1d	4784a7a4c61c0ea582cc0df7e9399b3cc952e07c95b35f60e4d17e060184d039	https://files.rcsb.org/download/9RIH.cif.gz	https://www.rcsb.org/fasta/entry/9RIH/download	2026-10-06T15:59:26+00:00	1
9RIG	processed	1.0		EV-A71 (genotype B2) in complex with 16-2-9D Fab	ELECTRON MICROSCOPY	3.70	2025-06-11	2026-04-29	fc4b6918f22a05d4f0494d99ab9cc340e34d53267ccae55650565c256e97a825	31cc025a126af84af7ad365f52e6ad877b586f429cc864fcbf8f9bb8945e6e1b	https://files.rcsb.org/download/9RIG.cif.gz	https://www.rcsb.org/fasta/entry/9RIG/download	2026-10-06T15:59:27+00:00	1
9U34	processed	2.0		Helical Reconstruction of DENV2 US/BID-V594/2006 tubular particles bound with D14.F25.S02 fab	ELECTRON MICROSCOPY	14.7	2025-03-18	2026-04-29	9920a93b45bf7035c5053222b5036eda6473beb643ce374dc44aeed217e2272c	049dce61437cc4422f5198f7100f32136776c99aa23ade26c1cd40007fdcb7fb	https://files.rcsb.org/download/9U34.cif.gz	https://www.rcsb.org/fasta/entry/9U34/download	2026-10-06T15:59:28+00:00	2
9U36	processed	3.0		Cryo-EM structure of Dengue virus serotype2 THSTI/TRC/01 strain bound with D14.F25.SO2 fab	ELECTRON MICROSCOPY	19.08	2025-03-18	2026-04-29	8ce429eaacbdc1056e523bfca176a3d9a9434a9b32253a82345391944bd6a89d	62a6bf44635c8a50737795d05bc81a57a32112857c7939a0f29df58c81cd483f	https://files.rcsb.org/download/9U36.cif.gz	https://www.rcsb.org/fasta/entry/9U36/download	2026-10-06T15:59:27+00:00	3
9XF9	processed	1.0		Crystal structure of Kasokero virus cap- snatching endonuclease in complex with WXS	X-RAY DIFFRACTION	1.85	2025-10-28	2026-05-06	bc631866935f033bb0d7e381d55d0ec3462151550dc6935150e8eec4c919913b	735836655d16e7a6ada544a1db8729ecfaf81bafbce9d269751ae95656392b84	https://files.rcsb.org/download/9XF9.cif.gz	https://www.rcsb.org/fasta/entry/9XF9/download	2026-10-06T15:59:27+00:00	1
9Y41	processed	2.0		Crystal structure of hemagglutinin head domain from H1N1 Influenza A virus A/Victoria/2570/2019 bound to the 49_C09 antibody	X-RAY DIFFRACTION	2.89	2025-09-02	2026-05-06	87942359eaf9b63cc6f997eb9827fd07ae1f71c97a09a425388f93f78379c9be	787c863d99cbb3c69e94d42753d4eecfb937f43e18c7a12d70fa57e5482bf4a4	https://files.rcsb.org/download/9Y41.cif.gz	https://www.rcsb.org/fasta/entry/9Y41/download	2026-10-06T15:59:27+00:00	2
9Y40	processed	1.0		Crystal structure of hemagglutinin head domain from H3N2 Influenza A virus A/New York/631/1996 bound to the 49_C09 antibody	X-RAY DIFFRACTION	3.71	2025-09-02	2026-05-06	4c624faf87c8e0a36f16750fb8f91fd9a24361ed27aa003146a1baa9ba30b137	6130e2a7b5e171ab0313aecb096fdb92a38d4b845a1cc4f23354a5dd957cb929	https://files.rcsb.org/download/9Y40.cif.gz	https://www.rcsb.org/fasta/entry/9Y40/download	2026-10-06T15:59:27+00:00	1
9Y3Z	processed	1.0		Crystal structure of hemagglutinin head domain from H3N2 Influenza A virus A/New York/631/1996 bound to the 3_H2 antibody	X-RAY DIFFRACTION	2.15	2025-09-02	2026-05-06	355f03f341c9564f93bda2cbe5142fb882ef4c43e0ddd9a6877dbd9c14efc27b	0b3e60c9f3693604d0990a96f6653571b1b296745273c1e70166b1fd2123444f	https://files.rcsb.org/download/9Y3Z.cif.gz	https://www.rcsb.org/fasta/entry/9Y3Z/download	2026-10-06T15:59:27+00:00	1
9Y3Y	processed	2.0		Crystal structure of hemagglutinin from H1N1 Influenza A virus A/California/04/2009 bound to the 49_C09 antibody	X-RAY DIFFRACTION	3.80	2025-09-02	2026-05-06	7f26eb20f27ba73050c4b3a11e340f9661a5fceb2b01348ead6210c9b03dfb5b	15030cc82af3ffa6f3d9721d9f2cedcd52be02d370f3670f97117d091453d2fc	https://files.rcsb.org/download/9Y3Y.cif.gz	https://www.rcsb.org/fasta/entry/9Y3Y/download	2026-10-06T15:59:28+00:00	2
9UTF	processed	1.0		Crystal Structure of SARS-CoV-2 S receptor-binding domain (RBD) in complex XG83 Fab	X-RAY DIFFRACTION	2.95	2025-05-03	2026-05-06	097a5449ece12dc43747820924c5d4233bc6983626c956780ae2632c35be0eca	4e99def8b46c35c237ae2d33cb14f2f6c66b85567a79f5768f3830e99fba59c0	https://files.rcsb.org/download/9UTF.cif.gz	https://www.rcsb.org/fasta/entry/9UTF/download	2026-10-06T15:59:28+00:00	1
9Y3X	processed	1.0		Crystal structure of hemagglutinin from H1N1 Influenza A virus A/California/04/2009 bound to the 3_H2 antibody	X-RAY DIFFRACTION	3.39	2025-09-02	2026-05-06	dae987d02703240d24a4e216517b2305c0d5c6d11e3d5e25f2e130129bcd5228	0d5a3797ac5c30bbff094b2518d290c7d1264bd915457ef498a87c70752c1658	https://files.rcsb.org/download/9Y3X.cif.gz	https://www.rcsb.org/fasta/entry/9Y3X/download	2026-10-06T15:59:28+00:00	1
9URM	processed	1.0		HRV14 3C in complex with single chain antibody YDF and cloverleafRNA-conformation1 splitRNA	ELECTRON MICROSCOPY	4.24	2025-04-30	2026-05-06	f11790dce37d9303ced022e6abc19cf11ae3c555d02fde03ba709272a24a13d6	4f691bed725df8b52bbf3236eace91401983a063416ed8e39f5c4ec7913e4660	https://files.rcsb.org/download/9URM.cif.gz	https://www.rcsb.org/fasta/entry/9URM/download	2026-10-06T15:59:28+00:00	1
9O7I	processed	1.0		CHIP E3 ligase CC domain dimer-Fab 2D2 epitope focused refinement	ELECTRON MICROSCOPY	3.4	2025-04-15	2026-05-13	a5177bbd82574b82cb16753b151cb02a420b8f20d56de730a9e6ad06fc009384	a295ed90b423be45f3cf989bedda637f6f1ad77e965b53e940847a774f1bd852	https://files.rcsb.org/download/9O7I.cif.gz	https://www.rcsb.org/fasta/entry/9O7I/download	2026-10-06T15:59:28+00:00	1
9PYY	processed	1.0		Crystal structure of HIV Apex Fab Q10M_055	X-RAY DIFFRACTION	1.63	2025-08-08	2026-05-13	e91edc172906007646b7ddee542b927cb05d234e39d61fc395f7ecf4f26c969f	e28fcc9af29d2ee144f9e1f7b2620572c7d70f927116dc5b1b80e8d825e83beb	https://files.rcsb.org/download/9PYY.cif.gz	https://www.rcsb.org/fasta/entry/9PYY/download	2026-10-06T15:59:29+00:00	1
9PZ2	processed	1.0		Crystal structure of HIV Apex neutralizing Fab Q12QBM-007	X-RAY DIFFRACTION	1.544	2025-08-08	2026-05-13	3e85173667ff8075543916c4dacb86c26b7a493776b464fb36db1587142e36c8	5c62bf307c3a7059e9ebae23cce816f919ced8d990d7fd239cb919fdfbbecf88	https://files.rcsb.org/download/9PZ2.cif.gz	https://www.rcsb.org/fasta/entry/9PZ2/download	2026-10-06T15:59:28+00:00	1
9PZ3	processed	1.0		Crystal structure of HIV Apex targeting neutralizing antibody Q12BBM-069	X-RAY DIFFRACTION	1.79	2025-08-08	2026-05-13	9ff5f70049916d511ffc4aaba91f2d4aa7ae6c56f7ed85ed88df71e41dd6315d	3cbd76b78d76454406cf585cd033d9925f76a8409b050b39b455efaa75b5e572	https://files.rcsb.org/download/9PZ3.cif.gz	https://www.rcsb.org/fasta/entry/9PZ3/download	2026-10-06T15:59:28+00:00	1
9PYN	processed	1.0		Crystal structure of HIV Apex fab Q9M-023	X-RAY DIFFRACTION	2.34	2025-08-07	2026-05-13	8bc86e74f15e67fcc1b900f2f9c1c91429c50a1a7f4ad9dafb7edab74133af6f	ff72c822b0549450499c51951d6a45faaab3b083f9f8455477360fb7324907d9	https://files.rcsb.org/download/9PYN.cif.gz	https://www.rcsb.org/fasta/entry/9PYN/download	2026-10-06T15:59:29+00:00	1
9T46	processed	1.0		Crystal structure of the Fab 40G5c in complex with a CD3 epsilon peptide	X-RAY DIFFRACTION	1.65	2025-10-30	2026-05-13	1c61b42e28b690f7bb6c6de2ed73ee42839e23f919a1db3c8bac5cbd619d7e66	156b261e5c7ee80b3fe53b0aa123d909c3688cc0f527ad50666425f9a92bcd8c	https://files.rcsb.org/download/9T46.cif.gz	https://www.rcsb.org/fasta/entry/9T46/download	2026-10-06T15:59:29+00:00	1
9YHT	processed	3.0		AM12-347 Fab in complex with HIV-1 Env 5MUT-3fill SOSIP	ELECTRON MICROSCOPY	4.30	2025-09-30	2026-05-27	72b7fccdee1abda4909ea0c134d46345f8866a67f86bea7ecef97abdfa703ffe	be939bb1952d97b8efbfa628756c49f5d537f0f664146c2d53e485fe4fff401d	https://files.rcsb.org/download/9YHT.cif.gz	https://www.rcsb.org/fasta/entry/9YHT/download	2026-10-06T15:59:29+00:00	3
9V32	processed	1.0		Human claudin 18.2 in complex with the Fab fragment of Zolbetuximab	ELECTRON MICROSCOPY	4.1	2025-05-21	2026-05-27	53399208e6cac1139e35f5516ac6ace84eae93474d58c9583c6566823a2ba22a	7cedc983e2539356522d177df60012012c65a41a94c0a15061746432d72b3a17	https://files.rcsb.org/download/9V32.cif.gz	https://www.rcsb.org/fasta/entry/9V32/download	2026-10-06T15:59:29+00:00	1
9OQD	processed	3.0		Chlamydia muridarum major outer membrane protein bound to Mus musculus MAB-18B Fab	ELECTRON MICROSCOPY	3.36	2025-05-20	2026-05-27	6e9ec4a70b3fdcb94fb4dae910eb4fab7df603bfd76b494738e7c8d3031ef38b	0bef2b958f674f26bdb89a8a655256b9c177888c920b2487cbf3d2713de917a9	https://files.rcsb.org/download/9OQD.cif.gz	https://www.rcsb.org/fasta/entry/9OQD/download	2026-10-06T15:59:29+00:00	3
9ZFZ	processed	4.0		7118 Fab in complex with Plasmodium falciparum rsCSP	ELECTRON MICROSCOPY	3.30	2025-12-02	2026-05-27	02fa14459e3ee05ef9d0512f3ee2daacbad2618092709acb5d969d6d15f74e84	21f79b888c7e0641a6e13d65d14b89d7b770c0ee6f0616d4ea0798c86daefcaf	https://files.rcsb.org/download/9ZFZ.cif.gz	https://www.rcsb.org/fasta/entry/9ZFZ/download	2026-10-06T15:59:29+00:00	4
9TPP	processed	1.0		Antibody-antigen complex	X-RAY DIFFRACTION	1.80	2025-12-18	2026-05-27	562b1d0a5aafd45d480d9bd7c9a24d1b25559d9c9a3a1916d095394261af389a	7cec928df6edc35572702a4b80fa55fff4b9f1a22f51e547f62ddb56f177a91b	https://files.rcsb.org/download/9TPP.cif.gz	https://www.rcsb.org/fasta/entry/9TPP/download	2026-10-06T15:59:29+00:00	1
9LFD	processed	1.0		Cryo-EM structure of human bradykinin receptor B2R bound to antagonist Win64338	ELECTRON MICROSCOPY	3.6	2025-01-08	2026-05-27	b18732eeb2576bc82c7de2afbe30f906aa2c11aa169b22fec9b751f90f26accc	9934ed80f3fa82d1baec26349027c6cd20151fa4681b22a13d017e1177f7a8f6	https://files.rcsb.org/download/9LFD.cif.gz	https://www.rcsb.org/fasta/entry/9LFD/download	2026-10-06T15:59:29+00:00	1
9UUF	processed	2.0		Crystal structure of nanobody Tnb438 with MERS-CoV RBD	X-RAY DIFFRACTION	4.37	2025-05-06	2026-05-27	bfbed234c7a08cb32dbf1383386696dbc9f5592ee5b294057e2d28177a936fee	a343d585590fa9b7fd7c144060ac754821f36a5598097033f7fd43be33d232c4	https://files.rcsb.org/download/9UUF.cif.gz	https://www.rcsb.org/fasta/entry/9UUF/download	2026-10-06T15:59:30+00:00	2
9V31	processed	2.0		Human claudin 18.2 (dimer form) in complex with the Fab fragment of Osemitamab (TST001)	ELECTRON MICROSCOPY	4.4	2025-05-21	2026-05-27	121e377f0793cb5d0f3db5f4ef38415f8db64f2d1a99132c171be236aa293f95	7f81a96b56b537c156f4b1699d6f1d90ced8ef8f894255fe0dfa4183075f8927	https://files.rcsb.org/download/9V31.cif.gz	https://www.rcsb.org/fasta/entry/9V31/download	2026-10-06T15:59:30+00:00	2
9LFA	processed	1.0		Cryo-EM structure of human bradykinin receptor B1R bound to antagonist ELN441958	ELECTRON MICROSCOPY	3.5	2025-01-08	2026-05-27	2b265509e284c02c5ba672d1638a4f6d572d12c6cc54a94acdfaeb77b77e7309	f6f78bc7b85dad8453c9196afe066c2c4a61b0ba40e2d2a587bc7161e05e7c9f	https://files.rcsb.org/download/9LFA.cif.gz	https://www.rcsb.org/fasta/entry/9LFA/download	2026-10-06T15:59:30+00:00	1
9V2U	processed	1.0		Human claudin 18.2 in complex with the Fab fragment of Osemitamab (TST001)	ELECTRON MICROSCOPY	3.8	2025-05-20	2026-05-27	0e1147ad9dd0a7a35d6656fbe686185c1331908d25e0a0528dc54fdad1d337ec	7966bb58d8d1ab4a97fc3d18d4d63cd0d484c8db887aad7792eb4df34a83817e	https://files.rcsb.org/download/9V2U.cif.gz	https://www.rcsb.org/fasta/entry/9V2U/download	2026-10-06T15:59:30+00:00	1
9ZVL	processed	3.0		CryoEM structure of H5N1 A/Texas/37/2024 HA bound to Fab H83	ELECTRON MICROSCOPY	3.48	2025-12-30	2026-05-27	17868094d5e19e303fe43c69e19ac091dd2f63713beec03d6685c125452ca24f	27066e0d47e96eb04f24aeeaac0c949eaf9cdb0366c505d6d781a8e41ec80390	https://files.rcsb.org/download/9ZVL.cif.gz	https://www.rcsb.org/fasta/entry/9ZVL/download	2026-10-06T15:59:30+00:00	3
35UH	processed	6.0		Crystal structure of TFPI K2 domain in complex with TFPI-23 Fab fragment	X-RAY DIFFRACTION	3.11	2026-05-18	2026-05-27	c2ab44c7b46069c05dff70f3e5111f06179ca0942a3962331b7331728bee3188	7ffb42a18860f65f995070cddf573616f762d182622ccacf11c5676d0ef4c24c	https://files.rcsb.org/download/35UH.cif.gz	https://www.rcsb.org/fasta/entry/35UH/download	2026-10-06T15:59:30+00:00	6
35UJ	processed	1.0		Crystal structure of TFPI K2 domain in complex with 4D8 Fab fragment	X-RAY DIFFRACTION	2.9	2026-05-18	2026-05-27	9805d5b5b515a998afbef558d12d6c77a0bafe017eaaa863e744064e6152fbd9	63e134684be2427853ebed401828919bfc03a3e99236b359dc2fcac6e18953cf	https://files.rcsb.org/download/35UJ.cif.gz	https://www.rcsb.org/fasta/entry/35UJ/download	2026-10-06T15:59:30+00:00	1
11LT	processed	1.0		Cryo-EM structure of EV-D68 B3 VLP bound by neutralizing antibody 1E11	ELECTRON MICROSCOPY	2.63	2026-03-03	2026-05-27	929325b9f43f5b70c9d87ac5fcd0a93ffa26bbc19546bb6326fb0974b8d08407	e4421d041b4581b713d6ad307e0aba2f26dbd236b336fe7efcdacf4962f0ad7b	https://files.rcsb.org/download/11LT.cif.gz	https://www.rcsb.org/fasta/entry/11LT/download	2026-10-06T15:59:30+00:00	1
35UI	processed	1.0		Crystal structure of TFPI K2 domain in complex with TFPI-24 Fab fragment	X-RAY DIFFRACTION	1.75	2026-05-18	2026-05-27	98bfaf3004d4dfc605706c995e76eff16d70247040663d4fdc172269c21081f8	de25a21b4a723ac304aca8713034e30eaa6353c3495f6908f89c7bf6fa7c3d92	https://files.rcsb.org/download/35UI.cif.gz	https://www.rcsb.org/fasta/entry/35UI/download	2026-10-06T15:59:30+00:00	1
9ZV0	processed	3.0		CryoEM structure of H5N1 A/Texas/37/2024 HA bound to Fab H70	ELECTRON MICROSCOPY	3.24	2025-12-29	2026-05-27	69f3096cd9c0a74b4ecbd9b8ac07047e7d07bebbcf236ec68d52984a77876d0c	71538cc73f50de3e58b6debaaee46ea34cd9fcf90f41f3746be1e5eee66ffeea	https://files.rcsb.org/download/9ZV0.cif.gz	https://www.rcsb.org/fasta/entry/9ZV0/download	2026-10-06T15:59:30+00:00	3
9ZV1	processed	3.0		CryoEM structure of H5N1 A/Texas/37/2024 HA bound to Fab H51	ELECTRON MICROSCOPY	2.70	2025-12-29	2026-05-27	5b5caa89ffaf0017ea1364acf23abb048169c62981bfc104f9b5fa234553542e	e12c7d51039129303201f5a2df3d1d3e1b189ca439bd2d85307ca7d82389a090	https://files.rcsb.org/download/9ZV1.cif.gz	https://www.rcsb.org/fasta/entry/9ZV1/download	2026-10-06T15:59:30+00:00	3
9V11	processed	1.0		The Fab fragment of Osemitamab (TST001), a therapeutic antibody targeting claudin 18.2	X-RAY DIFFRACTION	1.728	2025-05-19	2026-05-27	dcdd405515bd25d03d1a92f973f94d3bbd98e9a291dd9da1f769e2a929981afb	16b6f2a8b7ac4b1ec6675a4085db721b105812e12b8f37afcd1c9fd6f2d922ef	https://files.rcsb.org/download/9V11.cif.gz	https://www.rcsb.org/fasta/entry/9V11/download	2026-10-06T15:59:30+00:00	1
9V0O	processed	4.0		Crystal structure of nanobody Tnb494 with MERS-CoV RBD	X-RAY DIFFRACTION	2.70	2025-05-18	2026-05-27	b03d5ab9c500737192c3a25bf37a98b7b38c88078d156d749e15eb11ce14bd9f	624d9ae9fdc41fc2b5b23206fd7963fb10e3119c46c94165d8ff9bd490819666	https://files.rcsb.org/download/9V0O.cif.gz	https://www.rcsb.org/fasta/entry/9V0O/download	2026-10-06T15:59:30+00:00	4
11OV	processed	1.0		Cryo-EM structure of EV-D68 B3 VLP bound by neutralizing antibody 5H03	ELECTRON MICROSCOPY	2.83	2026-03-06	2026-05-27	521a1528c541b344cb6e94bc169f8a206c726063b09c7e22badf0e9ede461f79	6dd4d12b854538d8d8dc600a7b4c1124176a08c366d11ff68461c5cf7bec5dca	https://files.rcsb.org/download/11OV.cif.gz	https://www.rcsb.org/fasta/entry/11OV/download	2026-10-06T15:59:31+00:00	1
9LFC	processed	1.0		Cryo-EM structure of human bradykinin receptor B1R bound to antagonist R715	ELECTRON MICROSCOPY	3.6	2025-01-08	2026-05-27	0927ce70e1dfbd77fbda13278fc8fbf03b0795583da6be67d6e167c9cb4d969b	443c8d8976fe2a15995974d3bc31beaf65a154ea56e6978d46388945e87e328f	https://files.rcsb.org/download/9LFC.cif.gz	https://www.rcsb.org/fasta/entry/9LFC/download	2026-10-06T15:59:31+00:00	1
9ZMC	processed	1.0		Crystal structure of Fab 7118 in complex with major repeat region (NANP6) from circumsporozoite protein	X-RAY DIFFRACTION	2.00	2025-12-09	2026-05-27	bdcf3c82bbe990488d795c1471e2357146b9251f0dc18bc27bd789eb91619152	12dc7206e08613b5ff11df9df7624f0fb800699ea716def458e2a11975c80a76	https://files.rcsb.org/download/9ZMC.cif.gz	https://www.rcsb.org/fasta/entry/9ZMC/download	2026-10-06T15:59:31+00:00	1
9ZV9	processed	3.0		CryoEM structure of H5N1 A/Texas/37/2024 HA bound to Fab H77	ELECTRON MICROSCOPY	2.79	2025-12-30	2026-05-27	2a29dbc3bf34ea56cd35a2ceb20ec63854228ae7c75c241ff1adb6c8e310243b	330575fef586e34ee42d3696e1f6e9d36b9ea0f39521db33c695978f5ba52033	https://files.rcsb.org/download/9ZV9.cif.gz	https://www.rcsb.org/fasta/entry/9ZV9/download	2026-10-06T15:59:31+00:00	3
9QSH	processed	1.0		Cryo-EM structure of the MMM ubiquitin ligase complex with nanobody 992 (Composite map)	ELECTRON MICROSCOPY	3.5	2025-04-04	2026-05-27	666aac538ebc369a9908449c4bafa7726c8f7c57aab419a8b1a183c81e27a950	5c9b433dfdff14bf0e5c2f024789b57bd3db536bf424a4a594ff76655782f5a4	https://files.rcsb.org/download/9QSH.cif.gz	https://www.rcsb.org/fasta/entry/9QSH/download	2026-10-06T15:59:31+00:00	1
9YAX	processed	1.0		Localized reconstruction of the asymmetric unit of the low pH treated back neutralized SINV/EEEV in complex with Fab fragment of the antibody EEEV-179	ELECTRON MICROSCOPY	4.20	2025-09-16	2026-05-27	6bd33865e895972d36a2c1bae2cb2831d345b15ede0c75a9acba59d1222c6fad	72f7b31bcf08963dd40df2d0c5b40a35169a685cd267ae3ad7532466174d6932	https://files.rcsb.org/download/9YAX.cif.gz	https://www.rcsb.org/fasta/entry/9YAX/download	2026-10-06T15:59:31+00:00	1
9YAZ	processed	1.0		Localized reconstruction of the asymmetric unit of SINV/EEEV in complex with Fab EEEV-179 at 40C sample.	ELECTRON MICROSCOPY	3.8	2025-09-16	2026-05-27	bc2125cc9f0385f0f9aacfc5cdeaf9e4d75f30f06eb10e425574613f452f0b30	505eda19395cfe8570e90636cfad3e87db7a277e7611353d4f6b802993fe71ca	https://files.rcsb.org/download/9YAZ.cif.gz	https://www.rcsb.org/fasta/entry/9YAZ/download	2026-10-06T15:59:31+00:00	1
9YHQ	processed	3.0		AJ09-83 Fab in complex with HIV-1 Env 5MUT-3fill SOSIP	ELECTRON MICROSCOPY	3.00	2025-09-30	2026-05-27	30ec6a2afc8c3c66ec5959a60fa7b6d375be35ae7e7439af1be6584d69b6dcd9	84d174770fb9e1d603c59eb810f34d49a36028f70f0fdbd7cb2f0b5111e35832	https://files.rcsb.org/download/9YHQ.cif.gz	https://www.rcsb.org/fasta/entry/9YHQ/download	2026-10-06T15:59:31+00:00	3
9QS6	processed	1.0		Cryo-EM structure of the helix-stabilized MMM ubiquitin ligase complex with nanobody 270 (Composite map)	ELECTRON MICROSCOPY	3.3	2025-04-04	2026-05-27	f500894be4197d3e1dfb49f56f73a435de416bdf102c1fcb15ea4e58932fc657	04c53c913e22d135cd1a0f54d8a162866a9b534f9b179a3f1e17278bbb2030e5	https://files.rcsb.org/download/9QS6.cif.gz	https://www.rcsb.org/fasta/entry/9QS6/download	2026-10-06T15:59:32+00:00	1
9ZVH	processed	3.0		CryoEM structure of H5N1 A/Texas/37/2024 HA bound to Fab H33	ELECTRON MICROSCOPY	2.93	2025-12-30	2026-05-27	8920e7f0737a698d7010261aba990e4e489765a3c1f14b407b69d54326dd99a0	30f717dbdc1d247858c41076a08f78655fac06f363ded099d199338e167feebf	https://files.rcsb.org/download/9ZVH.cif.gz	https://www.rcsb.org/fasta/entry/9ZVH/download	2026-10-06T15:59:32+00:00	3
9YIF	processed	3.0		NN39-171 Fab in complex with HIV-1 Env 5MUT-3fill SOSIP	ELECTRON MICROSCOPY	3.80	2025-10-01	2026-05-27	9267587c857184c159eb464ffca968b8dfa350f38bc1d2d5eab01c94ec15b180	c31eaddc178a988af5ca81bee1df628af814f835fc45f83b10c0a27c40c8fc50	https://files.rcsb.org/download/9YIF.cif.gz	https://www.rcsb.org/fasta/entry/9YIF/download	2026-10-06T15:59:32+00:00	3
9YIG	processed	3.0		V634-136 Fab in complex with HIV-1 Env 5MUT-3fill SOSIP	ELECTRON MICROSCOPY	3.40	2025-10-01	2026-05-27	c441f806eb66e2fac029f19f9906b4296254a6444b679f45dac8ede837cb11d6	ea0d3d71188b1ed6ce5511ebe990dea37b668b2fe95f1eb6626543c36e3aa977	https://files.rcsb.org/download/9YIG.cif.gz	https://www.rcsb.org/fasta/entry/9YIG/download	2026-10-06T15:59:32+00:00	3
9YIH	processed	1.0		V634-136 UCA Fab in complex with HIV-1 Env del4-3fill SOSIP	ELECTRON MICROSCOPY	4.20	2025-10-01	2026-05-27	fb3e1353dbc3bccedbb49d3c2c2d76316cafba3a9c57f3c38e6ebe16a89e9301	b53574f646b77ea987d2726afe34066e53fc283aa645f798a9a9a87ad935fbe9	https://files.rcsb.org/download/9YIH.cif.gz	https://www.rcsb.org/fasta/entry/9YIH/download	2026-10-06T15:59:32+00:00	1
9VXL	processed	1.0		CD38 in complex with 028 Fab	X-RAY DIFFRACTION	3.15	2025-07-19	2026-05-27	b1f05fd32e8054c36bda1351f17f066ea66de170198de4b72a1a905b9f18f768	b1b196c2c9a8a8e3e1a7b5d4d59b0fee27b6406523b30c13df8da470a4639903	https://files.rcsb.org/download/9VXL.cif.gz	https://www.rcsb.org/fasta/entry/9VXL/download	2026-10-06T15:59:32+00:00	1
9ZMB	processed	1.0		Crystal structure of Fab 7118 in complex with minor repeat region from circumsporozoite protein	X-RAY DIFFRACTION	2.09	2025-12-09	2026-05-27	174bfd2048f7ae61f364f920ab2449d874a4c11131fc1fc11d017ae496ad8af3	67b914e08a261ff02ad06ded6c9221b83eb4e7ac0cc1dbc32368281422b2f68b	https://files.rcsb.org/download/9ZMB.cif.gz	https://www.rcsb.org/fasta/entry/9ZMB/download	2026-10-06T15:59:32+00:00	1
9YAW	processed	1.0		Localized reconstruction of the asymmetric unit of SINV/EEEV in complex with Fab EEEV-33 at arm 4 at pH 5.6.	ELECTRON MICROSCOPY	4.20	2025-09-16	2026-05-27	2afb3c5ef28ce04f2f9e60bb96062c4c8aefb0d7fc3bd53816021777090a4da7	f5c44a79ae13a4c189c56618b9b1500ddd83a835e0dd601c556f9ae234224a21	https://files.rcsb.org/download/9YAW.cif.gz	https://www.rcsb.org/fasta/entry/9YAW/download	2026-10-06T15:59:32+00:00	1
11HB	processed	3.0		Crystal structure of a GII.4 norovirus capsid P domain in complex with neutralizing antibody 17A5	X-RAY DIFFRACTION	3.36	2026-02-23	2026-05-27	3466a20bbe5ab76bec6da39e3be42d907a16be2b5d9aad74156a9ffad903c1b9	7d30c365dc370ad08e71e0c261a608bbb3ec8e65308064732a0a83e204a3ba48	https://files.rcsb.org/download/11HB.cif.gz	https://www.rcsb.org/fasta/entry/11HB/download	2026-10-06T15:59:33+00:00	3
25PV	processed	1.0		Structure of the anthrax protective antigen in complex with a potent neutralizing antibody	ELECTRON MICROSCOPY	3.03	2026-04-14	2026-05-27	a0ac4fc344cb649e0708faafa5ad01be137dab616b5236315320b50bef3e208c	5346ad9a63d31cf156746825085537d0b2eb5b3a7929f0572dd1877076213488	https://files.rcsb.org/download/25PV.cif.gz	https://www.rcsb.org/fasta/entry/25PV/download	2026-10-06T15:59:33+00:00	1
9YIB	processed	3.0		AM12-351 Fab in complex with HIV-1 Env 5MUT-3fill SOSIP	ELECTRON MICROSCOPY	4.30	2025-10-01	2026-05-27	50ee900e8c6a1b6f7ae044b60c0da0dae4b61b48036cf3d8d7a8cb0c8c8298ca	550447e91908a654fa9a8f4efdc82342dd2e80ecbfdb55365d362ca83d732a49	https://files.rcsb.org/download/9YIB.cif.gz	https://www.rcsb.org/fasta/entry/9YIB/download	2026-10-06T15:59:33+00:00	3
9ZM9	processed	2.0		Crystal structure of Fab 7160 in complex with short major repeat region (NPNA3) from circumsporozoite protein	X-RAY DIFFRACTION	1.88	2025-12-09	2026-05-27	843cb0465852319a1d70650b06962ce1d9fd4de72b80e8686f9c0d4321009b0c	64699d9a02d55b8f1995addb9190f0ffb246776361eb9c4378e79bbbe3639d90	https://files.rcsb.org/download/9ZM9.cif.gz	https://www.rcsb.org/fasta/entry/9ZM9/download	2026-10-06T15:59:33+00:00	2
9ZM8	processed	2.0		Crystal structure of 7160 in complex with minor repeat region from circumsporozoite protein	X-RAY DIFFRACTION	2.27	2025-12-09	2026-05-27	2413e196da95e079a5178a827d29ac4bf17756a746c1da144551c2dff1e1f51c	59e0072ea896cf87b8f6bfa6773d409e576dba9f8b955810970a4a6e5c20be54	https://files.rcsb.org/download/9ZM8.cif.gz	https://www.rcsb.org/fasta/entry/9ZM8/download	2026-10-06T15:59:34+00:00	2
9ZM7	processed	8.0		Crystal structure of Fab 7160 in complex with junctional region from circumsporozoite protein	X-RAY DIFFRACTION	2.30	2025-12-09	2026-05-27	aa4e169ca76c7aded2c108383b13fc3991d907bd4f41e837278b342709cd9705	77e9ad20b7b90d0f0de40aac9b2da9422dea90abec457db4f3dd04889f8643d0	https://files.rcsb.org/download/9ZM7.cif.gz	https://www.rcsb.org/fasta/entry/9ZM7/download	2026-10-06T15:59:33+00:00	8
12FC	processed	1.0		Crystal structure of unliganded Fab 7118	X-RAY DIFFRACTION	2.29	2026-04-01	2026-05-27	2ea74a69978b5ec58354ee4852c8b4287ef59ae32ee249e0163cb8e955d99ce5	1c45b88afdf80b42f15f7d0a7823057bd648bdc81ae8ec779f35d49ff8df8ad4	https://files.rcsb.org/download/12FC.cif.gz	https://www.rcsb.org/fasta/entry/12FC/download	2026-10-06T15:59:33+00:00	1
9QQS	processed	1.0		Structure of the MEGF8-MOSMO complex with nanobody 270 (Focused refinement)	ELECTRON MICROSCOPY	2.65	2025-04-02	2026-05-27	6f0f16243531ccc942afa210d537a7dbcd07e62ec6e64c0031047b4e1a54ca58	080ed8edcd0e8f2df52e641d33b389a752af14a27e23082ab4d711b1c8708f2e	https://files.rcsb.org/download/9QQS.cif.gz	https://www.rcsb.org/fasta/entry/9QQS/download	2026-10-06T15:59:33+00:00	1
9VL2	processed	2.0		Structure of CD33 complexed with its mAb-10C8	X-RAY DIFFRACTION	3.18	2025-06-24	2026-05-27	0f4d5949bb02e1590bba55a971c3418d727ce955c8cd6ead0015a8813e4f6999	cea888f3dc0415ea9333ebbea918133c02ed35c273b8f46323d8c753096e2def	https://files.rcsb.org/download/9VL2.cif.gz	https://www.rcsb.org/fasta/entry/9VL2/download	2026-10-06T15:59:34+00:00	2
9QTY	processed	1.0		Cryo-EM structure of the binary MEGF8-MOSMO complex with nanobody 270	ELECTRON MICROSCOPY	2.98	2025-04-09	2026-05-27	f5d670f964a3a52242e75c4a1ea43ffe219b6ab75f99b7c28406d781ee619a07	edf7081fbfd715e9e98f3750004553c90f7922187b5f16d27dcc16dfca8f7540	https://files.rcsb.org/download/9QTY.cif.gz	https://www.rcsb.org/fasta/entry/9QTY/download	2026-10-06T15:59:34+00:00	1
12FD	processed	2.0		Crystal structure of unliganded Fab 7160	X-RAY DIFFRACTION	2.39	2026-04-01	2026-05-27	d887fb42faddfb3e18d8edb9dae1cca647c7d37ec322cad891adcf890cefc43e	79b46937496a195ffd36f25a26dcc00725029d2da880f0d480a58772f8c0b984	https://files.rcsb.org/download/12FD.cif.gz	https://www.rcsb.org/fasta/entry/12FD/download	2026-10-06T15:59:34+00:00	2
9QRU	processed	1.0		Cryo-EM structure of the MMM ubiquitin ligase complex with nanobody 270 (Composite map)	ELECTRON MICROSCOPY	3.03	2025-04-04	2026-05-27	2b4e8b9a72798f218929b968915d56e85e8bf098fc19251206fe2562860cd0ae	31c8653769742fdda7504ef20148b2a02ef36f3fea7a3e4e0dc41790ad8ac00a	https://files.rcsb.org/download/9QRU.cif.gz	https://www.rcsb.org/fasta/entry/9QRU/download	2026-10-06T15:59:34+00:00	1
9ZFY	processed	2.0		7160 Fab in complex with Plasmodium falciparum rsCSP	ELECTRON MICROSCOPY	3.55	2025-12-02	2026-05-27	b177d9729510ef4879be99d70e23f3262ed11fd79aa813eafe4184a37b1512e8	52adb0ac9e04ea4d1e4ac25bd8e2e0dcd3458ffce1db70a86a2c75456f843394	https://files.rcsb.org/download/9ZFY.cif.gz	https://www.rcsb.org/fasta/entry/9ZFY/download	2026-10-06T15:59:34+00:00	2
9ZMA	processed	4.0		Crystal structure of Fab 7160 in complex with major repeat region (NANP6)from circumsporozoite protein	X-RAY DIFFRACTION	2.33	2025-12-09	2026-05-27	60f2d31e044514405f5d3c136a7454ab42a4f25fa780870d8a444c2064332866	c6551dafe14236022c3ca9f308084349e8152bf3ce0993b0b52d203e06212fdc	https://files.rcsb.org/download/9ZMA.cif.gz	https://www.rcsb.org/fasta/entry/9ZMA/download	2026-10-06T15:59:34+00:00	4
9V5O	processed	1.0		Crystal Structure of anti-HIV scFv against MPER region of the envelope protein	X-RAY DIFFRACTION	2.42	2025-05-26	2026-06-03	34987478c526b4b3ade663fc596b63d13d48a7e0cb4dc2133b151e757299b66e	8c84f99b853196a4323cd0fd55218b9d5fdcd4fc049cf73b7f4189b42c8a49a9	https://files.rcsb.org/download/9V5O.cif.gz	https://www.rcsb.org/fasta/entry/9V5O/download	2026-10-06T15:59:34+00:00	1
9X3J	processed	3.0		Glycoprotein of Mengla Virus with MR191 Fab bound	ELECTRON MICROSCOPY	3.47	2025-10-09	2026-06-03	d7f87426c0e73bcbc5169e87b6862e2891021d373d6b941207f42203a1d8f900	8bfdf65cc7c6c53b4a1d5aafc3c0a2fddbbba3c1860b9f79616d4c9e56cb1a60	https://files.rcsb.org/download/9X3J.cif.gz	https://www.rcsb.org/fasta/entry/9X3J/download	2026-10-06T15:59:35+00:00	3
9ZG5	processed	4.0		Structure of superfolder GFP bound to nanobody 15	X-RAY DIFFRACTION	3.40	2025-12-02	2026-06-03	e17f081d78d3639edc61b2990f9511ee31bcdbffe9b709d2465c4b94ca13c3b0	ab89c750618318479b4b8ef7b78cec2093ea9682b04631949af75066856f1407	https://files.rcsb.org/download/9ZG5.cif.gz	https://www.rcsb.org/fasta/entry/9ZG5/download	2026-10-06T15:59:35+00:00	4
9Z79	processed	1.0		Cryo-EM structure of Enterotoxigenic Escherichia coli autotransporter A (EatA) complexed with the fragment antigen binding domain of monoclonal antibody 40	ELECTRON MICROSCOPY	2.66	2025-11-16	2026-06-03	5918741182bbf6b302a8d9129a0a854a6e389e973f1a04520c354b47ed235dc3	80af86821444403b139c1f2a7bfb8374a4d864583a4d6f0fe993680c613d441c	https://files.rcsb.org/download/9Z79.cif.gz	https://www.rcsb.org/fasta/entry/9Z79/download	2026-10-06T15:59:35+00:00	1
9Z78	processed	1.0		Cryo-EM structure of Enterotoxigenic Escherichia coli autotransporter A (EatA) complexed with the fragment antigen binding domain of monoclonal antibody 15	ELECTRON MICROSCOPY	2.64	2025-11-16	2026-06-03	0dd16a946f910bb0e23ea0d176237e08e98768a97828c96a81566ab05b5df0ca	2bd2d15ba6f567f1e7f8b92cdb6b2ec259881466bb744532e3d65c5a600d092d	https://files.rcsb.org/download/9Z78.cif.gz	https://www.rcsb.org/fasta/entry/9Z78/download	2026-10-06T15:59:35+00:00	1
9Z77	processed	1.0		Cryo-EM structure of Enterotoxigenic Escherichia coli autotransporter A (EatA) complexed with the fragment antigen binding domain of monoclonal antibody G12	ELECTRON MICROSCOPY	3.70	2025-11-16	2026-06-03	9220fa041aa88c08b09700c5337cf23281a239d919d5cbb7a8e3fb4492b6d859	d59bdc1e4fcdc4bfc8247071c9b61cd0b6ed5f0c48ebb238af26b709d25a75ae	https://files.rcsb.org/download/9Z77.cif.gz	https://www.rcsb.org/fasta/entry/9Z77/download	2026-10-06T15:59:35+00:00	1
25NV	processed	1.0		A complex of PTH1R/Gs bound to a PTHrP analogue with five beta-amino acids	ELECTRON MICROSCOPY	3.21	2026-04-10	2026-06-03	2ee7dcd8e689181cadfd5dc815f948afa49b9124881a1df26df9161251560cf2	eeb94ce0c1cc40541cc392126bc669f2685cd4bdbb46d4adcc4b95be50ed1322	https://files.rcsb.org/download/25NV.cif.gz	https://www.rcsb.org/fasta/entry/25NV/download	2026-10-06T15:59:35+00:00	1
9Z7B	processed	1.0		Cryo-EM structure of Protein involved in colonization (Pic) from Enteroaggregative Escherichia coli complexed with the fragment antigen binding domain of monoclonal antibody 40	ELECTRON MICROSCOPY	2.69	2025-11-16	2026-06-03	85b14d10cefb2aedf7f93fc17b07254d9a263ca01429af695fef192d37cbcc1b	520dca44783935a7ea5c556f431a3339b7aeb93eeb0d708322c6620ea9af5b26	https://files.rcsb.org/download/9Z7B.cif.gz	https://www.rcsb.org/fasta/entry/9Z7B/download	2026-10-06T15:59:35+00:00	1
9Z76	processed	1.0		Cryo-EM structure of Enterotoxigenic Escherichia coli autotransporter A (EatA) complexed with the fragment antigen binding domain of monoclonal antibody 25	ELECTRON MICROSCOPY	3.32	2025-11-16	2026-06-03	35f9e83e844883bd204468aaa8f20e9b173ab18c5a55b0aa333740a2bd194991	e0d1ccdee386df27392daa21027741c5d6066bba4e11fdbe9c49835c48177bbc	https://files.rcsb.org/download/9Z76.cif.gz	https://www.rcsb.org/fasta/entry/9Z76/download	2026-10-06T15:59:35+00:00	1
9ZRX	processed	1.0		Cryo-EM structure of SHIV-elicited CE79-1571 Fab in complex with HIV Env trimer Q23-SCT27	ELECTRON MICROSCOPY	3.30	2025-12-21	2026-06-03	67b239c3fb802159c59f20adb19a805e3f57b6b071392a16bc611ed0cc07c806	9f3525689f214ca723a38aa0b8b8a6baf1fdf8dc4f0a893fa5fab61921dda50b	https://files.rcsb.org/download/9ZRX.cif.gz	https://www.rcsb.org/fasta/entry/9ZRX/download	2026-10-06T15:59:35+00:00	1
9ZRY	processed	1.0		Cryo-EM structure of SHIV-elicited CN81-2029 Fab in complex with HIV Env trimer Q23-SCT27	ELECTRON MICROSCOPY	2.9	2025-12-21	2026-06-03	76e195a00d675abd77717608437034bb783cfe09a890cdb3d43ae321a3137f07	a6b6dbc3bf252ea02305f6e31bbbcc872b72700cf9d92c4a2d985406200991ac	https://files.rcsb.org/download/9ZRY.cif.gz	https://www.rcsb.org/fasta/entry/9ZRY/download	2026-10-06T15:59:35+00:00	1
9ZRZ	processed	1.0		Cryo-EM structure of SHIV-elicited CI93-1365 Fab in complex with HIV Env trimer Q23-SCT27	ELECTRON MICROSCOPY	2.9	2025-12-21	2026-06-03	9138ba69c3e6e1d1a1243b4916691ef3e864e62a97bd6238df532e4cb33ec213	26b537d0c030f17f5cc81f73edd76ae51beb349931ed94b0b53243f08c7cb41c	https://files.rcsb.org/download/9ZRZ.cif.gz	https://www.rcsb.org/fasta/entry/9ZRZ/download	2026-10-06T15:59:36+00:00	1
12QJ	processed	1.0		Pneumococcal choline binding CbpE surface protein bounds to 5992-2 Fab	ELECTRON MICROSCOPY	3.35	2026-04-15	2026-06-03	2132989d142cde99db8879e9ce21e94ea3d5c9ec25b94e6fc5f0798bb11a0175	d6dfb971dfb2b07673cbdedba87b463a524a20df305c83e6c916c910307f9228	https://files.rcsb.org/download/12QJ.cif.gz	https://www.rcsb.org/fasta/entry/12QJ/download	2026-10-06T15:59:36+00:00	1
13FL	processed	1.0		Structure of FabS1CE2_P2a in complex with the N-terminal domain of PD-L1	X-RAY DIFFRACTION	2.22	2026-05-04	2026-06-03	ca490615752906eb57bac92d6acbf58a3ec813e114ad4dc63d200ae042c9c20e	827c1b5bc35b33afac09a7534554dfd954315e29255c84a4125664f1e618b799	https://files.rcsb.org/download/13FL.cif.gz	https://www.rcsb.org/fasta/entry/13FL/download	2026-10-06T15:59:36+00:00	1
9Z7A	processed	1.0		Cryo-EM structure of Secreted extracellular protein A (SepA) from Shigella flexneri complexed with the fragment antigen binding domain of monoclonal antibody 40	ELECTRON MICROSCOPY	1.99	2025-11-16	2026-06-03	1efadfa5d40496620a51217b9cb23ce54c092cec036e0452ee13b0e32f20996f	fec4c8752f55b7e7fcb7118debacab67337e82f0959aa8ad9e37d4ca37ea336f	https://files.rcsb.org/download/9Z7A.cif.gz	https://www.rcsb.org/fasta/entry/9Z7A/download	2026-10-06T15:59:36+00:00	1
9VMD	processed	1.0		HRV14 3C in complex with single chain antibody YDF and cloverleafRNA-conformation2 splitRNA	ELECTRON MICROSCOPY	4.38	2025-06-27	2026-06-10	3a713f6b98400ec3a837e88e3149c0e129493dc4863a90235c0d07192c7d7600	0da9374a0bd0e3f759f5069325c18e148a07d36e1856500bdb53eaf502f7e11b	https://files.rcsb.org/download/9VMD.cif.gz	https://www.rcsb.org/fasta/entry/9VMD/download	2026-10-06T15:59:36+00:00	1
9YHS	processed	3.0		AM12-340 Fab in complex with HIV-1 Env 5MUT-3fill SOSIP	ELECTRON MICROSCOPY	4.30	2025-09-30	2026-06-10	e881092d2e051d7faadcab7cd720d0fc3433936adb9546497007a89031362b32	59ca0645175424db40738b6bc1118fbf8a6af41b75f33e19572d8228a6416330	https://files.rcsb.org/download/9YHS.cif.gz	https://www.rcsb.org/fasta/entry/9YHS/download	2026-10-06T15:59:36+00:00	3
24KR	processed	3.0		Structural basis of influenza A virus neutralization by broadly active single-domain antibody G2.3 recognizing glycosylated epitope within hemagglutinin stem	ELECTRON MICROSCOPY	2.53	2026-03-08	2026-06-10	10f3d22958ede9b5e7ace61803e319f023e15e2b742ffc9bb0e52fb746d91905	6954b43ccceb94e691e8aca1546f0211f5dfeb8c7aaf790bfd5ed102abc6e2f9	https://files.rcsb.org/download/24KR.cif.gz	https://www.rcsb.org/fasta/entry/24KR/download	2026-10-06T15:59:36+00:00	3
9TD2	processed	1.0		Integrin AlphaIIbBeta3 bound to Fab of the anti-HPA-1a antibody 26.4	ELECTRON MICROSCOPY	2.64	2025-11-22	2026-06-10	3fd5724415a74d38404dbae5890ea2a36ca611de8de763fa51e038391121d1b8	312a689c806d45bf3c0e686cc3c82b7c8ac6a8a5f2491128d929ac5a6573592b	https://files.rcsb.org/download/9TD2.cif.gz	https://www.rcsb.org/fasta/entry/9TD2/download	2026-10-06T15:59:37+00:00	1
9U00	processed	2.0		Crystal structure of NbH10, a nanobody against the PWWP domains of LEDGF and HRP-2	X-RAY DIFFRACTION	2.32	2026-01-25	2026-06-10	269dd4de4f13be3a97e45c6616b7ad3405d5fb91e0be4bbe0bce1e8cb2a3dec7	79436906b8a9195810c1c3401e0912d6c7064fa1a55b0724fc283a480922fb05	https://files.rcsb.org/download/9U00.cif.gz	https://www.rcsb.org/fasta/entry/9U00/download	2026-10-06T15:59:36+00:00	2
9ZV4	processed	3.0		CryoEM structure of H5N1 A/Texas/37/2024 HA bound to Fab H20	ELECTRON MICROSCOPY	3.15	2025-12-29	2026-06-10	18997f8b602f09e02194a0706215931eb5c6fbfa3ac1312f01b88d4fdaeef282	a16c511a70c48e80836e99a17664683ee3c8257ed89d038ee81205ed7b413165	https://files.rcsb.org/download/9ZV4.cif.gz	https://www.rcsb.org/fasta/entry/9ZV4/download	2026-10-06T15:59:37+00:00	3
10BT	processed	4.0		X-ray Crystal Structure of A High-Affinity Monoclonal Antibody Sequesters Xylazine	X-RAY DIFFRACTION	1.99	2026-01-10	2026-06-10	5ed979a069a9ff60e27adcd55ce52e0dfed52e2c5b4f4387d30bba2e5aa09c78	d3dd5093a57f1f80fab95ac8304d41d4fa97560bbdcd67c09352e38976853503	https://files.rcsb.org/download/10BT.cif.gz	https://www.rcsb.org/fasta/entry/10BT/download	2026-10-06T15:59:37+00:00	4
9TZZ	removed_by_strict_cleaning	2.0		Crystal structure of NbC03, a nanobody against the PWWP domains of LEDGF and HRP-2	X-RAY DIFFRACTION	2.93	2026-01-25	2026-06-10	51c6bb73e42b404868e959f9a1ed6dd75558780fa06e32884f29f640ab68d003	c4f2225a990e7cda52b76d62de7ca1f90ca3dc5300ea2025cafa3ab332a42b27	https://files.rcsb.org/download/9TZZ.cif.gz	https://www.rcsb.org/fasta/entry/9TZZ/download	2026-10-06T15:59:37+00:00	0
9W3F	processed	1.0		Cryo-EM structure of the human beta2-adrenergic receptor in complex with a novel antagonist	ELECTRON MICROSCOPY	3.04	2025-07-29	2026-06-10	1ade9199fa8db486f0b9601c4540761ff9771433525b385a4b2bcfcc21496d1d	c8b6c785a93564cebf1f10cae1668365fa83de846a2f7c6a64daef5ed060b976	https://files.rcsb.org/download/9W3F.cif.gz	https://www.rcsb.org/fasta/entry/9W3F/download	2026-10-06T15:59:37+00:00	1
9OSS	processed	3.0		Structure of human Fab HB31 in complex with influenza H1N1 A/Solomon Island/3/2006 hemagglutinin	ELECTRON MICROSCOPY	2.76	2025-05-26	2026-06-17	ddb3ca4200ef720145f365c3e0b5bb98b03fabb89530b397b92eda74256150c2	7a1b960bad3655ea829822a3270ce9851a0008297eaa4940329aefe91d858ab7	https://files.rcsb.org/download/9OSS.cif.gz	https://www.rcsb.org/fasta/entry/9OSS/download	2026-10-06T15:59:37+00:00	3
9P1V	processed	1.0		Structure of MAb PhtD3 in complex with PhtD	ELECTRON MICROSCOPY	3.27	2025-06-10	2026-06-17	f52acca1563f9698d8d78d70fdaa2f156c08304bd71f3159c405bb45530c720c	8264c3a11a3d3ed448d49519956467dde48e1739fed02c0b3f38ac5dfcb06e23	https://files.rcsb.org/download/9P1V.cif.gz	https://www.rcsb.org/fasta/entry/9P1V/download	2026-10-06T15:59:37+00:00	1
9OSU	processed	3.0		Structure of human Fab HB315 in complex with influenza H1N1 A/Solomon Island/3/2006 hemagglutinin	ELECTRON MICROSCOPY	2.67	2025-05-26	2026-06-17	b2289128b7116d82cf9ba803dc49ab0bbf704e7e48c1647ea6587dd23add2055	e6843b28516d8c83e85d009b71d183d29e602964c61804ff0ec7751d1163b38e	https://files.rcsb.org/download/9OSU.cif.gz	https://www.rcsb.org/fasta/entry/9OSU/download	2026-10-06T15:59:37+00:00	3
9W6S	processed	2.0		hCA450-21.1 Fab and GD2 complex	X-RAY DIFFRACTION	1.690	2025-08-05	2026-06-17	86ce16cf24f9e71750bc86d5c68df9c4cd73df5135a1ada9bd7b1f9f56fa6155	405c42c92fcab66e88a9c77749e80ff4b782d37a6758b5095d7eae4aec182ed4	https://files.rcsb.org/download/9W6S.cif.gz	https://www.rcsb.org/fasta/entry/9W6S/download	2026-10-06T15:59:38+00:00	2
9PYK	processed	1.0		Q12BBM-069 Fab in complex with HIV-1 Env BG505 NFL TD CC3+	ELECTRON MICROSCOPY	3.30	2025-08-07	2026-06-17	ed087485b2e1803c03b913bd388f22f0cd92de0e8a1c60430e9624dd8b493904	eb0f5a4bdc2b7f9e2d46dc35c673655fcceabe1641d898f53793dd26ce53c210	https://files.rcsb.org/download/9PYK.cif.gz	https://www.rcsb.org/fasta/entry/9PYK/download	2026-10-06T15:59:38+00:00	1
9T0E	processed	1.0		Structure of Crimean Congo hemorrhagic fever virus (CCHFV) L protein bound to 5' vRNA and nanobody 20096.	ELECTRON MICROSCOPY	2.3	2025-10-17	2026-06-17	8cd94a214c1617db8624d7b96b085a930db6a319ce8a4ba39e80fc2993ba7cb9	5ce115b35b85ea678442ed64ac359675016701e8e781d07ea573e13456c7aee5	https://files.rcsb.org/download/9T0E.cif.gz	https://www.rcsb.org/fasta/entry/9T0E/download	2026-10-06T15:59:38+00:00	1
9W2I	processed	1.0		Cryo-EM structure of Peptide 336 (P336)-bound neurokinin 2 receptor (NK2R) in complex with miniGs/q70	ELECTRON MICROSCOPY	2.93	2025-07-28	2026-06-17	6d485e079263d07dbcc6d97fd42384073f69d6ffae935f8777feb4749011a25d	936f1bf68369cc00bd15b7229c299ba4df649bd8511c0152aede11e7818aa221	https://files.rcsb.org/download/9W2I.cif.gz	https://www.rcsb.org/fasta/entry/9W2I/download	2026-10-06T15:59:38+00:00	1
9W2H	processed	1.0		Cryo-EM structure of EB1002-bound neurokinin 2 receptor (NK2R) in complex with miniGs/q70	ELECTRON MICROSCOPY	3.12	2025-07-27	2026-06-17	92972b43c1a263909df7d1a88dd32b979b2f517fa3a9263314066e7356e12c17	997181eb73a3fdb1d16a57784349cb221570c71431e26878db843994571af87e	https://files.rcsb.org/download/9W2H.cif.gz	https://www.rcsb.org/fasta/entry/9W2H/download	2026-10-06T15:59:38+00:00	1
9PYH	processed	1.0		Q9M-023 Fab in complex with HIV-1 Env BG505 NFL TD CC3+	ELECTRON MICROSCOPY	3.30	2025-08-07	2026-06-17	4c179f245875222633e0d142f0738cb210bdb13cfa59361af8c4bcc430e7f4e1	8effede7711f0b7c6ab1e6b92754081427eb2d5cc2bee1dfb6a03e28e1543c24	https://files.rcsb.org/download/9PYH.cif.gz	https://www.rcsb.org/fasta/entry/9PYH/download	2026-10-06T15:59:38+00:00	1
9W1J	processed	1.0		Cryo-EM structure of neurokinin A (NKA)-bound neurokinin 2 receptor (NK2R) in complex with miniGs/q70	ELECTRON MICROSCOPY	2.97	2025-07-25	2026-06-17	0ff7f99c90455ce42ff7a3cea6af34733a80a126a7017372c579a66f1ebf9a23	b3d1beb6390100dbe194a9ee0eb9cd012586e59657bfa32ac3d84e895195e96f	https://files.rcsb.org/download/9W1J.cif.gz	https://www.rcsb.org/fasta/entry/9W1J/download	2026-10-06T15:59:38+00:00	1
9PY5	processed	1.0		Q10M-055 Fab in complex with HIV-1 Env Q23 NFL TD CC3+	ELECTRON MICROSCOPY	3.50	2025-08-06	2026-06-17	0f51d8c44bc3e23a62f17ac1a6ae30a3711bc5df7a4968a909257f80d820bac9	d820c40002530d2fab7813186d34c9541281a21250afed2d5af91da05ccabdc9	https://files.rcsb.org/download/9PY5.cif.gz	https://www.rcsb.org/fasta/entry/9PY5/download	2026-10-06T15:59:38+00:00	1
9PYD	processed	1.0		Q12QBM-007 Fab in complex with HIV-1 Env BG505 NFL TD CC3+	ELECTRON MICROSCOPY	3.30	2025-08-07	2026-06-17	ae1e1e94128b13bdc58ff736e309039ac326081e998e86a680bffd2bd4c3e119	0d75a503f0eb8ef8427d237ae73fb9d70678e762e7e6934db3db2d33135f3fcd	https://files.rcsb.org/download/9PYD.cif.gz	https://www.rcsb.org/fasta/entry/9PYD/download	2026-10-06T15:59:39+00:00	1
9PJ1	processed	1.0		Crystal structure of a synthetic Fab (4R) in complex with the ternary assembly of FKBP12, Rapamycin, and the FRB domain of mTOR	X-RAY DIFFRACTION	2.05	2025-07-11	2026-06-17	d3276a0f9aef760037f0d865d09f9abcbc4d7cd4c3cdb7ee7ea04ffe42f828f4	be7ffe7676190d44b308022457c55202167e47ed4471cad5bf3519f0b9dabbbb	https://files.rcsb.org/download/9PJ1.cif.gz	https://www.rcsb.org/fasta/entry/9PJ1/download	2026-10-06T15:59:39+00:00	1
9PIW	processed	2.0		Crystal structure of a synthetic Fab (1A) in complex with the FRB domain of mTOR	X-RAY DIFFRACTION	1.90	2025-07-11	2026-06-17	dfc26a912f7ae5153f56cd1dcaf68a98d4363dd28c83d9168fffbaab9876e49e	adbe1bfe3722d7946d53990081612ee0ffd7a1d8d97d88b403ce9aa4f7a2c0c6	https://files.rcsb.org/download/9PIW.cif.gz	https://www.rcsb.org/fasta/entry/9PIW/download	2026-10-06T15:59:39+00:00	2
9W2G	processed	1.0		Cryo-EM structure of EB1001-bound neurokinin 2 receptor (NK2R) in complex with miniGs/q70	ELECTRON MICROSCOPY	3.40	2025-07-27	2026-06-17	6021dbf4cb8b52bab9c551b963398bba212746f012d5e2823c16151b71b46f8e	7d02c62e12e76b252565f86c7d09df0d107941d39470d45620e21bfd190d42c3	https://files.rcsb.org/download/9W2G.cif.gz	https://www.rcsb.org/fasta/entry/9W2G/download	2026-10-06T15:59:39+00:00	1
21EO	processed	3.0		Cryo-EM structure of monomeric Cu/Zn-superoxide dismutase from dog (Canis familiaris) complexed with 19A9 triabody in the open conformation	ELECTRON MICROSCOPY	3.91	2025-12-10	2026-06-17	97857c2e596b6f7a5502bbaa332ae64aae5749a4636e9098de6d0051b271c25b	8b9255da989b618075efe5e44799642ce84dd98aa2361d66333443215061b904	https://files.rcsb.org/download/21EO.cif.gz	https://www.rcsb.org/fasta/entry/21EO/download	2026-10-06T15:59:39+00:00	3
9PIU	processed	1.0		Crystal structure of a synthetic Fab (2C) in complex with the FRB domain of mTOR	X-RAY DIFFRACTION	2.18	2025-07-11	2026-06-17	7c5c89a628f5e27105a1f6b0d5499ca03cdcf74df3c5577864613c132d6e4a99	35d81407d911265285a92bf720d02e473bfd486434c4e440d05c1a6c6b96614d	https://files.rcsb.org/download/9PIU.cif.gz	https://www.rcsb.org/fasta/entry/9PIU/download	2026-10-06T15:59:39+00:00	1
21EN	processed	3.0		Cryo-EM structure of monomeric Cu/Zn-superoxide dismutase from dog (Canis familiaris) complexed with 19A9 triabody in the closed conformation	ELECTRON MICROSCOPY	2.95	2025-12-10	2026-06-17	8c99313e063cd0eaa08d98f0d43b2177afb25677bcda04f7dc7a2571dd7401ea	c7faaaae9ce4daf2bc7e2d4264da8bbd761d67def03bd04a1a023b2aa560f48e	https://files.rcsb.org/download/21EN.cif.gz	https://www.rcsb.org/fasta/entry/21EN/download	2026-10-06T15:59:39+00:00	3
13FJ	processed	2.0		TGFB1 IN COMPLEX WITH NIS793 FAB	X-RAY DIFFRACTION	2.750	2026-05-04	2026-06-17	88afba55d2884c8a25d07e0ede0b833efc646d9f0b3a0ab5e43266ed22cad2d9	8e98c33c9ad50a8f84d8f718ed83ee6781bc76c257b5d94cc6ddc5908d5b6dbd	https://files.rcsb.org/download/13FJ.cif.gz	https://www.rcsb.org/fasta/entry/13FJ/download	2026-10-06T15:59:39+00:00	2
9W2J	processed	1.0		Cryo-EM structure of Peptide 383 (P383)-bound neurokinin 2 receptor (NK2R) in complex with miniGs/q70	ELECTRON MICROSCOPY	2.82	2025-07-28	2026-06-17	a2f950ae36b5f9850f67b664dfad149a88dd27a4c9ed2bffe8cea751827eec31	195345d3447574e88dfed170143e8113789577a3c3c4cb6b0da342e5b2f9f106	https://files.rcsb.org/download/9W2J.cif.gz	https://www.rcsb.org/fasta/entry/9W2J/download	2026-10-06T15:59:40+00:00	1
9RTG	processed	6.0		Crystal structure of Ara h 2 immunocomplex with IgE Fab fragment	X-RAY DIFFRACTION	3.19	2025-07-02	2026-06-24	09023fe2aae79547c32794d6982c46352134a6c33f8d1c14d6cb3e28cf3bbda6	ebd6b883e068620ae350befbed6a824a9fe394179f6bfb46c4175fc5932704c7	https://files.rcsb.org/download/9RTG.cif.gz	https://www.rcsb.org/fasta/entry/9RTG/download	2026-10-06T15:59:39+00:00	6
9PI7	processed	1.0		EV-D68 in complex with G12 VHH	ELECTRON MICROSCOPY	2.05	2025-07-10	2026-06-24	58a3c1e5597d7f41636d50eb60826f04f2ee6005e2f468abafdbe56b5721bd1e	29b76b53d9071268a39effb5656fee0187c1fa0d89a908e70d367dbcf6b6e9f9	https://files.rcsb.org/download/9PI7.cif.gz	https://www.rcsb.org/fasta/entry/9PI7/download	2026-10-06T15:59:40+00:00	1
9MKG	processed	1.0		Cryo-EM structure of human CD33 bound to 15G15.3 Fab	ELECTRON MICROSCOPY	3.45	2024-12-17	2026-06-24	0a923e292c83fc9ae4478c7cd1773ca6939a910eec23b096170db29c4b65561e	28154ab9d0c25537fe7773d1e59d6c1cec528b84a84544e7cbf2b009d667ba68	https://files.rcsb.org/download/9MKG.cif.gz	https://www.rcsb.org/fasta/entry/9MKG/download	2026-10-06T15:59:40+00:00	1
9YRQ	processed	2.0		Factor XIa in complex with Fab fragment of REGN9933-A2	ELECTRON MICROSCOPY	3.20	2025-10-17	2026-06-24	157962fc14728c97de8f8f1c1f9b1ea0ff91a20e3055bb4e16b17df9aa13580e	61ba148145182da85037e11f9e16a4fbd2b3b38659c019ff7ac5912a409d6ca1	https://files.rcsb.org/download/9YRQ.cif.gz	https://www.rcsb.org/fasta/entry/9YRQ/download	2026-10-06T15:59:40+00:00	2
12QB	processed	1.0		Crystal structure of CM11.1 Fab in complex with an orthomarburgvirus GP2 peptide	X-RAY DIFFRACTION	2.30	2026-04-14	2026-06-24	7de757c9253b50b1cf28e843b47dd15e71794e2b71a965c5a4c71444575a33f5	f50aab460e9375fd5ab6a5ac1d49e579f605ef7d040edfe4385cd624acf08c46	https://files.rcsb.org/download/12QB.cif.gz	https://www.rcsb.org/fasta/entry/12QB/download	2026-10-06T15:59:40+00:00	1
12PY	processed	1.0		Crystal structure of unbound CM11.1 Fab	X-RAY DIFFRACTION	2.73	2026-04-14	2026-06-24	585f000cc368871f9587bf2c16edbbec2e05935bcc1fe7a127b9dc966e8f6feb	a51229503c90f5f5c2b200049c39b56e4dbcc4fb16cebebc6f04948ad14b1315	https://files.rcsb.org/download/12PY.cif.gz	https://www.rcsb.org/fasta/entry/12PY/download	2026-10-06T15:59:40+00:00	1
12QD	processed	2.0		Crystal structure of CM12.1 Fab in complex with an orthomarburgvirus GP2 peptide	X-RAY DIFFRACTION	2.47	2026-04-14	2026-06-24	0ce358f1d79fb918a9ba3f88ec7bad7cf6435f2c758d38be99148450677936fb	b33e5047ca70e58c2e1ca7fe87ffa858ad3b391c4621b43c9f637d780d2a5cb6	https://files.rcsb.org/download/12QD.cif.gz	https://www.rcsb.org/fasta/entry/12QD/download	2026-10-06T15:59:40+00:00	2
12QA	processed	1.0		Crystal structure of CM10 Fab in complex with an orthomarburgvirus GP2 peptide	X-RAY DIFFRACTION	1.60	2026-04-14	2026-06-24	c2d20d5e4c123926dec0beee131f7297ba702d5a6185e35b1451bd4813cf3bd4	cc1d6696b9cf9568f265c1715fafd2b0ba9fe3aab8721a7e62c29f06d5337355	https://files.rcsb.org/download/12QA.cif.gz	https://www.rcsb.org/fasta/entry/12QA/download	2026-10-06T15:59:40+00:00	1
9VJK	processed	1.0		Crystal Structure of an Antigen-Binding Fragment of Monoclonal Antibody 10E6 against Sulfonamides	X-RAY DIFFRACTION	2.51	2025-06-20	2026-06-24	710129ce632c09fc96123390514b9de01bce03ceb16b605452cca92299443ad2	b324474ab38278deb892790e7fca00e879ba3c049908db64d79022ea1aa76505	https://files.rcsb.org/download/9VJK.cif.gz	https://www.rcsb.org/fasta/entry/9VJK/download	2026-10-06T15:59:41+00:00	1
9VH4	processed	3.0		Cryo EM structure of hemagglutinin from Puerto Rico/8/1934 (H1N1) in complex with a single domain antibody	ELECTRON MICROSCOPY	2.8	2025-06-16	2026-06-24	d941664afad97a8b784e86dbe1a7fe848d2e9a1c616a5e24428696a2de1ec6ea	9db58d8f5eb0d595017986c7191109d80629f78ced510dfb38df42256875e4cd	https://files.rcsb.org/download/9VH4.cif.gz	https://www.rcsb.org/fasta/entry/9VH4/download	2026-10-06T15:59:41+00:00	3
9WJ6	processed	2.0		An integrated in silico-in vitro workflow for discovering high-affinity, selective antibodies to the KRAS(G12D)-MHC I complex	X-RAY DIFFRACTION	4.54	2025-08-30	2026-06-24	cc7dd35f7b0d7e4a28b8493598e9f25d84a3246c6dbcf9880b8cd592e05adf15	df57af31c453f5477e95fc5546f585ee2cb5384f14af247dfe18178dac308d9a	https://files.rcsb.org/download/9WJ6.cif.gz	https://www.rcsb.org/fasta/entry/9WJ6/download	2026-10-06T15:59:41+00:00	2
9YRB	processed	2.0		Factor XIa in complex with Fab fragment of REGN7508-Cat	ELECTRON MICROSCOPY	3.06	2025-10-16	2026-06-24	7cbb1feb940e699fc3d362286d66663a63dcc91ec56364ae73096b3a4f3826b3	3ebcbe3653e476d0d3405a21ca7477e93f1904c82950f38885bf2cb7d06ba7f6	https://files.rcsb.org/download/9YRB.cif.gz	https://www.rcsb.org/fasta/entry/9YRB/download	2026-10-06T15:59:41+00:00	2
12QC	processed	4.0		Crystal structure of 30G4 Fab in complex with an orthomarburgvirus GP2 peptide	X-RAY DIFFRACTION	2.08	2026-04-14	2026-06-24	25647c5327fbb2b6a079cdb1d11b07916be0210585e97399288ef1e12530be36	87993fb8d16c3a3ecc09f503970f9774b902620c44d7fe119aa68b3277569d4b	https://files.rcsb.org/download/12QC.cif.gz	https://www.rcsb.org/fasta/entry/12QC/download	2026-10-06T15:59:41+00:00	4
9P9Q	processed	1.0		KL-H15-3G11 Fab in complex with soluble A/wedge-tailed shearwater/Western Australia/2576/1979 H15 hemagglutinin trimer	ELECTRON MICROSCOPY	3.70	2025-06-24	2026-07-01	2005f9818356f0a8675a1d65422a7905343fd177a376f425d973404112d22423	50cededfb92a0cf68ba81a5af079c0c740f9e90d01a0e27d2b51fa4b8a9efccf	https://files.rcsb.org/download/9P9Q.cif.gz	https://www.rcsb.org/fasta/entry/9P9Q/download	2026-10-06T15:59:41+00:00	1
9YGR	processed	1.0		HCoV-HKU1 C S 2P in complex with H501-022 Fab (local cryoEM)	ELECTRON MICROSCOPY	3.8	2025-09-29	2026-07-01	8140c675531ae7aca9f5f779d9dce8213aff4009e6271dd3ca81f626c3c2ff63	db4063ad1ffdd68ae7ed3666e72b532ff8c6bcf3b59e13d73b8fb7b3bfd14f13	https://files.rcsb.org/download/9YGR.cif.gz	https://www.rcsb.org/fasta/entry/9YGR/download	2026-10-06T15:59:41+00:00	1
9YGN	processed	3.0		HuCoV-HKU1 C S 2P in complex with H501-018 Fab (State 1, global cryoEM)	ELECTRON MICROSCOPY	3.4	2025-09-29	2026-07-01	ee90e41db2e2fb6c36184a55b6c6870c15ebe790be70b1470adaea62e09ddf58	11a0a161a08ac6b2a5cb9ed5e35491e78347afd45231057a4d7738bfdeacc3de	https://files.rcsb.org/download/9YGN.cif.gz	https://www.rcsb.org/fasta/entry/9YGN/download	2026-10-06T15:59:41+00:00	3
27XK	processed	1.0		A cryo-EM structure of GLP1-Y11-GLP1R-Gs complex	ELECTRON MICROSCOPY	2.64	2026-06-16	2026-07-01	342f41ee1fffe16e3062868bef4bba38b2e1d1f311ef9e5dfcacb7362d205659	b1037e6148bb2a1e683f7fb6605fb9cfa7fe352be820f1d13ee96eb4cd141d10	https://files.rcsb.org/download/27XK.cif.gz	https://www.rcsb.org/fasta/entry/27XK/download	2026-10-06T15:59:41+00:00	1
9Q1Z	processed	2.0		Structure of the Measles virus Hemagglutinin ectodomain in complex with neutralizing antibody 1C02	ELECTRON MICROSCOPY	3.05	2025-08-14	2026-07-01	71ac3f1d4101a65178169ab31eaf2d0f97bb38ce8645b58c6cbbe76318199c12	4c521477122d5bfc016f8ef265895053e4d7497c0761d19c87014b064f8b30f0	https://files.rcsb.org/download/9Q1Z.cif.gz	https://www.rcsb.org/fasta/entry/9Q1Z/download	2026-10-06T15:59:41+00:00	2
9P9T	processed	3.0		07-5G01 Fab in complex with soluble A/wedge-tailed shearwater/Western Australia/2576/1979 H15 hemagglutinin trimer	ELECTRON MICROSCOPY	3.33	2025-06-24	2026-07-01	4290039c1773738b8382f072570eb4bd9c9aa74c1a250e6734676d2d4e9d0e20	de97e1e05d9970d078c026fb9522f9fba291c00848d946a115f905a63a9146d2	https://files.rcsb.org/download/9P9T.cif.gz	https://www.rcsb.org/fasta/entry/9P9T/download	2026-10-06T15:59:42+00:00	3
9PFJ	processed	2.0		Cryo-EM structure of VX77 Fab in complex with GII.4 Norovirus P domain	ELECTRON MICROSCOPY	3.08	2025-07-04	2026-07-01	b9e728ce7ef368cac72b3b023493d999e2bb7e209a8bf36a24eb4f155cabaef0	65e023914facffb28b61ebbf44ace87e674a40f63a463d61c79ccd9121ce95f9	https://files.rcsb.org/download/9PFJ.cif.gz	https://www.rcsb.org/fasta/entry/9PFJ/download	2026-10-06T15:59:41+00:00	2
9Z5U	processed	1.0		Cryo-EM structure of a soluble HCV E1E2 antigen in complex with AT1211 fab	ELECTRON MICROSCOPY	3.06	2025-11-12	2026-07-01	3f9725a180a35a57d8942ec05ee0d0b0fc4c7ad3fbcfcbec23a457495401db1c	6d1649fa8a47ef11c62bb3630367d5d8d3a46512f42808ac7454fe3336a198f3	https://files.rcsb.org/download/9Z5U.cif.gz	https://www.rcsb.org/fasta/entry/9Z5U/download	2026-10-06T15:59:42+00:00	1
9Q20	processed	2.0		Structure of the Measles virus Hemagglutinin ectodomain in complex with neutralizing antibody 1C08	ELECTRON MICROSCOPY	3.25	2025-08-14	2026-07-01	c0dccf1c7357e28c61409d60da1ddb4caad885404a56def55403ecfb9da75a62	28db2740df50851e24341e404149e09a9a2f456aa65a8962ee673a1ef727e8a5	https://files.rcsb.org/download/9Q20.cif.gz	https://www.rcsb.org/fasta/entry/9Q20/download	2026-10-06T15:59:42+00:00	2
9PFK	processed	2.0		Cryo-EM structure of VX93 Fab in complex with GII.4 Norovirus P domain	ELECTRON MICROSCOPY	2.93	2025-07-04	2026-07-01	c3229547b2f0d425c7931b7bb07dc6c8435b5a8af060ce235a69b3f7fe9f8b4d	19f4bb2c44c5caf3b3337b2dd7cf15d7912590f466ad5c5af26d6031eefc3b23	https://files.rcsb.org/download/9PFK.cif.gz	https://www.rcsb.org/fasta/entry/9PFK/download	2026-10-06T15:59:42+00:00	2
9YGO	processed	3.0		HuCoV-HKU1 C S 2P in complex with H501-018 Fab (State 2, global cryoEM)	ELECTRON MICROSCOPY	3.4	2025-09-29	2026-07-01	abb626da19ea240252f91857ee258377c8e25d2d074226bcb22b9c6193aea2b5	83dbe22283598e704dd53c40bf7a26044b9d2bab1418ffb1020341e8f8affa2a	https://files.rcsb.org/download/9YGO.cif.gz	https://www.rcsb.org/fasta/entry/9YGO/download	2026-10-06T15:59:42+00:00	3
9W43	processed	1.0		Structure of the complex of human PD-1 and a PD-1-directed antibody	ELECTRON MICROSCOPY	2.96	2025-07-30	2026-07-01	69b172882db89e067a1cd5b9a726afed189c75f7160171e920fa2659bbb0eec4	1f8288421193be38089f483f9951808a6108d68362d6ef28e2f7de8d3ed07911	https://files.rcsb.org/download/9W43.cif.gz	https://www.rcsb.org/fasta/entry/9W43/download	2026-10-06T15:59:42+00:00	1
9YJS	processed	1.0		Crystal structure of anti-HCV human broad neutralizing antibody B098	X-RAY DIFFRACTION	2.78	2025-10-03	2026-07-01	5f7ad1ca5e920497adcacc2fb2f5a85fae2f915649ba3571c7e79dd7a9674a09	e892220748cc383a565c6cbb41e9421cd253808e351a9d3f5efb4167f7429dd6	https://files.rcsb.org/download/9YJS.cif.gz	https://www.rcsb.org/fasta/entry/9YJS/download	2026-10-06T15:59:42+00:00	1
9YXW	processed	1.0		Crystal structure of HCoV-HKU1 RBD bound by H501-008 Fab	X-RAY DIFFRACTION	2.60	2025-10-27	2026-07-01	52c73907e554d1d7dcf666335acc1ef6ce71c0596afe7d046cfb5bd2a5cfca25	bbc1d0c497a4697b70d01dcab035d8603f03e63571e7eca88438e682ec0b6484	https://files.rcsb.org/download/9YXW.cif.gz	https://www.rcsb.org/fasta/entry/9YXW/download	2026-10-06T15:59:42+00:00	1
9NEY	processed	1.0		The structure of BoNT/A in complex with a neutralizing antibody 2G11	ELECTRON MICROSCOPY	3.06	2025-02-20	2026-07-01	dc4f87da2fe2a36a58bbdf92022e90c1f933725b24fc37168f647008da2485af	8cb242cf86c5579e0fe47f00990ac402334967d92e9d6bea73ed806d3f9ddcb7	https://files.rcsb.org/download/9NEY.cif.gz	https://www.rcsb.org/fasta/entry/9NEY/download	2026-10-06T15:59:42+00:00	1
9YK6	processed	1.0		Crystal structure of anti-HCV human neutralizing antibody B107	X-RAY DIFFRACTION	1.60	2025-10-06	2026-07-01	dea8583a9422be0786075994128e2e8d008341f1e679790dfd28419c4ebe9d49	cd10eb8f970263f2b438536027641d4e8926b72fe81f1df2fb5d01215e064bb4	https://files.rcsb.org/download/9YK6.cif.gz	https://www.rcsb.org/fasta/entry/9YK6/download	2026-10-06T15:59:42+00:00	1
9YGP	processed	1.0		HCoV-HKU1 C S 2P in complex with H501-018 Fab (local cryoEM)	ELECTRON MICROSCOPY	3.2	2025-09-29	2026-07-01	9fedb7144f4874f812daf7ef830d07c0bcc7ed24197c3e135aa2208ffce3106a	4a3a1876fce75f38492a052bb99aeec68fe6d8f75cf492a26909f173506c8fa7	https://files.rcsb.org/download/9YGP.cif.gz	https://www.rcsb.org/fasta/entry/9YGP/download	2026-10-06T15:59:43+00:00	1
31IC	processed	1.0		Structure of human excitatory amino acid transporter 3 (EAAT3) in complex with B11 nanobody	ELECTRON MICROSCOPY	3.5	2026-06-05	2026-07-01	5163a664c16842e8d6ba7dcdb069b954614b4c5a0e46e5ce7235d59d7bdc1d75	bcfa681b1ef98702a2dfc288a3e2f58d53d9dda4848dc64ddf712b1ed0d06b33	https://files.rcsb.org/download/31IC.cif.gz	https://www.rcsb.org/fasta/entry/31IC/download	2026-10-06T15:59:43+00:00	1
31MR	processed	1.0		CryoEM structure of a catalytically inactive CXC Chemokine-degrading protease SpyCEP from Streptococcus pyogenes complexed with an anti-PA-domain monoclonal antibody	ELECTRON MICROSCOPY	3.07	2026-06-12	2026-07-01	7aa90a7a59d54af2b387e773f0fe36519e7ef0dea2bc806a2f3be60446cfff90	4ed1c0a086c1aa0e7f43d0319824b0215aa7e558f7af866373b8ad5694ebf0af	https://files.rcsb.org/download/31MR.cif.gz	https://www.rcsb.org/fasta/entry/31MR/download	2026-10-06T15:59:44+00:00	1
10FJ	processed	1.0		FcgRIIa in complex with IV.3 Fab	ELECTRON MICROSCOPY	3.5	2026-01-16	2026-07-01	4754b2975f893040bf20d8d878a4b560a42a7f3b32a952d630c3a906f24777f8	fbc1eb8cfbbb57ffa104a1ac2b7d9467d59e6a283d36f1aa89068a7b6f3a7a2b	https://files.rcsb.org/download/10FJ.cif.gz	https://www.rcsb.org/fasta/entry/10FJ/download	2026-10-06T15:59:43+00:00	1
9MSK	processed	1.0		Structure of hepatitis C virus envelope glycoprotein E2 core from isolate H77 bound to neutralizing antibody RM3-26	X-RAY DIFFRACTION	2.23	2025-01-09	2026-07-01	9f129e1c5b09e513098dee9698388bc3d19db29bf7a1c4ca4ce17fbc942ce4b8	1c073405de143859b267cf9dfe5f6ccfa121fd7b07e22353fd19e9d19b271231	https://files.rcsb.org/download/9MSK.cif.gz	https://www.rcsb.org/fasta/entry/9MSK/download	2026-10-06T15:59:43+00:00	1
9YGQ	processed	2.0		HCoV-HKU1 C S 2P in complex with H501-022 Fab (global cryoEM)	ELECTRON MICROSCOPY	3.6	2025-09-29	2026-07-01	594435cacaa72ec2d420c48c8f20e99c7f12f6ec78b199082b5b01294d205558	66d66ec95dcfef56c49410afc1838866979746335bc839a645255f07b488941b	https://files.rcsb.org/download/9YGQ.cif.gz	https://www.rcsb.org/fasta/entry/9YGQ/download	2026-10-06T15:59:43+00:00	2
9WMQ	processed	1.0		The cryo-electron microscopy complex structure of PCV3 VLPs and antibody 2B5	ELECTRON MICROSCOPY	1.73	2025-09-03	2026-07-01	603000c45dd5f8096d736b9e0b696dbedeee7e4ed284e6b71c6fb7a242cba0e0	1da217ab5e28537eabb2871652cf3e3dc5e7a6a85007eb679015719936745659	https://files.rcsb.org/download/9WMQ.cif.gz	https://www.rcsb.org/fasta/entry/9WMQ/download	2026-10-06T15:59:43+00:00	1
9TUY	processed	2.0		PfRIPR EGF6 and 7 bound to monoclonal antibody MAD8-739	X-RAY DIFFRACTION	2.8000	2026-01-10	2026-07-08	f37157c68de125433a6ae3a94adf48b7d6949abdef400c0a74cdc4a203ab93e9	2e8f8d125538ba8da246bbcd2f565c4bc808fc518069df1c10a280b23cc9ff65	https://files.rcsb.org/download/9TUY.cif.gz	https://www.rcsb.org/fasta/entry/9TUY/download	2026-10-06T15:59:43+00:00	2
9S6Q	processed	1.0		CryoEM structure of WIV1 spike monomer in complex with neutralizing antibody V1WT_41	ELECTRON MICROSCOPY	3.57	2025-08-01	2026-07-08	e4333be5e849a2b1b89713df6624bc4a876b2c2e1db8438d77b8241f67e213d0	82bcd20f538fbd97cc93274c9a1f9d395d5eb59fb893c1f13f129539eea34112	https://files.rcsb.org/download/9S6Q.cif.gz	https://www.rcsb.org/fasta/entry/9S6Q/download	2026-10-06T15:59:44+00:00	1
9S6Y	processed	1.0		CryoEM structure of WIV1 spike monomer in complex with neutralizing antibody V1WT_06	ELECTRON MICROSCOPY	3.98	2025-08-01	2026-07-08	ac62bf68a12b0e6b8a7288ef719cdf0f8ad649eeb56e59aa8d76932e335ad090	0557ee3ccfbe82c86c4bd05505239bb6012f92f3fa5c95d64d9d8a63ba54644f	https://files.rcsb.org/download/9S6Y.cif.gz	https://www.rcsb.org/fasta/entry/9S6Y/download	2026-10-06T15:59:44+00:00	1
9PU2	processed	1.0		Crystal structure of EEEV-179 Fab (Crystal Kappa)	X-RAY DIFFRACTION	2.25	2025-07-30	2026-07-08	f0cf02616cf5c6293638702fe634e812ccbd47f316e2e3be5ef8fa39eda0063c	8b39835c0933f159b964cfff1e5d5bbb56224e5a19eeef180d33ab5b7dd93600	https://files.rcsb.org/download/9PU2.cif.gz	https://www.rcsb.org/fasta/entry/9PU2/download	2026-10-06T15:59:44+00:00	1
9TUX	processed	1.0		PfRIPR bound to monoclonal antibody MAD8-66	X-RAY DIFFRACTION	2.2500	2026-01-10	2026-07-08	e8a2afe2c6fb29507031afdb527cafda0de7959e2e893250164887b67fee317a	6ac6143bf1a85dee457d8e7d4fcfd4491990b17f39a6ff989f0409df0324126c	https://files.rcsb.org/download/9TUX.cif.gz	https://www.rcsb.org/fasta/entry/9TUX/download	2026-10-06T15:59:44+00:00	1
9VT4	processed	3.0		EBOV GP/BA2-VHH complex	ELECTRON MICROSCOPY	2.96	2025-07-09	2026-07-08	684d06ab3849ef04a8ff95b8e97e7b7e9f1b4e622e53b2e397f77cdd6f536b4e	c4848d8008f2c72f0d4d634e638be7e9343a0c6bf8897c6c1c03b553b2de66d6	https://files.rcsb.org/download/9VT4.cif.gz	https://www.rcsb.org/fasta/entry/9VT4/download	2026-10-06T15:59:44+00:00	3
9VTS	processed	3.0		EBOV GP/1A10-VHH complex	ELECTRON MICROSCOPY	2.56	2025-07-11	2026-07-08	6d1ef61627533c7cca5c35ad4323b907885afcdcd8b9068ab7671dceb1a08efd	2d3613d9bb2cb2d37236c489d942af9ffa40cb10106f0ca6e4e30fd19cb97154	https://files.rcsb.org/download/9VTS.cif.gz	https://www.rcsb.org/fasta/entry/9VTS/download	2026-10-06T15:59:45+00:00	3
9TUZ	processed	1.0		PfRIPR bound to monoclonal antibody MAD8-2	ELECTRON MICROSCOPY	3.40	2026-01-10	2026-07-08	5cacc20d4147c0de66889aa8f9abf01d7961f50d63299442e094bf4258c2764b	8b1ecf09407cf5d83ca09bdf7f5bd37fbd595e886ff9fd7e301917fd4fd566d9	https://files.rcsb.org/download/9TUZ.cif.gz	https://www.rcsb.org/fasta/entry/9TUZ/download	2026-10-06T15:59:44+00:00	1
9S67	processed	1.0		CryoEM structure of WIV1 spike monomer in complex with neutralizing antibody VA14_26	ELECTRON MICROSCOPY	4.12	2025-07-31	2026-07-08	f911a9d8bcf988ac9342fb883dee465f204a91b498dde60fdce1d25af4d487c4	f5055a413368167ce8daf08716cc61a5a4db9a135857be9042c7193f1dbd4f71	https://files.rcsb.org/download/9S67.cif.gz	https://www.rcsb.org/fasta/entry/9S67/download	2026-10-06T15:59:44+00:00	1
9N3B	processed	1.0		CryoEM structure of WNV (Kunjin strain) with the Fab of WNV-86 antibody	ELECTRON MICROSCOPY	3.8	2025-01-30	2026-07-08	712ba53eed1a77f4cf35130bf0c8fbc0ccd91859aedcf2e9fe4bac50f808e21e	e28e5db9b89ccfb105780e6d06765c1e344e2d03bee8b7c9e3951bb98763edb9	https://files.rcsb.org/download/9N3B.cif.gz	https://www.rcsb.org/fasta/entry/9N3B/download	2026-10-06T15:59:45+00:00	1
9OEF	removed_by_strict_cleaning	2.0		Structure of the human astrovirus VA1 capsid spike bound to antibody 7C8	ELECTRON MICROSCOPY	2.69	2025-04-28	2026-07-08	8b84f59c86afbf3cfb6b96de185099fd76ef956b74d3908471192c0b9dcd783a	ceeceb9a4107e1c3eeadc36e3ac2ac15a2147a0fc575dc79de427041b2570400	https://files.rcsb.org/download/9OEF.cif.gz	https://www.rcsb.org/fasta/entry/9OEF/download	2026-10-06T15:59:45+00:00	0
9RMK	processed	1.0		Structure of the O-oligosaccharyl transferase PglL from Neisseria meningitidis in complex with a nanobody	ELECTRON MICROSCOPY	3.3	2025-06-18	2026-07-08	1ebea055dd612c2721f938209c4858bfb1c74beb2417e511a8854ae1c4ee29ed	612b3875b789585001d38bdeb312df973f338e7ef93907fdc15a0ed4f35b1868	https://files.rcsb.org/download/9RMK.cif.gz	https://www.rcsb.org/fasta/entry/9RMK/download	2026-10-06T15:59:45+00:00	1
9Z12	processed	1.0		SARS-CoV-2 spike S2 in complex with antibody B3-1	ELECTRON MICROSCOPY	3.20	2025-11-03	2026-07-08	91bb36e5420fa279eb4857da711c2f0db514fe0c265cab1e1e2b5c016f2ddbd9	4635cc9e286e75d9a3040394a94947381687fa20024c347c97a499e49d418377	https://files.rcsb.org/download/9Z12.cif.gz	https://www.rcsb.org/fasta/entry/9Z12/download	2026-10-06T15:59:45+00:00	1
9YJJ	processed	1.0		Crystal structure of MERS-CoV spike stem helix peptide in complex with monoclonal antibody CC65.1	X-RAY DIFFRACTION	2.70	2025-10-03	2026-07-15	08523d9e8deb7754af6437479a2f2e0b1a01b7b387655a9e089c99f5f330c787	0e02e9957528658cea7232daa4176ecf0ffac2919b7c16956a9604a9cd0a48a0	https://files.rcsb.org/download/9YJJ.cif.gz	https://www.rcsb.org/fasta/entry/9YJJ/download	2026-10-06T15:59:45+00:00	1
13BF	processed	1.0		Cryo-EM structure of COL6A3-Fab complex	ELECTRON MICROSCOPY	3.00	2026-04-27	2026-07-15	ff1a3d17febbb892bc980cf32089a7df9a781b9188165a04fa9f145acae15a51	4b9043dfc26484f4ccdee7affc25d3179e823d3b218e0947b9b117c35874e2bb	https://files.rcsb.org/download/13BF.cif.gz	https://www.rcsb.org/fasta/entry/13BF/download	2026-10-06T15:59:45+00:00	1
9RUH	processed	1.0		Cryo-EM structure of the LB_DQB0602_B Fab - HLA-DQB1*06:02/DQA1*01:02 human alloantibody-HLA complex	ELECTRON MICROSCOPY	2.74	2025-07-04	2026-07-15	ef90e50b79891bc5541d0d2c3e8ac762042c6c18209074756bb75c130adeb190	25cb179d7cc2322a6b15ba65c2a5ccc6b17cb9f2ae8a69a78f9a532e3e7cc843	https://files.rcsb.org/download/9RUH.cif.gz	https://www.rcsb.org/fasta/entry/9RUH/download	2026-10-06T15:59:46+00:00	1
9RUF	processed	1.0		Cryo-EM structure of the LB_DQB0301_A Fab - HLA-DQB1*03:01/DQA1*05:02 human alloantibody-HLA complex	ELECTRON MICROSCOPY	2.9	2025-07-04	2026-07-15	1223008caa506b1bde57cfe29cc06735f2d77130b5c753d7e5432f9ae427af41	be8756ef68c168780e3315ab6731a4011822691be4244abba46aba7e4f97191c	https://files.rcsb.org/download/9RUF.cif.gz	https://www.rcsb.org/fasta/entry/9RUF/download	2026-10-06T15:59:46+00:00	1
13BR	processed	1.0		Cryo-EM structure of AZGP1-Fab complex	ELECTRON MICROSCOPY	3.10	2026-04-28	2026-07-15	219c103c280586da61f14f8ff8faeb031f7468476495a7af757022a6b4532636	8e272da1226b7e970dacdf92f24789818098631ed0b2901b609e5a701eb0f347	https://files.rcsb.org/download/13BR.cif.gz	https://www.rcsb.org/fasta/entry/13BR/download	2026-10-06T15:59:46+00:00	1
13BS	processed	1.0		CryoEM structure of IL36RA-Fab complex	ELECTRON MICROSCOPY	3.10	2026-04-28	2026-07-15	c471b1284a1ab8e5be35bc995415140f4b3a827b442ae8c6879a94bfdae6b800	2b4d92e0291261fbe800e27393299c8ba4c95c7f560b73967fc8fbfe9faec6a8	https://files.rcsb.org/download/13BS.cif.gz	https://www.rcsb.org/fasta/entry/13BS/download	2026-10-06T15:59:46+00:00	1
9YJI	processed	2.0		Crystal structure of SARS-CoV-2 spike stem helix peptide in complex with monoclonal antibody CC65.1	X-RAY DIFFRACTION	2.05	2025-10-03	2026-07-15	84080e7a87f93952388002c062c4e5a1c9916f6c70436abe263df833d3661bff	bf22b3e73cf3e0889480702ca15e46614098d96a5604610ea57718d180f9e184	https://files.rcsb.org/download/9YJI.cif.gz	https://www.rcsb.org/fasta/entry/9YJI/download	2026-10-06T15:59:46+00:00	2
9RUG	processed	1.0		Cryo-EM structure of the LB_DQB0303_A Fab - HLA-DQB1*03:03/DQA1*02:01 human alloantibody-HLA complex	ELECTRON MICROSCOPY	2.74	2025-07-04	2026-07-15	103c60217a1e98b7a3da76d0ecdcd7d4ede20ea8b570995969f5e8ab430eac54	84d18db503bf201311f5f5e8c751be7da88a034ebb0dd24878bcb463030525e2	https://files.rcsb.org/download/9RUG.cif.gz	https://www.rcsb.org/fasta/entry/9RUG/download	2026-10-06T15:59:46+00:00	1
9N29	processed	1.0		hM4Di(GRANPA) in complex with mGsI and diphenhydramine	ELECTRON MICROSCOPY	2.6	2025-01-28	2026-07-15	a2f4caa150d640904b36ecc2d6de0207265dbd113787162706601961e36b6142	4e8573e89b1bd2049e17b69f1cca00abb3850a5f07f387bd4a62fa0638badebe	https://files.rcsb.org/download/9N29.cif.gz	https://www.rcsb.org/fasta/entry/9N29/download	2026-10-06T15:59:46+00:00	1
9LE9	processed	2.0		Complex structure of THC-4447 Fab bound to SARS-CoV-2 XBB.1.5 RBD	X-RAY DIFFRACTION	3.14	2025-01-07	2026-07-15	b19f3814876d50c5bc097099d6d9cd1f4d69b93dddf87ba7c0a9ab143dc829f7	0a22dbcf6cf183095cda5f2b8d8a2ddf29bd1808684315312335085a06407869	https://files.rcsb.org/download/9LE9.cif.gz	https://www.rcsb.org/fasta/entry/9LE9/download	2026-10-06T15:59:46+00:00	2
9LFO	processed	2.0		Complex structure of THC-2199 Fab bound to SARS-CoV-2 XBB.1.5 RBD	X-RAY DIFFRACTION	2.91	2025-01-08	2026-07-15	cd02edca29efdb9f9d27f3c1dd3c741b4d85c0877d740f33b47c6e9a15278276	77f89fcd7b861960f8c003fc4fe5f85a376b3e26949b5174c90b01ab57092c27	https://files.rcsb.org/download/9LFO.cif.gz	https://www.rcsb.org/fasta/entry/9LFO/download	2026-10-06T15:59:46+00:00	2
9VUP	processed	2.0		SFTSV-Gn/N2D2 complex	X-RAY DIFFRACTION	2.52	2025-07-13	2026-07-15	23ba9a5b482e27e2153c8aeef32da3b9d259f85615d1e01edd7dea78d359b258	20a45ede19fb03eb65288dcf567029f8a469bf6bea19deea76a12c20825b6489	https://files.rcsb.org/download/9VUP.cif.gz	https://www.rcsb.org/fasta/entry/9VUP/download	2026-10-06T15:59:47+00:00	2
9VUD	processed	1.0		SFTSV-Gn/N4E8 complex	X-RAY DIFFRACTION	2.69	2025-07-12	2026-07-15	dc2ce9ccb4fe1103121d8e4295ecee4641586d7bbb6ee82166f857d51cc6c295	a38481e6923f795b2f9a1bd2a521a0301dc3ffd13e323be319071e0aafd0db28	https://files.rcsb.org/download/9VUD.cif.gz	https://www.rcsb.org/fasta/entry/9VUD/download	2026-10-06T15:59:47+00:00	1
9YJK	processed	1.0		Crystal structure of MERS-CoV spike stem helix peptide in complex with monoclonal antibody eCC65.1-12	X-RAY DIFFRACTION	2.51	2025-10-03	2026-07-15	a6ac76a3a983c09ae7c0dc627b1aa05a5d5b840ba61a93525ae0fbc7e812bda2	efb2fa95c3e68bbcd5fb07097506043a7cd15d2358e228cc8f456cc3a417c494	https://files.rcsb.org/download/9YJK.cif.gz	https://www.rcsb.org/fasta/entry/9YJK/download	2026-10-06T15:59:47+00:00	1
9VXH	processed	2.0		SFTSV-Gn/N2C1 complex	X-RAY DIFFRACTION	2.50	2025-07-18	2026-07-22	e2a0bb666b08aa7b1f85cd4006800276143bd2017a96beb8ea0b48a907cfe2c0	96f5a675a8a5d57b6714de55598ff901a2f5dc0eed3b222a7b200ea36ee02096	https://files.rcsb.org/download/9VXH.cif.gz	https://www.rcsb.org/fasta/entry/9VXH/download	2026-10-06T15:59:47+00:00	2
9UHQ	processed	1.0		Local refinement of JN.1 spike in complex with antibody BA5-39	ELECTRON MICROSCOPY	4.62	2025-04-14	2026-07-22	6b74707e98946d2e4b707db871184ac60efbf90cc840e950b6bd5fd7a4d8e5e5	672024f711cad18cb6690c5b92d433fb5d7c894b7c5c6fc95cbd46f628f7e786	https://files.rcsb.org/download/9UHQ.cif.gz	https://www.rcsb.org/fasta/entry/9UHQ/download	2026-10-06T15:59:47+00:00	1
35TL	processed	1.0		PD-L1 complexed with Germinal-designed anti-PD-L1 scFv H5	ELECTRON MICROSCOPY	3.93	2026-05-15	2026-07-22	f7bff0aebecb2e91c9025c5749065c8a6a6f67bb6be3af42dcb0754337dc14fa	9f3ba794e0cb3a70c6a140e719295dd652906ffe5d983f574d7c519d8eedb95c	https://files.rcsb.org/download/35TL.cif.gz	https://www.rcsb.org/fasta/entry/35TL/download	2026-10-06T15:59:47+00:00	1
9UHF	processed	1.0		JN.1 RBD in complex with antibody BA5-12	ELECTRON MICROSCOPY	4.18	2025-04-14	2026-07-22	49aa978e00ef1b5d1209f1609bed0028cb5002bf44968f904b1f867d69534e1f	662fbeace1f0166aa1bad32662a50c69a9948f9ea80596bbbefc3c76c09be88b	https://files.rcsb.org/download/9UHF.cif.gz	https://www.rcsb.org/fasta/entry/9UHF/download	2026-10-06T15:59:47+00:00	1
9YBH	processed	1.0		Anti HPA-1a Fab M-204 and integrin beta 3 complex	X-RAY DIFFRACTION	2.08	2025-09-17	2026-07-22	73e857f43013e7fa94193c369ff4a95531a7d791214d96bbc278178f6aa3f744	c994784a1fa0aa6a1196189f12aef4c469f6b0b365e8a9af0607c1bc76e5f630	https://files.rcsb.org/download/9YBH.cif.gz	https://www.rcsb.org/fasta/entry/9YBH/download	2026-10-06T15:59:47+00:00	1
9Q5H	processed	1.0		anti-HPA-1a Fab B2G1 CONFORMATION 1	X-RAY DIFFRACTION	2.00	2025-08-20	2026-07-22	621f32d5d5049758de68b54d399f4d66102ac855b1785896cb403f6b11ae99d7	842c1d7daca16bb84cce85b3dd83ddf03afcb7943a1518becb0ecd84ede1dc67	https://files.rcsb.org/download/9Q5H.cif.gz	https://www.rcsb.org/fasta/entry/9Q5H/download	2026-10-06T15:59:47+00:00	1
9Q5T	processed	1.0		anti-HPA-1a Fab SZ21 and integrin beta 3 complex	X-RAY DIFFRACTION	2.20	2025-08-21	2026-07-22	1e60850daef4d9fb934471728bd4ced90ad2f463fe6d5928abae075386d89cd6	de1c8f9e53aa0914ed077d49aaf4ff02ab24237d5ced63df1596aba0f71ba5ae	https://files.rcsb.org/download/9Q5T.cif.gz	https://www.rcsb.org/fasta/entry/9Q5T/download	2026-10-06T15:59:47+00:00	1
26WC	processed	2.0		Local refinement of the mpox virus A35R protein in complexed with 17H1 Fab	ELECTRON MICROSCOPY	3.63	2026-05-18	2026-07-22	883f7175355abc20dcfc69d06acfb04849ea3fb7ab21679171b435061ac4774a	100914a3aa3c8638fd356efdd7c762263850b7aba527b43865eb7de89dafac6d	https://files.rcsb.org/download/26WC.cif.gz	https://www.rcsb.org/fasta/entry/26WC/download	2026-10-06T15:59:47+00:00	2
9VWF	processed	3.0		Cryo-EM structure of RSV pre-F (strain A2) in complex with Fab 3G12	ELECTRON MICROSCOPY	3.14	2025-07-17	2026-07-22	26f15b334dfa2030eee10d734cbc188bbc0fd521b524ec440f70d4f7ac162291	f0ecdcbc2b06e23e863fffa7cb112ee7c5d4d019a05cce2bead9d240cae92a33	https://files.rcsb.org/download/9VWF.cif.gz	https://www.rcsb.org/fasta/entry/9VWF/download	2026-10-06T15:59:48+00:00	3
9VOS	processed	2.0		Cryo-EM Structure of GPR158 in Complex with RGS7-Gbeta5 and Nanobody Nb20	ELECTRON MICROSCOPY	4.3	2025-07-02	2026-07-22	10edad71d71e84d1d77eccd93ab7a3801d1b21756f14f29be5d108dcd4388fb7	3efd244a1825731a645b8108cfd42d7ad1b1c01af51442265e6aca407145f148	https://files.rcsb.org/download/9VOS.cif.gz	https://www.rcsb.org/fasta/entry/9VOS/download	2026-10-06T15:59:48+00:00	2
9Q4L	processed	2.0		anti-HPA-1a Fab 26.4	X-RAY DIFFRACTION	2.60	2025-08-20	2026-07-22	b7140b481a8f2cd957b1ce473adf8a2f4c1c651009d071e6f3de647918429706	e5bef212ccbcbe416b95c5004cba5bb442d774a778c00ab1b5b96aaa5fad3410	https://files.rcsb.org/download/9Q4L.cif.gz	https://www.rcsb.org/fasta/entry/9Q4L/download	2026-10-06T15:59:48+00:00	2
9Q5I	processed	1.0		anti-HPA-1a Fab B2G1 CONFORMATION 2	X-RAY DIFFRACTION	2.20	2025-08-20	2026-07-22	14c9d4d7de82795b146e42a7920c68c2d99863e7f4a961512f59c3d2f4ea68ff	13f4a89315be7fff3c2a1ee4b2777ef2457a608c3e9cf6d9d2211d6fcb1a538e	https://files.rcsb.org/download/9Q5I.cif.gz	https://www.rcsb.org/fasta/entry/9Q5I/download	2026-10-06T15:59:48+00:00	1
9Q68	processed	2.0		Anti-HPA-1a Fab D204 and integrin beta 3 complex	X-RAY DIFFRACTION	2.40	2025-08-21	2026-07-22	9a6407b800f352b2c8110858d35c525bb8557b9774bbb76596337f64ab6f11e5	4baeb14c0e5483942bea99d8425ee506b71efc3f8ef3ef9cb906f71247b47efc	https://files.rcsb.org/download/9Q68.cif.gz	https://www.rcsb.org/fasta/entry/9Q68/download	2026-10-06T15:59:48+00:00	2
9VWQ	processed	2.0		Crystal structure of Nanobody Nb3.30	X-RAY DIFFRACTION	1.30	2025-07-17	2026-07-22	53012369e37bd4d2829a6eab1adff5e913e2f0132c9c433c8f0e3c71bb7c034b	a0402c633b67470ae2b6fe24bf9200707a60b3a55301056799e0637165bb2dd6	https://files.rcsb.org/download/9VWQ.cif.gz	https://www.rcsb.org/fasta/entry/9VWQ/download	2026-10-06T15:59:48+00:00	2
9UHG	processed	1.0		JN.1 RBD in complex with antibody BA5-12-CDR1	ELECTRON MICROSCOPY	3.91	2025-04-14	2026-07-22	19511132135a08c240589b0c50ff1d2b19c32aeddadfed100d5588f32802c35d	32dd45695be00875d15a3da2ef5a5baaf0a0276c3b77f313f0b221990ed2691a	https://files.rcsb.org/download/9UHG.cif.gz	https://www.rcsb.org/fasta/entry/9UHG/download	2026-10-06T15:59:48+00:00	1
9P4F	processed	2.0		Cryo-EM structure of Nectin-2 complex with Fab F1	ELECTRON MICROSCOPY	3.01	2025-06-16	2026-07-22	6f1fbf42251d89dd2eb2ccd3a5cdafd7371f055dafc7607ec4db02a2ca6da6e7	ceb55394beb4466be958b6a11e98663fd3d728d2bdb8c6239049eacb0fb1fc6e	https://files.rcsb.org/download/9P4F.cif.gz	https://www.rcsb.org/fasta/entry/9P4F/download	2026-10-06T15:59:48+00:00	2
9ZRM	processed	1.0		Potently Neutralizing W010 antibody Fab fragment in complex with West Nile Virus EDIII	X-RAY DIFFRACTION	1.80	2025-12-20	2026-07-29	926344f11da204f0e8af05273d0d172056a1894d7f15480ffb70f9d8e351179f	3872f34d4bf6e8ff3eddc66afe84e41b64f6f84df42d6b2469ba82af61470d1e	https://files.rcsb.org/download/9ZRM.cif.gz	https://www.rcsb.org/fasta/entry/9ZRM/download	2026-10-06T15:59:49+00:00	1
9ZRN	processed	1.0		Neutralizing W014 Fab antibody fragment in complex with West Nile Virus EDIII	X-RAY DIFFRACTION	2.10	2025-12-20	2026-07-29	98768d336f2b8db139002367c6b8041567fb9dbd6c121481a6befb42b9d4379f	3a1bf8e414d660e75418a7246601e64bd35f3f7bcd8bc723128e65014141a347	https://files.rcsb.org/download/9ZRN.cif.gz	https://www.rcsb.org/fasta/entry/9ZRN/download	2026-10-06T15:59:49+00:00	1
9ZRP	processed	2.0		Neutralizing W049 antibody Fab fragment in complex with West Nile Virus EDIII	X-RAY DIFFRACTION	2.50	2025-12-20	2026-07-29	3cca4534d030d9004ceda635c8a8b0a60ec1f112002e7e2075473ef2e53a4b6b	e4e62caaad56dff2572b33c6bf752275605b9c22f2a9f0024ef33ed59f6e5bd4	https://files.rcsb.org/download/9ZRP.cif.gz	https://www.rcsb.org/fasta/entry/9ZRP/download	2026-10-06T15:59:49+00:00	2
9W1D	processed	1.0		Structure of nanobody sm8 against fenitrothion	X-RAY DIFFRACTION	1.730	2025-07-25	2026-07-29	7219738a24532c42dad42869e54d4ca6e866a9be104be9e890fbb3fd98cfc457	6966d0200894591f3580f2b640b9132cb1cbeca70474989ec36500b5411ce1f4	https://files.rcsb.org/download/9W1D.cif.gz	https://www.rcsb.org/fasta/entry/9W1D/download	2026-10-06T15:59:49+00:00	1
9ZRO	processed	1.0		Neutralizing W037 Fab antibody fragment in complex with West Nile Virus EDIII	X-RAY DIFFRACTION	1.40	2025-12-20	2026-07-29	56b3deeadb210f65aef68babf6b106c86df56255236d13141f39dfa640754df3	fb113ed8af69092b53f9bc17424fbade2664c14c8eabec4289f9b34c810d8970	https://files.rcsb.org/download/9ZRO.cif.gz	https://www.rcsb.org/fasta/entry/9ZRO/download	2026-10-06T15:59:49+00:00	1
9YEO	processed	4.0		Cryo-EM structure of double-bound FDG antibody VRC49.01 in complex with HIV-1 Env BG505 DS-SOSIP trimer	ELECTRON MICROSCOPY	3.64	2025-09-24	2026-08-05	37e04f755e24a9496a45a5c2e822f1452c7deb944e967c890427022e54fdd67b	a66dca8625c0fc1e4761377531b1acc57290f9cf00e26014a817e802f98d2ff1	https://files.rcsb.org/download/9YEO.cif.gz	https://www.rcsb.org/fasta/entry/9YEO/download	2026-10-06T15:59:49+00:00	4
9PUM	processed	2.0		Human respirovirus 3 hemagglutinin-neuraminidase dimer in complex with VHH A2R3-60	ELECTRON MICROSCOPY	2.8	2025-07-31	2026-08-05	18e0937fd5b1b9badfbda83cf53b13bc87651df3bf4791590bdc112b9d241f15	26e85c2db9849e335e5d079f102bab8aad23b6dd8455a82f0633010e68d58549	https://files.rcsb.org/download/9PUM.cif.gz	https://www.rcsb.org/fasta/entry/9PUM/download	2026-10-06T15:59:49+00:00	2
9YEM	processed	6.0		Cryo-EM structure of triple-bound FDG antibody VRC49.01 in complex with HIV-1 Env BG505 DS-SOSIP trimer	ELECTRON MICROSCOPY	3.81	2025-09-24	2026-08-05	5cf3e15a6b4927593cb9f115b3eb7c3bda8a946a4e28131b32bf57ba4565d17d	a9e377aa9dc1854c1f52134a8ba4722679873cf5f8ec39ba54961e5bbbf24767	https://files.rcsb.org/download/9YEM.cif.gz	https://www.rcsb.org/fasta/entry/9YEM/download	2026-10-06T15:59:50+00:00	6
9Y90	processed	3.0		Cryo-EM structure of Broadly neutralizing antibody VRC48.02 in complex with HIV-1 Env BG505 DS-SOSIP trimer	ELECTRON MICROSCOPY	3.43	2025-09-12	2026-08-05	ae3e9c0016d0a148317c185c80800ac018b5dc71a01a3d30ecca67719f65529e	ad4af86b34e8a65bbae2ddee0320f530ecd63cf21e648ec872a6a242f5a57c2c	https://files.rcsb.org/download/9Y90.cif.gz	https://www.rcsb.org/fasta/entry/9Y90/download	2026-10-06T15:59:49+00:00	3
9XO2	processed	1.0		PEDV HNXX spike trimer with one D0 Down in complex with one N19 Fab	ELECTRON MICROSCOPY	2.71	2025-11-13	2026-08-05	dfc4843c580776c97d74f07ffaf1ca561db03ce57555292dafae55239c57f1f3	1ee45786f9d671343de04d3fc7baeef59a6e0f1bfeadfb3276adbf077bb7d40f	https://files.rcsb.org/download/9XO2.cif.gz	https://www.rcsb.org/fasta/entry/9XO2/download	2026-10-06T15:59:50+00:00	1
9XAW	processed	4.0		Structure of the SARS-CoV-2 Spike N-terminal domain(NTD) in complex with the BLN8 Fab	X-RAY DIFFRACTION	3.13	2025-10-23	2026-08-05	a8292329f014f2a1f5656ac3faae59b589a303f89a96bee5f279e052f30015f5	944ce7bf21981ee76c905e8ed7d871b6ca6e52ea60c34682c44b1947974f380b	https://files.rcsb.org/download/9XAW.cif.gz	https://www.rcsb.org/fasta/entry/9XAW/download	2026-10-06T15:59:50+00:00	4
9YDW	processed	2.0		Cryo-EM structure of single-bound FDG antibody VRC49.01 in complex with HIV-1 Env BG505 DS-SOSIP trimer	ELECTRON MICROSCOPY	3.34	2025-09-23	2026-08-05	b06682361121cd918ff35bd87adcf5264776b89a23ead315ebcfe3e905fc9333	cfb344124631999e8d08396319c67847413d4fcb3121de92418915e407639bdf	https://files.rcsb.org/download/9YDW.cif.gz	https://www.rcsb.org/fasta/entry/9YDW/download	2026-10-06T15:59:50+00:00	2
9TY2	processed	1.0		Crystal structure of a Picomolar Nanobody in complex with Maltose Binding Protein, MBP, and maltose	X-RAY DIFFRACTION	1.750	2026-01-16	2026-08-05	c453edaa56e78f2288a5d12ceeaf3c84dd315b475c33cc8384798cb469482275	40225ddd8456a0a1dac6e7a09b2846f6378662f8ae2bde61e106ecaaf3f7dff2	https://files.rcsb.org/download/9TY2.cif.gz	https://www.rcsb.org/fasta/entry/9TY2/download	2026-10-06T15:59:50+00:00	1
9XAR	processed	2.0		Structure of the SARS-CoV-2 Spike N-terminal domain(NTD) in complex with the C1624 Fab	X-RAY DIFFRACTION	2.77	2025-10-23	2026-08-05	ede60548ec531e5c9665a2653b82007863c6adc98327ad9897e212dadb0dbe5e	300805cedaa8c907dbf0e042f3504612ab1cc4f37909bd9d15dba80d84b37e84	https://files.rcsb.org/download/9XAR.cif.gz	https://www.rcsb.org/fasta/entry/9XAR/download	2026-10-06T15:59:50+00:00	2
27UH	processed	4.0		Crystal structure of a de novo-designed VHH targeting S100A4	X-RAY DIFFRACTION	1.82	2026-06-12	2026-08-05	a9a895a9fb95274df1f38fa360f44cb1be8c635526a729bc5dc84a3110fff26b	b8a9e655b07a9d7c86a031f47c2ebf6e50745e2dccfecf8a9629061184081ca9	https://files.rcsb.org/download/27UH.cif.gz	https://www.rcsb.org/fasta/entry/27UH/download	2026-10-06T15:59:50+00:00	4
9SLQ	processed	4.0		Trypanosome brucei enolase in complex with a camelid single-domain antibody	X-RAY DIFFRACTION	2.33	2025-09-04	2026-08-05	3414ce303018f4ceecce0ff47632086c3f5eadb2e49be307287aa370c3807f51	c1f8eae524132dea5fc003d7fdbdeae9c7d12d75c9f71d6090a8fc788bcc57cc	https://files.rcsb.org/download/9SLQ.cif.gz	https://www.rcsb.org/fasta/entry/9SLQ/download	2026-10-06T15:59:50+00:00	4
9XA4	processed	1.0		Structure of the Omicron BA.4/5 Spike N-terminal domain(NTD) in complex with the AC2 Fab	X-RAY DIFFRACTION	2.52	2025-10-22	2026-08-05	132d27ea519abc0b8456c64b3e7cf47180545c434acce1c14a826655aae87a3f	fa2a5df327a935a7c485d2ef80ea316444e3ddc4b1d819cb20cc828175463eb4	https://files.rcsb.org/download/9XA4.cif.gz	https://www.rcsb.org/fasta/entry/9XA4/download	2026-10-06T15:59:50+00:00	1
9X9Z	processed	1.0		Structure of the Omicron BA.2.86 variant Spike N-terminal domain(NTD)in complex with the antibody Fab fragment, C1717	X-RAY DIFFRACTION	2.55	2025-10-22	2026-08-05	a8eda38c18f29a01b0c832a1eaed78fa2ca0bde6f2c884c0baa735bdd6d6e5f5	25eb50f7367861c38dce14760178369c03a1d573256c2477ad772968d7a3792a	https://files.rcsb.org/download/9X9Z.cif.gz	https://www.rcsb.org/fasta/entry/9X9Z/download	2026-10-06T15:59:50+00:00	1
9XA5	processed	1.0		Structure of the Omicron BA.4/5 Spike N-terminal domain(NTD) in complex with the AC8 Fab	X-RAY DIFFRACTION	3.32	2025-10-22	2026-08-05	8d6459ed8d4ff5adc51a2c5337c31b5e576b46f7817c1cf5c7638da3c7f54ba9	09d441a32bae207dcac98bf64491de7673a85efb4f0a328385477f674338e5d1	https://files.rcsb.org/download/9XA5.cif.gz	https://www.rcsb.org/fasta/entry/9XA5/download	2026-10-06T15:59:50+00:00	1
43YY	processed	1.0		Cryo-EM structure of N19 Fab : D0D-S1A	ELECTRON MICROSCOPY	2.30	2026-07-22	2026-08-05	a2c92d910c6cddd6139caf8bcf0bf99bffbd239b66311e101d6ab6dc0479d78d	9123943ae1366ae47b35692c9c46437798571436f8e0a104ed649ee7d2fb6ea8	https://files.rcsb.org/download/43YY.cif.gz	https://www.rcsb.org/fasta/entry/43YY/download	2026-10-06T15:59:51+00:00	1
9XNY	processed	1.0		Focus refinement of PEDV HNXX spike monomer with D0 down in complex with N19 Fab	ELECTRON MICROSCOPY	2.20	2025-11-13	2026-08-05	6fd6a5bde40b05eecb75d76d4571c3487d78da587ae87c7f5517ededa523e457	effe99b7efd943627a3cc867d79f9d45477f3aba5121b9e1455e409aaa8173d8	https://files.rcsb.org/download/9XNY.cif.gz	https://www.rcsb.org/fasta/entry/9XNY/download	2026-10-06T15:59:51+00:00	1
9PUR	processed	2.0		Human respirovirus 1 hemagglutinin-neuraminidase dimer in complex with VHH A2R3-60	ELECTRON MICROSCOPY	3.2	2025-07-31	2026-08-05	f79214f23b90a2b320e28523b38172f369f102057d1e6f3379d177388e1e938e	260316a176943a536c8839987b82d48c462954eca2ca5b36a7ccd59272418d95	https://files.rcsb.org/download/9PUR.cif.gz	https://www.rcsb.org/fasta/entry/9PUR/download	2026-10-06T15:59:51+00:00	2
26AP	processed	1.0		Complex between N-lobe Arc mutant F267/F5Phe and nanobody H11	X-RAY DIFFRACTION	1.50	2026-04-24	2026-08-05	b01ad885fe7faac3b590b100c1064dd88ce1c6e18a8754fd4b57653d5c3e3f66	25fa43a36a0c23bf64a77b8f26fdbbb39598f0e03047298c77c7696dab2f68bb	https://files.rcsb.org/download/26AP.cif.gz	https://www.rcsb.org/fasta/entry/26AP/download	2026-10-06T15:59:51+00:00	1
9PUP	processed	2.0		Human respirovirus 3 hemagglutinin-neuraminidase dimer in complex with VHH A2R3-59	ELECTRON MICROSCOPY	3.2	2025-07-31	2026-08-05	29d3a1256f18dea6482d92c3a6dc549c035803fcfb765eb6d0fef392b44354d4	85bf5b7f5a196463c0ae3f9aead58da68ddf423a0e87dbe71ed4acfd53d7d296	https://files.rcsb.org/download/9PUP.cif.gz	https://www.rcsb.org/fasta/entry/9PUP/download	2026-10-06T15:59:51+00:00	2
9LQI	processed	2.0		Structure of Nanobody-161 in complex of Tumor necrosis factor receptor 2 (TNFR2)	X-RAY DIFFRACTION	2.95	2025-01-28	2026-08-05	a72f3c43e577db731a4e806d2d2bc416c5a7bed1e349a481011c1ab8906e53fd	954d9e58ba7bfa1644d53260ecd2faee5911bfa7c72a12aa6b03f9c08d706be3	https://files.rcsb.org/download/9LQI.cif.gz	https://www.rcsb.org/fasta/entry/9LQI/download	2026-10-06T15:59:51+00:00	2
9YZ8	processed	1.0		Crystal Structure of VHH MOD203 in complex with SARS-CoV-2 KP.3 RBD	X-RAY DIFFRACTION	1.90	2025-10-30	2026-08-12	f3ae924720899cd8ea85f1850fcbb3cfcaceb89a6f9fa405177c1a8fe5d23396	7b53ac9d1da6bb3077cc1c5edbad8b8811e63a2084580dc71ec4a8cd20170651	https://files.rcsb.org/download/9YZ8.cif.gz	https://www.rcsb.org/fasta/entry/9YZ8/download	2026-10-06T15:59:51+00:00	1
9YZ7	processed	1.0		Crystal Structure of VHH MOD225 in complex with SARS-CoV-2 KP.3 RBD	X-RAY DIFFRACTION	2.35	2025-10-30	2026-08-12	55b7ac5f942aefd15950f703f00d205a3090dd206f854dca16f877f01e7c34c7	a047b16fd8b14204afabc9cd7b09ec05c69e500be32d6a07d16a53f30b458888	https://files.rcsb.org/download/9YZ7.cif.gz	https://www.rcsb.org/fasta/entry/9YZ7/download	2026-10-06T15:59:51+00:00	1
9S6K	processed	2.0		Structure of C. tepidum Rel in an open state in complex with Nb898	X-RAY DIFFRACTION	3.15	2025-08-01	2026-08-12	f6cceeda96dce392204ad800dff80f9ea206518983877ed4f8177fb037d426b0	9c3062b3316ef07e052befc9d8431d3ec0fb628c465f34986133161330cbf6c6	https://files.rcsb.org/download/9S6K.cif.gz	https://www.rcsb.org/fasta/entry/9S6K/download	2026-10-06T15:59:52+00:00	2
9YZ9	processed	2.0		Crystal Structure of VHH MOD239 in complex with SARS-CoV-2 KP.3 RBD	X-RAY DIFFRACTION	2.10	2025-10-30	2026-08-12	41ac83f69c1f70a27e4550dd51a869ab3e0fa0a4758750f2f4b9ca6fbde8af67	5f425103ac3b4650fce0d72f265e24eb7d364d4084e5de0145b3b84b9b8fb6c8	https://files.rcsb.org/download/9YZ9.cif.gz	https://www.rcsb.org/fasta/entry/9YZ9/download	2026-10-06T15:59:52+00:00	2
9XI7	processed	3.0		SARS-CoV-2 Omicron BA.4/5 spike trimer in complex with BD56-597 Fab and ACE2 (3 RBD up)	ELECTRON MICROSCOPY	3.22	2025-11-02	2026-08-12	b4859266e083853f97ce42bc8b394c59a0c285e7aa4d2e0f4627b5ab6125e466	6e94ca933adcfdab68aa3cca5993785cd9cb7a1c60aff2547d2e093f5f34c049	https://files.rcsb.org/download/9XI7.cif.gz	https://www.rcsb.org/fasta/entry/9XI7/download	2026-10-06T15:59:52+00:00	3
9XI8	processed	1.0		Sarbecovirus GX2013 Spike S1 in complex with C092 Fab	ELECTRON MICROSCOPY	3.45	2025-11-02	2026-08-12	20660b31b615882c53510c1b9a44b29d65c1ec859646b714d3778158a574133b	0aab1b0be1252d68750a44df1aad82a8da16b1fe4569abe7f4328738af51ac40	https://files.rcsb.org/download/9XI8.cif.gz	https://www.rcsb.org/fasta/entry/9XI8/download	2026-10-06T15:59:52+00:00	1
9XI0	processed	3.0		SARS-CoV-2 Omicron BA.4/5 spike trimer in complex with C092 Fab and ACE2 (3 RBD up)	ELECTRON MICROSCOPY	3.98	2025-11-02	2026-08-12	af9850a20125554c5e0f880ccaae7c4f7ba06c7317b79f7003c07fb75645a593	89087afde36609ca1f0b20974486b5f9826496262fe9afb6aeb4f96bf476ec38	https://files.rcsb.org/download/9XI0.cif.gz	https://www.rcsb.org/fasta/entry/9XI0/download	2026-10-06T15:59:52+00:00	3
9XI1	processed	1.0		SARS-CoV-2 Omicron BA.4/5 spike RBD in complex with C092 Fab and ACE2	ELECTRON MICROSCOPY	2.58	2025-11-02	2026-08-12	c4cbf19d524a002f92957ad9d6d4ee7e7ae1bcd4aaa9236ef26afd89033b5a77	3446e8078289df43bcf6486f67a30fe502b4d8f62122e33c99ceeecd13d57e5a	https://files.rcsb.org/download/9XI1.cif.gz	https://www.rcsb.org/fasta/entry/9XI1/download	2026-10-06T15:59:52+00:00	1
9XI2	processed	1.0		SARS-CoV-2 Omicron BA.4/5 spike RBD in complex with C807 Fab and ACE2	ELECTRON MICROSCOPY	2.83	2025-11-02	2026-08-12	7522f42895c409209c6aec3ff140f02ed891de67eb16af381fa515baa2a5126a	cdb2ef93e42bc82acc5ca58ab6d3a95e1cfbcd823085d920a56115c587dd85d4	https://files.rcsb.org/download/9XI2.cif.gz	https://www.rcsb.org/fasta/entry/9XI2/download	2026-10-06T15:59:52+00:00	1
9XI3	processed	3.0		SARS-CoV-2 Omicron BA.4/5 spike trimer in complex with C807 Fab and ACE2 (3 RBD up)	ELECTRON MICROSCOPY	4.74	2025-11-02	2026-08-12	f4b18fa13baa1bfc07b12a74706cf9d65b9b68985b130311df5dbf0f40ef2959	3e4b732acad2296c4232009c030b0de032486b7ef8150f997367ebf50a5a02f8	https://files.rcsb.org/download/9XI3.cif.gz	https://www.rcsb.org/fasta/entry/9XI3/download	2026-10-06T15:59:52+00:00	3
9XI4	processed	1.0		SARS-CoV-2 Omicron BA.4/5 spike RBD in complex with BD56-104 Fab and ACE2	ELECTRON MICROSCOPY	2.83	2025-11-02	2026-08-12	ca517cecc9132c2042dd5c3ea9f77ebf435e08c6a043429c023f74b51da99f58	19cccfe6d393f31ce47d9cced47e91d88aff299692d958ecda7eaccdefe3d6e5	https://files.rcsb.org/download/9XI4.cif.gz	https://www.rcsb.org/fasta/entry/9XI4/download	2026-10-06T15:59:52+00:00	1
9XI5	processed	3.0		SARS-CoV-2 Omicron BA.4/5 spike trimer in complex with BD56-104 Fab and ACE2 (3 RBD up)	ELECTRON MICROSCOPY	3.06	2025-11-02	2026-08-12	c55eed13a6e1e630a6e025275e3108cf7419624ecb84c07e41ed772b90d86fb4	48be0b85e1b15725f20f84288a48fbb8893310eeb06f0ac4fcd321e77dedd77d	https://files.rcsb.org/download/9XI5.cif.gz	https://www.rcsb.org/fasta/entry/9XI5/download	2026-10-06T15:59:52+00:00	3
9XI6	processed	1.0		SARS-CoV-2 Omicron BA.4/5 spike RBD in complex with BD56-597 Fab and ACE2	ELECTRON MICROSCOPY	2.60	2025-11-02	2026-08-12	c4f3afed3be3a1a042b134de9b1211174ebe165cfaaf1b70066ae6e1b57d548c	f719bd61e5f9dcf930ded02a29c5fadc750104b514934c14bd360e5e534318fb	https://files.rcsb.org/download/9XI6.cif.gz	https://www.rcsb.org/fasta/entry/9XI6/download	2026-10-06T15:59:52+00:00	1
9XHZ	processed	2.0		SARS-CoV-2 Omicron BA.4/5 spike trimer in complex with C092 Fab and ACE2 (2 RBD up)	ELECTRON MICROSCOPY	5.28	2025-11-02	2026-08-12	f6baada6ff5da426ba4f2de02e794d88d96141bd5f866c137efed251f2ffdcbb	00e4858a49e2323e8db5d6201c40c2c48b76da69f99b75b7b63f241da849e81e	https://files.rcsb.org/download/9XHZ.cif.gz	https://www.rcsb.org/fasta/entry/9XHZ/download	2026-10-06T15:59:52+00:00	2
9XHY	processed	1.0		SARS-CoV-2 Omicron BA.4/5 spike RBD in complex with C092 Fab and ACE2	ELECTRON MICROSCOPY	3.84	2025-11-02	2026-08-12	5022189ef05eb1b34206c994896db7d1ccc9719decdb6ce9385726fb683ae31a	4c02a996cd59eeb7170fc9c0ff963b1b61ede031f3d3fc97e85c1a1e04e38b80	https://files.rcsb.org/download/9XHY.cif.gz	https://www.rcsb.org/fasta/entry/9XHY/download	2026-10-06T15:59:52+00:00	1
32NZ	processed	1.0		An activating H90 ScFv bound to the hyaluronan-binding domain of human CD44	X-RAY DIFFRACTION	1.800	2026-07-17	2026-08-12	5ff451391cc0b5b8bf721a77e5d4634c84f5b2db99a37dcd64b9f5a034a06553	d983e3708ead3c3d48df013f7adcd90a90ceb964fa97447c2e074dd42c6c7b0d	https://files.rcsb.org/download/32NZ.cif.gz	https://www.rcsb.org/fasta/entry/32NZ/download	2026-10-06T15:59:53+00:00	1
9NPM	processed	6.0		Composite map of three pairs of dimeric VRC36 Fabs bound to HIV-1 BG505.T332N DS-SOSIP.664 Env trimer	ELECTRON MICROSCOPY	3.59	2025-03-11	2026-08-19	a7ce43c9d11d83bb22e8eb27df9b1467ea5b084685fbfb9e94e976ba73993e92	2cf1a7062120aafe9935804cac09a7bb83a63f5efeee3f36d08dd6df92c1895d	https://files.rcsb.org/download/9NPM.cif.gz	https://www.rcsb.org/fasta/entry/9NPM/download	2026-10-06T15:59:53+00:00	6
9ZTJ	processed	3.0		CryoEM structure of H5N1 A/Texas/37/2024 HA bound to Fab H91	ELECTRON MICROSCOPY	3.08	2025-12-23	2026-08-19	dac0f049f006ddb264f557fb3a9c9df3bd85d2d90c8d2c652bfc61b88d2ac228	7d3c6caaf895b3fd5bd6781858b5a2e8a9c94622d83433d01914f1c9165c6265	https://files.rcsb.org/download/9ZTJ.cif.gz	https://www.rcsb.org/fasta/entry/9ZTJ/download	2026-10-06T15:59:53+00:00	3
32JG	processed	2.0		Nanobody Nb3 against SOG1 NAC domain	X-RAY DIFFRACTION	1.45	2026-07-12	2026-08-26	e9dd9f86c8ca2a5caa35bbcbdb27941329d6e263bc20383d6bf55fe1eca282f0	61d9370ad41f5c96fd12cdf24584eb130fbb10b5d9427afabc7ef27af86a4cf2	https://files.rcsb.org/download/32JG.cif.gz	https://www.rcsb.org/fasta/entry/32JG/download	2026-10-06T15:59:53+00:00	2
32JH	processed	3.0		Nanobody Nb7 against SOG1 NAC domain	X-RAY DIFFRACTION	2.45	2026-07-12	2026-08-26	50628823eaa7b5aba8487fd9f655aface928f705e5536b0116c19f29003eab33	61073b6ac077b21f24a3fa3688f5723ce4944cba5589a8f929275b9c9651edd2	https://files.rcsb.org/download/32JH.cif.gz	https://www.rcsb.org/fasta/entry/32JH/download	2026-10-06T15:59:53+00:00	3
28JD	processed	3.0		BKPyV VP1 IN COMPLEX WITH scFv 319C07	X-RAY DIFFRACTION	3.726	2026-02-03	2026-08-26	6820cde189150dbb3ab9b79f5dbe2d3d5c05a476db1ed6b1b67fbef70714b263	98b196bd58547eabb52c8f1d6e3e94021cb84e181abe51b160825de62080b964	https://files.rcsb.org/download/28JD.cif.gz	https://www.rcsb.org/fasta/entry/28JD/download	2026-10-06T15:59:54+00:00	3
12IF	processed	2.0		Cryo-EM structure of B/Phuket/3037/2013 hemagglutinin trimer in complex with two KL-BHA-3D7 Fab fragments	ELECTRON MICROSCOPY	3.98	2026-04-07	2026-08-26	9705e92bb7e16a01712ce59892a7077b21fbdfb57b18f81744923802ae134818	bf59a69b5ee910f92929f4a7a380d3039fc866a2151cbbcd1bb31964122dc2e3	https://files.rcsb.org/download/12IF.cif.gz	https://www.rcsb.org/fasta/entry/12IF/download	2026-10-06T15:59:53+00:00	2
9WFX	processed	1.0		Crystal structure of MPXV A35R in complex with a neutralizing antibody 347	X-RAY DIFFRACTION	3.00	2025-08-22	2026-08-26	9bc5ee540adeeba5ec5f20ec9d860e685cac110088100f26c8a9b1166898a201	32172ec8ecf2928bf4131cf8731f3e4c7bbacd5d6676c37b65f2847c787f43e5	https://files.rcsb.org/download/9WFX.cif.gz	https://www.rcsb.org/fasta/entry/9WFX/download	2026-10-06T15:59:53+00:00	1
25SB	processed	5.0		CyroEM structure of the complex between Shiga toxin Stx1a B subunit and neutralising Fab fragment of RDS059	ELECTRON MICROSCOPY	2.00	2026-04-16	2026-08-26	5d1dad0418e07cd34fc161982e9a214186bd32cf038dfd08ddf1066e590d2622	00685001686443377dd475e40ea2ca58d18a42d96a313dbf94249ab7b9839f84	https://files.rcsb.org/download/25SB.cif.gz	https://www.rcsb.org/fasta/entry/25SB/download	2026-10-06T15:59:54+00:00	5
9Q0F	processed	1.0		Structure of angiotensin II type 1 receptor bound to a b-arrestin biased allosteric modulator stabilized by a synthetic nanobody	ELECTRON MICROSCOPY	3.02	2025-08-12	2026-08-26	25a239ae135edae8b41ddbf402b5b1f5d234b0fc280e7c46e97fe3ae06e04983	c40b952bc375968522b5b89f2a3b4ee3ec45b3e14f71d931c46cf840a449a134	https://files.rcsb.org/download/9Q0F.cif.gz	https://www.rcsb.org/fasta/entry/9Q0F/download	2026-10-06T15:59:54+00:00	1
23VF	processed	2.0		Crystal structure of CEACAM1 in complex with MG1124 antibody	X-RAY DIFFRACTION	1.793	2026-02-20	2026-08-26	0b4eb3fde0466515d7ea0c2e0e2103a67c6be87982a3d890a2f2677b0a0e0432	d37a8f50584a5a1aa96e821dfe0770f862182ee459fb344f7a5f7b69dc6166e0	https://files.rcsb.org/download/23VF.cif.gz	https://www.rcsb.org/fasta/entry/23VF/download	2026-10-06T15:59:54+00:00	2
32JE	processed	2.0		Nanobody Nb1 against SOG1 NAC domain	X-RAY DIFFRACTION	2.30	2026-07-12	2026-08-26	fc9730ad72e4446056236801fc5e0b66fc97750fc50f3964c50905a9c15d1c95	148d7b58a227a13e0ed9b0bd5d6fcf6c3bba9b994b66a7ff7ca645e0fa80a5a3	https://files.rcsb.org/download/32JE.cif.gz	https://www.rcsb.org/fasta/entry/32JE/download	2026-10-06T15:59:54+00:00	2
12ID	processed	3.0		Cryo-EM structure of B/Lee/1940 hemagglutinin trimer in complex with three KL-BHA-3F4 Fab fragments	ELECTRON MICROSCOPY	2.40	2026-04-07	2026-08-26	4b9d06a62ccd67c0936624811ba991d88beb2725ea314911d2c86aa908665b59	504b5e3f9e95d7d3496dd95c017f3085e7537580b111c2ae24865236bdfc3a98	https://files.rcsb.org/download/12ID.cif.gz	https://www.rcsb.org/fasta/entry/12ID/download	2026-10-06T15:59:54+00:00	3
9S9E	processed	2.0		Co-crystal of broadly neutralizing biparatopic monomeric VHH in complex with cardiotoxin (P01468) naja pallida	X-RAY DIFFRACTION	1.31	2025-08-06	2026-09-02	8f8f17045931f34ad36abfd524529f90368feb4ebbcc5236f573ae913cf0beee	06f0821986a785e57d3d841f758fbc67f44a8c34bbc011220e5c427a93cfdf9a	https://files.rcsb.org/download/9S9E.cif.gz	https://www.rcsb.org/fasta/entry/9S9E/download	2026-10-06T15:59:54+00:00	2
25RG	processed	5.0		CyroEM structure of the complex between Shiga toxin Stx1a B subunit and neutralising Fab fragment of RDS045	ELECTRON MICROSCOPY	2.50	2026-04-15	2026-09-02	4f9be25271565d34e46e5b2ca92fededff7a9d7836c23bf8f482e85a44228aaa	408e8c2e11eb3302debf4eee398c9bf45eb4ac00d9571f1c357b34472849d011	https://files.rcsb.org/download/25RG.cif.gz	https://www.rcsb.org/fasta/entry/25RG/download	2026-10-06T15:59:54+00:00	5
29IN	processed	1.0		Structural basis of autoantibody binding in IgLON5 disease	ELECTRON MICROSCOPY	3.50	2026-03-13	2026-09-02	2d9a538170b4c3456943e46bd932d7ee8826f8ad7eadc34ca9ad4803532b1fc6	8e76a5dbfd67011f4a78aef3640aa6ca68f6e2531d725b7370fd73cf21d0c4e9	https://files.rcsb.org/download/29IN.cif.gz	https://www.rcsb.org/fasta/entry/29IN/download	2026-10-06T15:59:54+00:00	1
30AD	processed	1.0		Complex between IgE-Fc and anti-IgE Fab aeFab81	X-RAY DIFFRACTION	3.200	2026-04-16	2026-09-02	49effe0f5da91fda4504f50968140dececeea77482a2f47ce45e5faec93d08b8	081d9620da5d239544aaedae8c7bc068b44b1133167c0d19e54a1f87be3bfc30	https://files.rcsb.org/download/30AD.cif.gz	https://www.rcsb.org/fasta/entry/30AD/download	2026-10-06T15:59:55+00:00	1
29CP	processed	2.0		Structural basis of autoantibody binding in IgLON5 disease	ELECTRON MICROSCOPY	3.7	2026-03-05	2026-09-02	98719025dec25daf4fdda40dd487f3f26f5b3bcb895d66b7e2eae1a4cce3c06f	ee6fc95cca5b7a42203bb6bce388990a3029fb94046e76ad37d2e6b07f30048f	https://files.rcsb.org/download/29CP.cif.gz	https://www.rcsb.org/fasta/entry/29CP/download	2026-10-06T15:59:55+00:00	2
9XJK	processed	1.0		Structure of neutralizing antibody B9 with MPXV M1R	ELECTRON MICROSCOPY	3.46	2025-11-04	2026-09-02	1ade05f11e9c2d40447529351aca5f83ea29ef6b1e1dfc484cee38c8bf58fe85	5242d969e67ac3e737ed6f451ca6788e67caaf4d4ed94b8d87b1b588ad4be5ac	https://files.rcsb.org/download/9XJK.cif.gz	https://www.rcsb.org/fasta/entry/9XJK/download	2026-10-06T15:59:55+00:00	1
9SF4	processed	3.0		Prefusion-stabilized Hendra virus fusion protein in complex with inhibitory nanobody F130	ELECTRON MICROSCOPY	2.6	2025-08-19	2026-09-02	9441e3258356b7b18f426ccb75f8715a32d789e640cb3df824b453d926db9d6c	f08d1935550759a82e5498b378895bd628afb95071531c1c787135dbf0be104a	https://files.rcsb.org/download/9SF4.cif.gz	https://www.rcsb.org/fasta/entry/9SF4/download	2026-10-06T15:59:55+00:00	3
9T5Q	processed	2.0		LRR domain Structure of LRRC8A in complex with synthetic nanobody Sb4	X-RAY DIFFRACTION	1.60	2025-11-05	2026-09-02	3959b49960818a3b2b33697e61c2cba4d2bb679c6905cc6ec43a1a533859f1ab	be2f9538123cf7a7a815dd4b13d77a6b46fb0e8d9d9bdb21221c899fd0487c05	https://files.rcsb.org/download/9T5Q.cif.gz	https://www.rcsb.org/fasta/entry/9T5Q/download	2026-10-06T15:59:55+00:00	2
9T5O	processed	4.0		Structure of heteromeric mouse LRRC8A/D Volume-Regulated Anion Channel in complex with synthetic nanobody Sb1, Conformation 2	ELECTRON MICROSCOPY	3.16	2025-11-05	2026-09-02	8bba3a94ea9d76e9f67dbadb75576aa7cc8abb1bdfeaf452923f3e34ba6f39d0	364b925598249c00033efbb28e5ff78f3ebdfa9c589dcc41c42a77bb6bc9b767	https://files.rcsb.org/download/9T5O.cif.gz	https://www.rcsb.org/fasta/entry/9T5O/download	2026-10-06T15:59:55+00:00	4
9T5N	processed	4.0		Structure of heteromeric mouse LRRC8A/D Volume-Regulated Anion Channel in complex with synthetic nanobody Sb1, Conformation 1	ELECTRON MICROSCOPY	3.02	2025-11-05	2026-09-02	ddd5f045c2ffb8e2d2027c9a5e73bf79c84cebe29b0e4b00614d8cc3fc3191a4	350168d27b02152d48ecde0030cfafe19ca85b77967721c402d7c80aae217f92	https://files.rcsb.org/download/9T5N.cif.gz	https://www.rcsb.org/fasta/entry/9T5N/download	2026-10-06T15:59:55+00:00	4
9SLM	processed	2.0		GABA-A a4b3d receptor in complex with GABA and Nb24	ELECTRON MICROSCOPY	3.27	2025-09-04	2026-09-02	6eb92e63a90b7f117c9113e121517e22f887750f8e5782d85cb5f45b83b1952e	7e7e8ffd9f0e2a0ddffc39596191353000a9ab6cbee1c93226117cb6494a00b1	https://files.rcsb.org/download/9SLM.cif.gz	https://www.rcsb.org/fasta/entry/9SLM/download	2026-10-06T15:59:55+00:00	2
9SF5	processed	1.0		KP.3 SARS-CoV2 with fab JN-1.6 local refinement	ELECTRON MICROSCOPY	3.70	2025-08-19	2026-09-02	3de295e1905b4ee71b0e6a905fb1a63483f47cd4f6db47bcd20ba6a5c18bfe90	c32bcbe1ba31263e9152db98ed6d42ed3d15c7604e9e3e453fabc603ea5b2cc9	https://files.rcsb.org/download/9SF5.cif.gz	https://www.rcsb.org/fasta/entry/9SF5/download	2026-10-06T15:59:55+00:00	1
9T5P	removed_by_strict_cleaning	1.0		Structure of heteromeric mouse LRRC8A/D Volume-Regulated Anion Channel in complex with synthetic nanobody Sb4	ELECTRON MICROSCOPY	3.97	2025-11-05	2026-09-02	deb7c2e09080d20a94a84e1996b67768bba2471b31fd52de1d8e0b84a421fcf0	d4dc33a65ac4d960766916e0640fb8c53cd112770fcb281ae5907c9141db7251	https://files.rcsb.org/download/9T5P.cif.gz	https://www.rcsb.org/fasta/entry/9T5P/download	2026-10-06T15:59:56+00:00	0
30AF	processed	1.0		Complex between IgE-Fc and anti-IgE Fab aeFab98	X-RAY DIFFRACTION	2.400	2026-04-16	2026-09-02	e56abecece0c890465897e75e042047412010d826e03f330e3f33ddb074b7ad4	fd235f56da8c09142d0582b35b14223dd05c91bfd4df2afea06cf452ebe9abb5	https://files.rcsb.org/download/30AF.cif.gz	https://www.rcsb.org/fasta/entry/30AF/download	2026-10-06T15:59:56+00:00	1
22LL	processed	2.0		Structure of neutralizing antibody G4 with MPXV M1R	ELECTRON MICROSCOPY	3.3	2026-01-15	2026-09-02	02bb59b6af1b1ace9b3baf53cf3a4950937dd75f05b5cb1c7bd2115bd2542d8f	2b95aace5b95eeba8063209069e8c8064f1af7b988d41ec9c02944c4898c6fb6	https://files.rcsb.org/download/22LL.cif.gz	https://www.rcsb.org/fasta/entry/22LL/download	2026-10-06T15:59:56+00:00	2
9MUY	processed	1.0		anti-IL6 designed Fab	X-RAY DIFFRACTION	1.97	2025-01-14	2026-09-09	d2f2b3ec5baa32ee89cd362557c8ff33d7bbd86a944a7ea25709eb58cb3e7bf4	72da15c225a70b063b79bb5376b8f978f189624af26c80ebe2637763c21ec6b8	https://files.rcsb.org/download/9MUY.cif.gz	https://www.rcsb.org/fasta/entry/9MUY/download	2026-10-06T15:59:57+00:00	1
9WLC	processed	2.0		Crystal structure of Mus musculus monoclonal antibody for 1.4 angstrom	X-RAY DIFFRACTION	1.42	2025-09-02	2026-09-09	2d8c8d4a761638f3ed279cb51d71e63a1759216dd45b5798b5db24429fcf4775	07d98e3c92c4231f3f1fe17dfe829a2fe72aadc976a09a9854fb1b20752362f1	https://files.rcsb.org/download/9WLC.cif.gz	https://www.rcsb.org/fasta/entry/9WLC/download	2026-10-06T15:59:56+00:00	2
9NDM	processed	1.0		Fab1525 in complex with the C-terminal alpha-TSR domain of the P. falciparum circumsporozoite protein	X-RAY DIFFRACTION	2.20	2025-02-18	2026-09-09	027f02b511f0197cd67149cb51545503f72f80778820fce74021210d1d46d7e7	9ef550262800bf9ad783974a85b6aff3b54d36278ddc8290ded8b8d44d67b69b	https://files.rcsb.org/download/9NDM.cif.gz	https://www.rcsb.org/fasta/entry/9NDM/download	2026-10-06T15:59:56+00:00	1
9NIY	processed	1.0		Fab1393 in complex with the C-terminal alpha-TSR domain of the P. falciparum circumsporozoite protein	X-RAY DIFFRACTION	1.80	2025-02-26	2026-09-09	f5b24e31df8711ff67dc8b726812d3554e380626989b430404310432ebdc3f3b	5cb7db4f9c2f6093ed645753fd36f480aad56f8fb740764a907f419e395ff009	https://files.rcsb.org/download/9NIY.cif.gz	https://www.rcsb.org/fasta/entry/9NIY/download	2026-10-06T15:59:57+00:00	1
11YB	processed	1.0		Structure of AlphaIIbBeta3-R21C11 Fab in the near-bent conformation	ELECTRON MICROSCOPY	3.4	2026-03-17	2026-09-09	a7cad0b7899733411c329123cdf300707d1ceac42e404ee0d4b46384f3701fff	06ff4260b1645dfb31a734f041e930398bce88b271fe3ae08456ef087b0bcda0	https://files.rcsb.org/download/11YB.cif.gz	https://www.rcsb.org/fasta/entry/11YB/download	2026-10-06T15:59:56+00:00	1
9VWM	processed	3.0		Cryo-EM structure of zika virus complexed with Fab 1C11	ELECTRON MICROSCOPY	3.2	2025-07-17	2026-09-09	2fee88d48609498ef6147c8b0c427e5141dd7342b5ba54dd0574720f9cd7ba99	1bd5627982645705aa6b1948074fe3113112531bf1853809b3cc5ed46cc3ca98	https://files.rcsb.org/download/9VWM.cif.gz	https://www.rcsb.org/fasta/entry/9VWM/download	2026-10-06T15:59:57+00:00	3
9MZC	processed	1.0		anti-IL6 designed Fab	X-RAY DIFFRACTION	1.58	2025-01-22	2026-09-09	39caa61032d8d1c6cf958398e9e0d53b742557c4f8223b3803ca62f09888e1f4	74a5cfd7011188b3dce86d8419667042587aefe88051380913c19ee35463c10c	https://files.rcsb.org/download/9MZC.cif.gz	https://www.rcsb.org/fasta/entry/9MZC/download	2026-10-06T15:59:57+00:00	1
30XO	processed	1.0		CRYSTAL STRUCTURE OF THE SCFV FRAGMENT OF THE NEUTRALIZING HUMAN ANTIBODY MIB22 IN COMPLEX WITH GN HEAD DOMAIN OF ANDES VIRUS	X-RAY DIFFRACTION	3.10	2026-05-16	2026-09-09	4ea51d634b0c8fa0bdffb3ccaf413c9d2e2ea3b04872342379e50b66c22762dd	17bf35781735c3c72cff68de153329d02ec4e70ee22385b99614a414a2f485aa	https://files.rcsb.org/download/30XO.cif.gz	https://www.rcsb.org/fasta/entry/30XO/download	2026-10-06T15:59:57+00:00	1
9MVJ	processed	1.0		anti-EGFR designed Fab	X-RAY DIFFRACTION	1.95	2025-01-15	2026-09-09	d3671e76570eaa30c036bece770f04b5be172e9db9f94a2f78561407b8f5ea85	615b933d04d0ce43419a67c4be62b82b405c8a52e603c6e7c4999f24ef8c40dc	https://files.rcsb.org/download/9MVJ.cif.gz	https://www.rcsb.org/fasta/entry/9MVJ/download	2026-10-06T15:59:57+00:00	1
9MUZ	processed	2.0		anti-IL6 designed Fab	X-RAY DIFFRACTION	1.71	2025-01-14	2026-09-09	07b3da10fd5901ed72b165d8c9f160106a30e23b0e21a29e1293c5a3f8caf9f2	b722450627b196015064a5949fc9bad7a5298d4c573a8cd59b2386577c1275b7	https://files.rcsb.org/download/9MUZ.cif.gz	https://www.rcsb.org/fasta/entry/9MUZ/download	2026-10-06T15:59:58+00:00	2
9MU1	processed	1.0		anti-EGFR Fab seed for design	X-RAY DIFFRACTION	2.43	2025-01-13	2026-09-09	3b1074b95c54cfea1090739edba5e0ff970643e49a31966616ea762c7edd38c2	ed0f0cabb6948ae115ddaaaead63a644482dd75b0686349a0f8359cbb4972746	https://files.rcsb.org/download/9MU1.cif.gz	https://www.rcsb.org/fasta/entry/9MU1/download	2026-10-06T15:59:57+00:00	1
9MSW	processed	3.0		anti-EGFR DyAb designed FAB	X-RAY DIFFRACTION	2.10	2025-01-10	2026-09-09	ba8375167d26e048cce819040622a2e93fa20139cf188668367d2c4ee84d3a13	dbcd33168de549eed42ac0945b67cc21f91dc710e3c5b5d3a2246f252b5a4617	https://files.rcsb.org/download/9MSW.cif.gz	https://www.rcsb.org/fasta/entry/9MSW/download	2026-10-06T15:59:58+00:00	3
9Y1Q	processed	1.0		Alternative NBD1-binding geometry in channel-formed, ATP-bound, VX809-bound, T2a-nanobody-bound wild-type human CFTR (Composite map from PHENIX)	ELECTRON MICROSCOPY	3.86	2025-08-30	2026-09-09	9977149efde4d689bffea47b2a332b6bc7a50ade6dd3874b0fa8f59b7bd734f4	a0ddf5dff37881876bfd716acba2e6171c5c060d807e184a1ff992220052cd39	https://files.rcsb.org/download/9Y1Q.cif.gz	https://www.rcsb.org/fasta/entry/9Y1Q/download	2026-10-06T15:59:58+00:00	1
9SHW	processed	3.0		Prefusion-stabilized Nipah virus fusion protein in complex with inhibitory nanobody F112	ELECTRON MICROSCOPY	2.79	2025-08-28	2026-09-09	c598cda04080698e1fb622659d57f57050fc2d7effbc83b33e0a3a55cb9b65b8	e50950000d7e6993be0be35e8e09bc5db32dd53faa514c12632f1e420378221f	https://files.rcsb.org/download/9SHW.cif.gz	https://www.rcsb.org/fasta/entry/9SHW/download	2026-10-06T15:59:58+00:00	3
9Y3J	processed	2.0		Crystal Structure of Nanobody VHH108 with the L102A Mutation Bound to Its Antigen PA14 Cif	X-RAY DIFFRACTION	1.95	2025-09-02	2026-09-09	fe11eab235fbc778892785539fbaaa74971dbed39d825cb20c1f3fc92e654db2	628cfd9124ceeeadb971062199d2ef218d1cdd53843cf6fe5e64b0966ecba225	https://files.rcsb.org/download/9Y3J.cif.gz	https://www.rcsb.org/fasta/entry/9Y3J/download	2026-10-06T15:59:58+00:00	2
9MZV	processed	2.0		anti-IL6 designed Fab	X-RAY DIFFRACTION	1.90	2025-01-23	2026-09-09	9b894f2481a74fa2c6d42951a0fbaed07467e00b679c2781123c9d122320d8a0	0a5a63c2054d7390eca4d933c2c28c4dd6db4db6fe64b287e5c29ddf25722bdc	https://files.rcsb.org/download/9MZV.cif.gz	https://www.rcsb.org/fasta/entry/9MZV/download	2026-10-06T15:59:58+00:00	2
9SHV	processed	3.0		Prefusion-stabilized Hendra virus fusion protein in complex with inhibitory nanobody F123	ELECTRON MICROSCOPY	2.87	2025-08-28	2026-09-09	0b17f878e98cabd5624a747f306584efa5d3ee71055004011b85d7e19f04311a	e2e51055506d86eb98b7df0213f143fdea71eed65065c3acd5e3dea5206b4559	https://files.rcsb.org/download/9SHV.cif.gz	https://www.rcsb.org/fasta/entry/9SHV/download	2026-10-06T15:59:58+00:00	3
23IT	processed	1.0		Complex of FMDV O/HN/CHA/93 and porcine-derived neutralizing monoclonal antibody pO18-29	ELECTRON MICROSCOPY	2.24	2026-02-07	2026-09-09	854fe1e026d572c9208d59ee7c68c5f4a14d0a87b294886bbf527f1611b09f66	064a3cf80255ac0c5d86518e0f87c3d28b514c4bd57a787b874a67794cd9c9dc	https://files.rcsb.org/download/23IT.cif.gz	https://www.rcsb.org/fasta/entry/23IT/download	2026-10-06T15:59:58+00:00	1
9WN4	processed	3.0		Crystal structure of W27-Fab in complex with an epitope peptide from cofactor-independent phosphoglycerate mutase (iPGM)	X-RAY DIFFRACTION	2.80	2025-09-04	2026-09-09	4055a6f48f52b0e870298c9752fca10cee1e93c2c8174c5c8857c6883c27c12c	c11c8fe3f762a8bd2a3550472693d4f6ec89623811c05aaba2fba64ba0004fa1	https://files.rcsb.org/download/9WN4.cif.gz	https://www.rcsb.org/fasta/entry/9WN4/download	2026-10-06T15:59:59+00:00	3
9XGW	processed	1.0		Cryo-EM structure of SARS-CoV-2 receptor binding domain in complex with CS-42 Fab (local refinement of RBD and Fv)	ELECTRON MICROSCOPY	3.20	2025-10-31	2026-09-09	b7165614cc85a29aad74030648c9852bd830eddfc44d008abfcd743f877ddefd	e0d442621ff7414cee5cdbb479e4493bceae81322a1fa3a1722f1dceb9f63652	https://files.rcsb.org/download/9XGW.cif.gz	https://www.rcsb.org/fasta/entry/9XGW/download	2026-10-06T15:59:58+00:00	1
23IU	processed	1.0		Complex of FMDV O/18074 and porcine-derived neutralizing monoclonal antibody pO18-29	ELECTRON MICROSCOPY	2.34	2026-02-07	2026-09-09	3a9dd8ba43244b1b15c29f1245dfa01adb8d2b06155890f5c00eac79c87b57e1	5ed03bd75b92c94e7a5237aef9eb062505ae9b813c7e03c558057a1de0e69bcb	https://files.rcsb.org/download/23IU.cif.gz	https://www.rcsb.org/fasta/entry/23IU/download	2026-10-06T15:59:59+00:00	1
9WN2	processed	1.0		Crystal structure of W27 Fab	X-RAY DIFFRACTION	1.80	2025-09-04	2026-09-09	b9949c18af5a0452e69698980705c854de6d316b313aff932abc4d47f0cbb1f2	50af98b21e19b0df2e325403891137b895cfd5acf740069665645871a7f35201	https://files.rcsb.org/download/9WN2.cif.gz	https://www.rcsb.org/fasta/entry/9WN2/download	2026-10-06T15:59:59+00:00	1
9WN3	processed	3.0		Crystal structure of W27-Fab in complex with an epitope peptide from serine hydroxymethyltransferase (SHMT)	X-RAY DIFFRACTION	2.35	2025-09-04	2026-09-09	94980b33cd0643790659a5d676975ffe053d1f99e969bf85ccc9c5a325bef8e6	b2414d699a8a63ba4696ac45ca17822d7a03b66f49837feddb56c0bfd4ab55fa	https://files.rcsb.org/download/9WN3.cif.gz	https://www.rcsb.org/fasta/entry/9WN3/download	2026-10-06T15:59:59+00:00	3
12IU	processed	3.0		CryoEM structure of monoclonal Fab 047-09M 2F03 binding the lateral patch of influenza virus H1 HA (A/California/04/2009)	ELECTRON MICROSCOPY	3.06	2026-04-07	2026-09-16	b3e32a232f96c9ed15b87c5c21b75ab5e888b15b9dbd560e09055b1e57c9b877	13b979a32a9d12bcc3e209b8a236301c38579300d350303ba67d7c7c0e00c99a	https://files.rcsb.org/download/12IU.cif.gz	https://www.rcsb.org/fasta/entry/12IU/download	2026-10-06T15:59:59+00:00	3
45ID	processed	1.0		Complex structure of THZ-939 Fab bound to SARS-CoV-2 WT RBD	X-RAY DIFFRACTION	3.54	2026-08-29	2026-09-16	64752b62af986c08c1c0cd00016564d204a5a18aad68d5049e84b816f85f2688	a6239c2b1bc5dcaa658f317d769aa96f8bab540b7cdf3fb2c034cfab117a6be5	https://files.rcsb.org/download/45ID.cif.gz	https://www.rcsb.org/fasta/entry/45ID/download	2026-10-06T15:59:59+00:00	1
9Y7F	processed	1.0		Crystal structure of nanobody R3D8 in complex with human voltage-gated sodium channel Nav1.7 P-loop 1.	X-RAY DIFFRACTION	1.70	2025-09-10	2026-09-16	a1f2768034374b3cd8460838edb93e173d9ac03f8c5d4feefe68a10f7b4dea96	27b44b106df9cb3cde579d42a0804eb8ba0c12ec46f271085fa255c5082f5ac1	https://files.rcsb.org/download/9Y7F.cif.gz	https://www.rcsb.org/fasta/entry/9Y7F/download	2026-10-06T15:59:59+00:00	1
22PD	processed	1.0		Cryo EM structure of SARS-COV-2 (BA.4) RBD in complex with THZ937 Fab (local refine)	ELECTRON MICROSCOPY	2.95	2026-01-19	2026-09-16	cb5563f35b3ec23eb4dbed640e0a5def89346baf5fdaeee3871fce4fb471b416	21a69bf060a95b100ea970b978e8dec08606979fd98847623de5e388e2e60a29	https://files.rcsb.org/download/22PD.cif.gz	https://www.rcsb.org/fasta/entry/22PD/download	2026-10-06T15:59:59+00:00	1
9ZRT	processed	1.0		Shigella flexneri type III secretion system (T3SS) protein IpaD bound to hemolysis blocking antibody fragment D13r-34	ELECTRON MICROSCOPY	3.3	2025-12-20	2026-09-16	21908640b3514cf3bd08ab19e79bcb90fd1f73c3e893f1c78b05b1bdeb040c09	001c8d614bf3ecb002bcafd577be36eee0c679c1fe8597ec33c80367673fcabb	https://files.rcsb.org/download/9ZRT.cif.gz	https://www.rcsb.org/fasta/entry/9ZRT/download	2026-10-06T15:59:59+00:00	1
45IC	processed	2.0		Complex structure of THZ-65 Fab bound to SARS-CoV-1 RBD	X-RAY DIFFRACTION	2.78	2026-08-29	2026-09-16	5bbd22199169e8c93cd132da5dcbc3de1cd11753ed314119509a3c3ec0dfd9bb	e319993933a7b190bda36a7658c6e8b6e880d5ce56a02e9e11dfa798aa05e87f	https://files.rcsb.org/download/45IC.cif.gz	https://www.rcsb.org/fasta/entry/45IC/download	2026-10-06T16:00:00+00:00	2
9U40	processed	1.0		Cryo-EM structure of peptide GPCR-Gq complex	ELECTRON MICROSCOPY	3.04	2025-03-19	2026-09-23	c8953728a4a3cac34c559b7103bcfa2445c672301cdeb944de59752322cd919b	c9238f9fb8071280ab50d7bb3c0332eac5d07df715c6f9eddeb2cae3488dc316	https://files.rcsb.org/download/9U40.cif.gz	https://www.rcsb.org/fasta/entry/9U40/download	2026-10-06T16:00:00+00:00	1
9U43	processed	1.0		Cryo-EM structure of D-peptide-GPCR-Gq complex	ELECTRON MICROSCOPY	3.02	2025-03-19	2026-09-23	c709a430fa5238d2b5edeb3cae06fb445cf182003a7ae7f89a2545c23f09fc86	5845f58e3de230344021027dfff5474b544dc859b76d607b2b71b11edcca8390	https://files.rcsb.org/download/9U43.cif.gz	https://www.rcsb.org/fasta/entry/9U43/download	2026-10-06T16:00:00+00:00	1
28IY	processed	1.0		Crystal structure of the TPR domain of KLC1 in complex with the C-terminal peptide of JIP1 at 2.13 Angstrom resolution	X-RAY DIFFRACTION	2.129	2026-02-02	2026-09-23	fee1285d275ae0c015e465d5d656a0a8d4ad88f7728f9939d96212491f4cd780	2c997947dfa8003baa1dc37d0fce2b166db1ec6046779e62824dbfc5cff656a2	https://files.rcsb.org/download/28IY.cif.gz	https://www.rcsb.org/fasta/entry/28IY/download	2026-10-06T16:00:00+00:00	1
10IE	processed	1.0		HSV-2 gHecto/gL/CHL2-Fab complex	ELECTRON MICROSCOPY	2.92	2026-01-21	2026-09-30	637293660fb34b87975aea8f5eb27dc1692bb05d4d592e8848bf8bae0a4cc1ec	64c05d3472947b7f35064949a4435fc68d19a7826b8b26b54d50e7d513b8db39	https://files.rcsb.org/download/10IE.cif.gz	https://www.rcsb.org/fasta/entry/10IE/download	2026-10-06T16:00:01+00:00	1
10IG	processed	1.0		HSV-2 gHecto/gL/CHL27-Fab Complex	ELECTRON MICROSCOPY	4.33	2026-01-21	2026-09-30	4e7795ee3e139dc37897ec91636b4163075b43ea71048fa0b4bf9a651bfad7e3	202a5936650fd5773b9dc9fe021f6dd47d920a2e77b31ae41b00271bf2010762	https://files.rcsb.org/download/10IG.cif.gz	https://www.rcsb.org/fasta/entry/10IG/download	2026-10-06T16:00:00+00:00	1
10IF	processed	1.0		HSV-2 gHecto/gL/CHL37-Fab complex	ELECTRON MICROSCOPY	3.89	2026-01-21	2026-09-30	c3924c64da22964f96a5cb515fa3204f54092573b47a94910eadd8e578be948d	870984df831379663511ef7aa5fa019c4592a0d0521d92ecbe4fccdcc73340a9	https://files.rcsb.org/download/10IF.cif.gz	https://www.rcsb.org/fasta/entry/10IF/download	2026-10-06T16:00:00+00:00	1
10IH	processed	1.0		HSV-2 gHecto/gL/53S-Fab complex	ELECTRON MICROSCOPY	3.26	2026-01-21	2026-09-30	2c018737e6efb6ca98bb03d1616c016afe0c4bfd866d1342cba48ebd84711a16	bebdee0b7b79454afa530cd0ea20ee3292bd6d1aa2fc4ecd2311cd7f74c1f6e1	https://files.rcsb.org/download/10IH.cif.gz	https://www.rcsb.org/fasta/entry/10IH/download	2026-10-06T16:00:00+00:00	1
9T2B	processed	1.0		Human Single Domain TCR-like Antibody 5F17 in complex with NY-ESO-1(C165V):HLA-A0201	X-RAY DIFFRACTION	2.34	2025-10-22	2026-09-30	fb586272c3ea21ccf10d6059b53fc1cd05863d4e4d92ac420428cf031f31678a	5c9e422eee5ec4b4220824450a2198120910216a4cf9499ddfbfe6efded8da84	https://files.rcsb.org/download/9T2B.cif.gz	https://www.rcsb.org/fasta/entry/9T2B/download	2026-10-06T16:00:01+00:00	1
12UT	processed	60.0		The AAV2 capsid in complex with IgA-Fab#3-2	ELECTRON MICROSCOPY	2.48	2026-04-20	2026-09-30	ed115fc2fde1aca1e758c91df8a92b889c4d35982158baba6b656def255d94cc	a38abfa13077cc8a3c079072586f570999b731eaae76adbeac8ac938d4070847	https://files.rcsb.org/download/12UT.cif.gz	https://www.rcsb.org/fasta/entry/12UT/download	2026-10-06T16:00:01+00:00	60
9T2A	processed	1.0		Human Single Domain TCR-like Antibody 6K23 in complex with NY-ESO-1(C165V):HLA-A0201	X-RAY DIFFRACTION	2.04	2025-10-22	2026-09-30	432a529b01a2e980b93050db405b2173113dc798036ff002890a6ec22dd0c912	9aca46378dcf0758dbdd55358b4ad252ea76a71d8f35e4c58a58e7a304c2cae1	https://files.rcsb.org/download/9T2A.cif.gz	https://www.rcsb.org/fasta/entry/9T2A/download	2026-10-06T16:00:01+00:00	1
9T2C	processed	2.0		Human Single Domain TCR-like Antibody A10 in complex with NY-ESO-1(C165V):HLA-A0201	X-RAY DIFFRACTION	2.89	2025-10-22	2026-09-30	cf841eca1e2c91cd7c0aae0b8832e89e3cda39c2ca459fb740d3da9dd6f7e680	2b4e76b3e0e16a6cd81b4ea6603b75c9fa1db79b1e4558f6a223ac2655de15ea	https://files.rcsb.org/download/9T2C.cif.gz	https://www.rcsb.org/fasta/entry/9T2C/download	2026-10-06T16:00:02+00:00	2
9XN2	processed	1.0		Glucagon-like peptide 1 receptor-Gs complex activated by the small molecule agonist SIM1	ELECTRON MICROSCOPY	2.61	2025-11-12	2026-09-30	6992b4f0d3f4fceb2f13aed49fb438df3ca50398ba7eea99306a6256239f7248	a9989e9fda3e35afa8933963df3fe32b0a33d638d234a2e7760aa6ac67e68cd7	https://files.rcsb.org/download/9XN2.cif.gz	https://www.rcsb.org/fasta/entry/9XN2/download	2026-10-06T16:00:01+00:00	1
13DS	processed	1.0		Structure of FabS1CE2_P3a in complex with the N-terminal domain of PD-L1	X-RAY DIFFRACTION	1.93	2026-05-01	2026-09-30	d30b939032f510bc1f9769f85d6db0d1c8ac311c80b6e93c705eb3c07896b8ee	38813f3809982631c0be808890b44c7afe401e8f8fb1a8378adcf2253af5bd3a	https://files.rcsb.org/download/13DS.cif.gz	https://www.rcsb.org/fasta/entry/13DS/download	2026-10-06T16:00:01+00:00	1
13DT	processed	1.0		Structure of FabS1CE2_P4a in complex with the N-terminal domain of PD-L1	X-RAY DIFFRACTION	1.64	2026-05-01	2026-09-30	d9de240d5fc0e02cde6a002fbc11479c9edb5ee013ce007c27f5361b81b1a163	e8afb192b3817bf1153650110418f840bce49d4f13b9c927e442ff713c6acfa1	https://files.rcsb.org/download/13DT.cif.gz	https://www.rcsb.org/fasta/entry/13DT/download	2026-10-06T16:00:01+00:00	1
13HA	processed	1.0		The structure of Fab_C1 in complex with CD30	X-RAY DIFFRACTION	2.00	2026-05-05	2026-09-30	bfdf947604c6cb57becb67f5892a825b8a346621a81250fc5d3a28257bb69cd5	5fab9a2495fa92b8c6f3f46aec030a5c64aa1dcaab848fd057d92d98917e28d2	https://files.rcsb.org/download/13HA.cif.gz	https://www.rcsb.org/fasta/entry/13HA/download	2026-10-06T16:00:02+00:00	1
9QE8	processed	6.0		SMAD4 MH2 domain (residues 314-552) bound by Nanobody A7 (NbA7)	X-RAY DIFFRACTION	3.04	2025-03-07	2026-09-30	7af6d5a208ad7c4440b05dd9f1fb35f7531c9bd0f49bc346d950bb42e032fbd9	cf32f20df70f67b2fdf5d87ea8617c26f1ace20e07683b1db673708cb1995541	https://files.rcsb.org/download/9QE8.cif.gz	https://www.rcsb.org/fasta/entry/9QE8/download	2026-10-06T16:00:02+00:00	6
9QE6	processed	2.0		SMAD4 MH2 domain (residues 314-552) bound by Nanobody A1 (NbA1)	X-RAY DIFFRACTION	2.10	2025-03-07	2026-09-30	62a7a771e005d2fab5ec70f7d74f102df4b487757cca87277d28ce75b46bd305	141df5199749ea4f8a15e3fc2c4d66945b4f2cbe2d3b5b457450e211e92e47ca	https://files.rcsb.org/download/9QE6.cif.gz	https://www.rcsb.org/fasta/entry/9QE6/download	2026-10-06T16:00:02+00:00	2
9XN3	processed	1.0		Glucose-dependent insulinotropic polypeptide receptor-Gs complex activated by the small molecule agonist SIM1	ELECTRON MICROSCOPY	2.74	2025-11-12	2026-09-30	425b1bb8d69f1951d86d512d6f972a1ae341b1243e8eb113993c6c46e72ba4e2	0ab65228641196e42b9a16828babe85e8d409ba2986ee737f63da9e6d0649043	https://files.rcsb.org/download/9XN3.cif.gz	https://www.rcsb.org/fasta/entry/9XN3/download	2026-10-06T16:00:02+00:00	1
21BO	processed	3.0		CryoEM structure of H5N1 A/Texas/37/2024 HA bound to 3CF5 Fab	ELECTRON MICROSCOPY	3.28	2025-12-06	2026-09-30	37802194c96f11a9829173d3fbaae40bf438deb2b86035b0efee2e9e42b7c2ae	013dbecab2f2f470cb3cbcc594d63da3a73ff59fdf921ac950b054aa1b0f044c	https://files.rcsb.org/download/21BO.cif.gz	https://www.rcsb.org/fasta/entry/21BO/download	2026-10-06T16:00:02+00:00	3
9U06	processed	1.0		6B5 (Fab) - Polio 3 (VLP) complex	ELECTRON MICROSCOPY	1.80	2026-01-26	2026-09-30	4e060722cee3b6e694740a532ae962690d3ffb64d8bc19f074e66c265441d20a	2046061acd5b5be7f1292dca34787219e4ab704e79ae0985494ae911099e5dfb	https://files.rcsb.org/download/9U06.cif.gz	https://www.rcsb.org/fasta/entry/9U06/download	2026-10-06T16:00:02+00:00	1
9U05	processed	1.0		1B8 (Fab) - Polio 2 (VLP) complex	ELECTRON MICROSCOPY	1.60	2026-01-26	2026-09-30	7456a958e64d7281173a9ff0f37839706f6bddca05c5d422d9b5e1c4c56e2306	e6c487fc19a4e50750a5ff0c6eb00d6ad512eed87068761354ed1c0cc3b4d66d	https://files.rcsb.org/download/9U05.cif.gz	https://www.rcsb.org/fasta/entry/9U05/download	2026-10-06T16:00:02+00:00	1
9U04	processed	1.0		LX-2D6 (Fab) - Polio 1 (VLP) complex	ELECTRON MICROSCOPY	1.70	2026-01-26	2026-09-30	a234c8a0701b462e24dd69dc4acf56ff2b9b14a5cfae8300c9e4886bc94d4ad0	7e993d17121143eda9618e3d627f89719515fccbe1ad08083314ced3cdaf6a2e	https://files.rcsb.org/download/9U04.cif.gz	https://www.rcsb.org/fasta/entry/9U04/download	2026-10-06T16:00:02+00:00	1
9ZMQ	processed	1.0		X-ray crystallographic structure of CCHFV nucleocapsid-protein Afg09-2990 bound with 9D5-Fab.	X-RAY DIFFRACTION	2.79	2025-12-11	2026-09-30	faadd48c69911129fe7cf3e940d0c145191b4c27822647305eadb6ce1af57382	db8cd338854dade960382bbcdd8f851d4fa3a4c5ee010bdfed9a29d573bade67	https://files.rcsb.org/download/9ZMQ.cif.gz	https://www.rcsb.org/fasta/entry/9ZMQ/download	2026-10-06T16:00:03+00:00	1
9XN4	processed	1.0		Glucagon receptor-Gs complex activated by the small molecule agonist SIM1	ELECTRON MICROSCOPY	2.53	2025-11-12	2026-09-30	783fea6e0505c264bf2177880809769a8d846c3aafbe66fc705662d599eff119	b69cf0bb9ae178599247d89b1053eb235fe5fc1c530ee64ff8eb8a9bca19b73f	https://files.rcsb.org/download/9XN4.cif.gz	https://www.rcsb.org/fasta/entry/9XN4/download	2026-10-06T16:00:03+00:00	1
